train_id,train_name,train_type,section_id,date,scheduled_entry_time,scheduled_exit_time,actual_entry_time,actual_exit_time,delay_min,priority
TRN-12001,Synthetic Corridor Express 01,EXPRESS,SEC-NDLS-RE,2025-01-01,04:30:00,05:22:00,04:41:00,05:34:00,12,HIGH
TRN-12001,Synthetic Corridor Express 01,EXPRESS,SEC-RE-AWR,2025-01-01,05:28:00,06:18:00,05:40:00,06:32:00,14,HIGH
TRN-12001,Synthetic Corridor Express 01,EXPRESS,SEC-AWR-BKI,2025-01-01,06:24:00,07:09:00,06:40:00,07:25:00,16,HIGH
TRN-12001,Synthetic Corridor Express 01,EXPRESS,SEC-BKI-JP,2025-01-01,07:15:00,08:10:00,07:31:00,08:30:00,20,HIGH
TRN-12002,Synthetic Corridor Express 02,EXPRESS,SEC-NDLS-RE,2025-01-01,04:57:00,05:49:00,05:05:00,06:00:00,11,HIGH
TRN-12002,Synthetic Corridor Express 02,EXPRESS,SEC-RE-AWR,2025-01-01,05:55:00,06:45:00,06:07:00,07:01:00,16,HIGH
TRN-12002,Synthetic Corridor Express 02,EXPRESS,SEC-AWR-BKI,2025-01-01,06:51:00,07:36:00,07:08:00,07:56:00,20,HIGH
TRN-12002,Synthetic Corridor Express 02,EXPRESS,SEC-BKI-JP,2025-01-01,07:42:00,08:37:00,08:02:00,09:02:00,25,HIGH
TRN-12003,Synthetic Corridor Express 03,EXPRESS,SEC-NDLS-RE,2025-01-01,05:24:00,06:16:00,05:34:00,06:27:00,11,HIGH
TRN-12003,Synthetic Corridor Express 03,EXPRESS,SEC-RE-AWR,2025-01-01,06:22:00,07:12:00,06:34:00,07:27:00,15,HIGH
TRN-12003,Synthetic Corridor Express 03,EXPRESS,SEC-AWR-BKI,2025-01-01,07:18:00,08:03:00,07:33:00,08:20:00,17,HIGH
TRN-12003,Synthetic Corridor Express 03,EXPRESS,SEC-BKI-JP,2025-01-01,08:09:00,09:04:00,08:27:00,09:25:00,21,HIGH
TRN-12005,Synthetic Corridor Express 05,EXPRESS,SEC-NDLS-RE,2025-01-01,06:18:00,07:10:00,06:33:00,07:27:00,17,HIGH
TRN-12005,Synthetic Corridor Express 05,EXPRESS,SEC-RE-AWR,2025-01-01,07:16:00,08:06:00,07:33:00,08:24:00,18,HIGH
TRN-12005,Synthetic Corridor Express 05,EXPRESS,SEC-AWR-BKI,2025-01-01,08:12:00,08:57:00,08:31:00,09:17:00,20,HIGH
TRN-12005,Synthetic Corridor Express 05,EXPRESS,SEC-BKI-JP,2025-01-01,09:03:00,09:58:00,09:24:00,10:22:00,24,HIGH
TRN-12006,Synthetic Corridor Express 06,EXPRESS,SEC-NDLS-RE,2025-01-01,06:45:00,07:37:00,06:56:00,07:50:00,13,HIGH
TRN-12006,Synthetic Corridor Express 06,EXPRESS,SEC-RE-AWR,2025-01-01,07:43:00,08:33:00,07:56:00,08:51:00,18,HIGH
TRN-12006,Synthetic Corridor Express 06,EXPRESS,SEC-AWR-BKI,2025-01-01,08:39:00,09:24:00,08:58:00,09:44:00,20,HIGH
TRN-12006,Synthetic Corridor Express 06,EXPRESS,SEC-BKI-JP,2025-01-01,09:30:00,10:25:00,09:51:00,10:47:00,22,HIGH
TRN-12007,Synthetic Corridor Express 07,EXPRESS,SEC-NDLS-RE,2025-01-01,07:12:00,08:04:00,07:27:00,08:20:00,16,HIGH
TRN-12007,Synthetic Corridor Express 07,EXPRESS,SEC-RE-AWR,2025-01-01,08:10:00,09:00:00,08:28:00,09:19:00,19,HIGH
TRN-12007,Synthetic Corridor Express 07,EXPRESS,SEC-AWR-BKI,2025-01-01,09:06:00,09:51:00,09:29:00,10:14:00,23,HIGH
TRN-12007,Synthetic Corridor Express 07,EXPRESS,SEC-BKI-JP,2025-01-01,09:57:00,10:52:00,10:22:00,11:23:00,31,HIGH
TRN-12009,Synthetic Corridor Express 09,EXPRESS,SEC-NDLS-RE,2025-01-01,08:06:00,08:58:00,08:20:00,09:14:00,16,HIGH
TRN-12009,Synthetic Corridor Express 09,EXPRESS,SEC-RE-AWR,2025-01-01,09:04:00,09:54:00,09:23:00,10:14:00,20,HIGH
TRN-12009,Synthetic Corridor Express 09,EXPRESS,SEC-AWR-BKI,2025-01-01,10:00:00,10:45:00,10:20:00,11:09:00,24,HIGH
TRN-12009,Synthetic Corridor Express 09,EXPRESS,SEC-BKI-JP,2025-01-01,10:51:00,11:46:00,11:17:00,12:21:00,35,HIGH
TRN-12010,Synthetic Corridor Express 10,EXPRESS,SEC-NDLS-RE,2025-01-01,08:33:00,09:25:00,08:46:00,09:44:00,19,HIGH
TRN-12010,Synthetic Corridor Express 10,EXPRESS,SEC-RE-AWR,2025-01-01,09:31:00,10:21:00,09:51:00,10:41:00,20,HIGH
TRN-12010,Synthetic Corridor Express 10,EXPRESS,SEC-AWR-BKI,2025-01-01,10:27:00,11:12:00,10:50:00,11:38:00,26,HIGH
TRN-12010,Synthetic Corridor Express 10,EXPRESS,SEC-BKI-JP,2025-01-01,11:18:00,12:13:00,11:48:00,12:44:00,31,HIGH
TRN-12011,Synthetic Corridor Passenger 11,PASSENGER,SEC-NDLS-RE,2025-01-01,09:00:00,10:02:00,09:06:00,10:13:00,11,MEDIUM
TRN-12011,Synthetic Corridor Passenger 11,PASSENGER,SEC-RE-AWR,2025-01-01,10:11:00,11:10:00,10:23:00,11:23:00,13,MEDIUM
TRN-12011,Synthetic Corridor Passenger 11,PASSENGER,SEC-AWR-BKI,2025-01-01,11:19:00,12:12:00,11:34:00,12:30:00,18,MEDIUM
TRN-12011,Synthetic Corridor Passenger 11,PASSENGER,SEC-BKI-JP,2025-01-01,12:21:00,13:27:00,12:42:00,13:51:00,24,MEDIUM
TRN-12012,Synthetic Corridor Passenger 12,PASSENGER,SEC-NDLS-RE,2025-01-01,09:27:00,10:29:00,09:34:00,10:40:00,11,MEDIUM
TRN-12012,Synthetic Corridor Passenger 12,PASSENGER,SEC-RE-AWR,2025-01-01,10:38:00,11:37:00,10:50:00,11:55:00,18,MEDIUM
TRN-12012,Synthetic Corridor Passenger 12,PASSENGER,SEC-AWR-BKI,2025-01-01,11:46:00,12:39:00,12:04:00,12:58:00,19,MEDIUM
TRN-12012,Synthetic Corridor Passenger 12,PASSENGER,SEC-BKI-JP,2025-01-01,12:48:00,13:54:00,13:08:00,14:17:00,23,MEDIUM
TRN-12013,Synthetic Corridor Passenger 13,PASSENGER,SEC-NDLS-RE,2025-01-01,09:54:00,10:56:00,10:05:00,11:11:00,15,MEDIUM
TRN-12013,Synthetic Corridor Passenger 13,PASSENGER,SEC-RE-AWR,2025-01-01,11:05:00,12:04:00,11:23:00,12:24:00,20,MEDIUM
TRN-12013,Synthetic Corridor Passenger 13,PASSENGER,SEC-AWR-BKI,2025-01-01,12:13:00,13:06:00,12:35:00,13:36:00,30,MEDIUM
TRN-12013,Synthetic Corridor Passenger 13,PASSENGER,SEC-BKI-JP,2025-01-01,13:15:00,14:21:00,13:45:00,14:52:00,31,MEDIUM
TRN-12014,Synthetic Corridor Passenger 14,PASSENGER,SEC-NDLS-RE,2025-01-01,10:21:00,11:23:00,10:28:00,11:31:00,8,MEDIUM
TRN-12014,Synthetic Corridor Passenger 14,PASSENGER,SEC-RE-AWR,2025-01-01,11:32:00,12:31:00,11:41:00,12:41:00,10,MEDIUM
TRN-12014,Synthetic Corridor Passenger 14,PASSENGER,SEC-AWR-BKI,2025-01-01,12:40:00,13:33:00,12:50:00,13:44:00,11,MEDIUM
TRN-12014,Synthetic Corridor Passenger 14,PASSENGER,SEC-BKI-JP,2025-01-01,13:42:00,14:48:00,13:54:00,15:02:00,14,MEDIUM
TRN-12015,Synthetic Corridor Passenger 15,PASSENGER,SEC-NDLS-RE,2025-01-01,10:48:00,11:50:00,10:51:00,11:56:00,6,MEDIUM
TRN-12015,Synthetic Corridor Passenger 15,PASSENGER,SEC-RE-AWR,2025-01-01,11:59:00,12:58:00,12:07:00,13:08:00,10,MEDIUM
TRN-12015,Synthetic Corridor Passenger 15,PASSENGER,SEC-AWR-BKI,2025-01-01,13:07:00,14:00:00,13:18:00,14:13:00,13,MEDIUM
TRN-12015,Synthetic Corridor Passenger 15,PASSENGER,SEC-BKI-JP,2025-01-01,14:09:00,15:15:00,14:24:00,15:30:00,15,MEDIUM
TRN-12016,Synthetic Corridor Passenger 16,PASSENGER,SEC-NDLS-RE,2025-01-01,11:15:00,12:17:00,11:19:00,12:23:00,6,MEDIUM
TRN-12016,Synthetic Corridor Passenger 16,PASSENGER,SEC-RE-AWR,2025-01-01,12:26:00,13:25:00,12:35:00,13:38:00,13,MEDIUM
TRN-12016,Synthetic Corridor Passenger 16,PASSENGER,SEC-AWR-BKI,2025-01-01,13:34:00,14:27:00,13:47:00,14:46:00,19,MEDIUM
TRN-12016,Synthetic Corridor Passenger 16,PASSENGER,SEC-BKI-JP,2025-01-01,14:36:00,15:42:00,14:57:00,16:05:00,23,MEDIUM
TRN-12017,Synthetic Corridor Passenger 17,PASSENGER,SEC-NDLS-RE,2025-01-01,11:42:00,12:44:00,11:45:00,12:53:00,9,MEDIUM
TRN-12017,Synthetic Corridor Passenger 17,PASSENGER,SEC-RE-AWR,2025-01-01,12:53:00,13:52:00,13:02:00,14:05:00,13,MEDIUM
TRN-12017,Synthetic Corridor Passenger 17,PASSENGER,SEC-AWR-BKI,2025-01-01,14:01:00,14:54:00,14:14:00,15:11:00,17,MEDIUM
TRN-12017,Synthetic Corridor Passenger 17,PASSENGER,SEC-BKI-JP,2025-01-01,15:03:00,16:09:00,15:22:00,16:28:00,19,MEDIUM
TRN-12018,Synthetic Corridor Passenger 18,PASSENGER,SEC-NDLS-RE,2025-01-01,12:09:00,13:11:00,12:17:00,13:24:00,13,MEDIUM
TRN-12018,Synthetic Corridor Passenger 18,PASSENGER,SEC-RE-AWR,2025-01-01,13:20:00,14:19:00,13:36:00,14:35:00,16,MEDIUM
TRN-12018,Synthetic Corridor Passenger 18,PASSENGER,SEC-AWR-BKI,2025-01-01,14:28:00,15:21:00,14:46:00,15:41:00,20,MEDIUM
TRN-12018,Synthetic Corridor Passenger 18,PASSENGER,SEC-BKI-JP,2025-01-01,15:30:00,16:36:00,15:51:00,16:59:00,23,MEDIUM
TRN-12019,Synthetic Corridor Freight 19,FREIGHT,SEC-NDLS-RE,2025-01-01,12:36:00,13:58:00,12:43:00,14:12:00,14,LOW
TRN-12019,Synthetic Corridor Freight 19,FREIGHT,SEC-RE-AWR,2025-01-01,14:10:00,15:28:00,14:24:00,15:46:00,18,LOW
TRN-12019,Synthetic Corridor Freight 19,FREIGHT,SEC-AWR-BKI,2025-01-01,15:40:00,16:51:00,15:59:00,17:15:00,24,LOW
TRN-12019,Synthetic Corridor Freight 19,FREIGHT,SEC-BKI-JP,2025-01-01,17:03:00,18:31:00,17:29:00,19:01:00,30,LOW
TRN-12021,Synthetic Corridor Freight 21,FREIGHT,SEC-NDLS-RE,2025-01-01,13:30:00,14:52:00,13:39:00,15:03:00,11,LOW
TRN-12021,Synthetic Corridor Freight 21,FREIGHT,SEC-RE-AWR,2025-01-01,15:04:00,16:22:00,15:16:00,16:37:00,15,LOW
TRN-12021,Synthetic Corridor Freight 21,FREIGHT,SEC-AWR-BKI,2025-01-01,16:34:00,17:45:00,16:49:00,18:02:00,17,LOW
TRN-12021,Synthetic Corridor Freight 21,FREIGHT,SEC-BKI-JP,2025-01-01,17:57:00,19:25:00,18:15:00,19:47:00,22,LOW
TRN-12022,Synthetic Corridor Freight 22,FREIGHT,SEC-NDLS-RE,2025-01-01,13:57:00,15:19:00,14:04:00,15:32:00,13,LOW
TRN-12022,Synthetic Corridor Freight 22,FREIGHT,SEC-RE-AWR,2025-01-01,15:31:00,16:49:00,15:44:00,17:04:00,15,LOW
TRN-12022,Synthetic Corridor Freight 22,FREIGHT,SEC-AWR-BKI,2025-01-01,17:01:00,18:12:00,17:19:00,18:31:00,19,LOW
TRN-12022,Synthetic Corridor Freight 22,FREIGHT,SEC-BKI-JP,2025-01-01,18:24:00,19:52:00,18:46:00,20:18:00,26,LOW
TRN-12023,Synthetic Corridor Freight 23,FREIGHT,SEC-NDLS-RE,2025-01-01,14:24:00,15:46:00,14:40:00,16:04:00,18,LOW
TRN-12023,Synthetic Corridor Freight 23,FREIGHT,SEC-RE-AWR,2025-01-01,15:58:00,17:16:00,16:17:00,17:37:00,21,LOW
TRN-12023,Synthetic Corridor Freight 23,FREIGHT,SEC-AWR-BKI,2025-01-01,17:28:00,18:39:00,17:52:00,19:05:00,26,LOW
TRN-12023,Synthetic Corridor Freight 23,FREIGHT,SEC-BKI-JP,2025-01-01,18:51:00,20:19:00,19:17:00,20:51:00,32,LOW
TRN-12001,Synthetic Corridor Express 01,EXPRESS,SEC-NDLS-RE,2025-01-02,04:30:00,05:22:00,04:31:00,05:23:00,1,HIGH
TRN-12001,Synthetic Corridor Express 01,EXPRESS,SEC-RE-AWR,2025-01-02,05:28:00,06:18:00,05:30:00,06:21:00,3,HIGH
TRN-12001,Synthetic Corridor Express 01,EXPRESS,SEC-AWR-BKI,2025-01-02,06:24:00,07:09:00,06:27:00,07:12:00,3,HIGH
TRN-12001,Synthetic Corridor Express 01,EXPRESS,SEC-BKI-JP,2025-01-02,07:15:00,08:10:00,07:18:00,08:13:00,3,HIGH
TRN-12002,Synthetic Corridor Express 02,EXPRESS,SEC-NDLS-RE,2025-01-02,04:57:00,05:49:00,04:57:00,05:50:00,1,HIGH
TRN-12002,Synthetic Corridor Express 02,EXPRESS,SEC-RE-AWR,2025-01-02,05:55:00,06:45:00,05:56:00,06:46:00,1,HIGH
TRN-12002,Synthetic Corridor Express 02,EXPRESS,SEC-AWR-BKI,2025-01-02,06:51:00,07:36:00,06:52:00,07:37:00,1,HIGH
TRN-12002,Synthetic Corridor Express 02,EXPRESS,SEC-BKI-JP,2025-01-02,07:42:00,08:37:00,07:43:00,08:40:00,3,HIGH
TRN-12004,Synthetic Corridor Express 04,EXPRESS,SEC-NDLS-RE,2025-01-02,05:51:00,06:43:00,05:52:00,06:45:00,2,HIGH
TRN-12004,Synthetic Corridor Express 04,EXPRESS,SEC-RE-AWR,2025-01-02,06:49:00,07:39:00,06:51:00,07:41:00,2,HIGH
TRN-12004,Synthetic Corridor Express 04,EXPRESS,SEC-AWR-BKI,2025-01-02,07:45:00,08:30:00,07:47:00,08:32:00,2,HIGH
TRN-12004,Synthetic Corridor Express 04,EXPRESS,SEC-BKI-JP,2025-01-02,08:36:00,09:31:00,08:38:00,09:34:00,3,HIGH
TRN-12005,Synthetic Corridor Express 05,EXPRESS,SEC-NDLS-RE,2025-01-02,06:18:00,07:10:00,06:21:00,07:14:00,4,HIGH
TRN-12005,Synthetic Corridor Express 05,EXPRESS,SEC-RE-AWR,2025-01-02,07:16:00,08:06:00,07:20:00,08:10:00,4,HIGH
TRN-12005,Synthetic Corridor Express 05,EXPRESS,SEC-AWR-BKI,2025-01-02,08:12:00,08:57:00,08:16:00,09:01:00,4,HIGH
TRN-12005,Synthetic Corridor Express 05,EXPRESS,SEC-BKI-JP,2025-01-02,09:03:00,09:58:00,09:07:00,10:02:00,4,HIGH
TRN-12006,Synthetic Corridor Express 06,EXPRESS,SEC-NDLS-RE,2025-01-02,06:45:00,07:37:00,06:48:00,07:40:00,3,HIGH
TRN-12006,Synthetic Corridor Express 06,EXPRESS,SEC-RE-AWR,2025-01-02,07:43:00,08:33:00,07:46:00,08:36:00,3,HIGH
TRN-12006,Synthetic Corridor Express 06,EXPRESS,SEC-AWR-BKI,2025-01-02,08:39:00,09:24:00,08:43:00,09:28:00,4,HIGH
TRN-12006,Synthetic Corridor Express 06,EXPRESS,SEC-BKI-JP,2025-01-02,09:30:00,10:25:00,09:34:00,10:30:00,5,HIGH
TRN-12008,Synthetic Corridor Express 08,EXPRESS,SEC-NDLS-RE,2025-01-02,07:39:00,08:31:00,07:47:00,08:40:00,9,HIGH
TRN-12008,Synthetic Corridor Express 08,EXPRESS,SEC-RE-AWR,2025-01-02,08:37:00,09:27:00,08:46:00,09:37:00,10,HIGH
TRN-12008,Synthetic Corridor Express 08,EXPRESS,SEC-AWR-BKI,2025-01-02,09:33:00,10:18:00,09:44:00,10:29:00,11,HIGH
TRN-12008,Synthetic Corridor Express 08,EXPRESS,SEC-BKI-JP,2025-01-02,10:24:00,11:19:00,10:35:00,11:30:00,11,HIGH
TRN-12009,Synthetic Corridor Express 09,EXPRESS,SEC-NDLS-RE,2025-01-02,08:06:00,08:58:00,08:08:00,09:00:00,2,HIGH
TRN-12009,Synthetic Corridor Express 09,EXPRESS,SEC-RE-AWR,2025-01-02,09:04:00,09:54:00,09:07:00,09:57:00,3,HIGH
TRN-12009,Synthetic Corridor Express 09,EXPRESS,SEC-AWR-BKI,2025-01-02,10:00:00,10:45:00,10:03:00,10:48:00,3,HIGH
TRN-12009,Synthetic Corridor Express 09,EXPRESS,SEC-BKI-JP,2025-01-02,10:51:00,11:46:00,10:56:00,11:51:00,5,HIGH
TRN-12010,Synthetic Corridor Express 10,EXPRESS,SEC-NDLS-RE,2025-01-02,08:33:00,09:25:00,08:35:00,09:27:00,2,HIGH
TRN-12010,Synthetic Corridor Express 10,EXPRESS,SEC-RE-AWR,2025-01-02,09:31:00,10:21:00,09:34:00,10:24:00,3,HIGH
TRN-12010,Synthetic Corridor Express 10,EXPRESS,SEC-AWR-BKI,2025-01-02,10:27:00,11:12:00,10:30:00,11:16:00,4,HIGH
TRN-12010,Synthetic Corridor Express 10,EXPRESS,SEC-BKI-JP,2025-01-02,11:18:00,12:13:00,11:22:00,12:17:00,4,HIGH
TRN-12011,Synthetic Corridor Passenger 11,PASSENGER,SEC-NDLS-RE,2025-01-02,09:00:00,10:02:00,09:05:00,10:07:00,5,MEDIUM
TRN-12011,Synthetic Corridor Passenger 11,PASSENGER,SEC-RE-AWR,2025-01-02,10:11:00,11:10:00,10:17:00,11:16:00,6,MEDIUM
TRN-12011,Synthetic Corridor Passenger 11,PASSENGER,SEC-AWR-BKI,2025-01-02,11:19:00,12:12:00,11:27:00,12:20:00,8,MEDIUM
TRN-12011,Synthetic Corridor Passenger 11,PASSENGER,SEC-BKI-JP,2025-01-02,12:21:00,13:27:00,12:29:00,13:36:00,9,MEDIUM
TRN-12012,Synthetic Corridor Passenger 12,PASSENGER,SEC-NDLS-RE,2025-01-02,09:27:00,10:29:00,09:37:00,10:40:00,11,MEDIUM
TRN-12012,Synthetic Corridor Passenger 12,PASSENGER,SEC-RE-AWR,2025-01-02,10:38:00,11:37:00,10:49:00,11:49:00,12,MEDIUM
TRN-12012,Synthetic Corridor Passenger 12,PASSENGER,SEC-AWR-BKI,2025-01-02,11:46:00,12:39:00,11:58:00,12:53:00,14,MEDIUM
TRN-12012,Synthetic Corridor Passenger 12,PASSENGER,SEC-BKI-JP,2025-01-02,12:48:00,13:54:00,13:02:00,14:08:00,14,MEDIUM
TRN-12013,Synthetic Corridor Passenger 13,PASSENGER,SEC-NDLS-RE,2025-01-02,09:54:00,10:56:00,09:58:00,11:00:00,4,MEDIUM
TRN-12013,Synthetic Corridor Passenger 13,PASSENGER,SEC-RE-AWR,2025-01-02,11:05:00,12:04:00,11:10:00,12:09:00,5,MEDIUM
TRN-12013,Synthetic Corridor Passenger 13,PASSENGER,SEC-AWR-BKI,2025-01-02,12:13:00,13:06:00,12:18:00,13:14:00,8,MEDIUM
TRN-12013,Synthetic Corridor Passenger 13,PASSENGER,SEC-BKI-JP,2025-01-02,13:15:00,14:21:00,13:23:00,14:30:00,9,MEDIUM
TRN-12014,Synthetic Corridor Passenger 14,PASSENGER,SEC-NDLS-RE,2025-01-02,10:21:00,11:23:00,10:24:00,11:26:00,3,MEDIUM
TRN-12014,Synthetic Corridor Passenger 14,PASSENGER,SEC-RE-AWR,2025-01-02,11:32:00,12:31:00,11:35:00,12:34:00,3,MEDIUM
TRN-12014,Synthetic Corridor Passenger 14,PASSENGER,SEC-AWR-BKI,2025-01-02,12:40:00,13:33:00,12:43:00,13:37:00,4,MEDIUM
TRN-12014,Synthetic Corridor Passenger 14,PASSENGER,SEC-BKI-JP,2025-01-02,13:42:00,14:48:00,13:48:00,14:54:00,6,MEDIUM
TRN-12015,Synthetic Corridor Passenger 15,PASSENGER,SEC-NDLS-RE,2025-01-02,10:48:00,11:50:00,10:52:00,11:54:00,4,MEDIUM
TRN-12015,Synthetic Corridor Passenger 15,PASSENGER,SEC-RE-AWR,2025-01-02,11:59:00,12:58:00,12:03:00,13:02:00,4,MEDIUM
TRN-12015,Synthetic Corridor Passenger 15,PASSENGER,SEC-AWR-BKI,2025-01-02,13:07:00,14:00:00,13:11:00,14:06:00,6,MEDIUM
TRN-12015,Synthetic Corridor Passenger 15,PASSENGER,SEC-BKI-JP,2025-01-02,14:09:00,15:15:00,14:15:00,15:23:00,8,MEDIUM
TRN-12016,Synthetic Corridor Passenger 16,PASSENGER,SEC-NDLS-RE,2025-01-02,11:15:00,12:17:00,11:18:00,12:20:00,3,MEDIUM
TRN-12016,Synthetic Corridor Passenger 16,PASSENGER,SEC-RE-AWR,2025-01-02,12:26:00,13:25:00,12:29:00,13:28:00,3,MEDIUM
TRN-12016,Synthetic Corridor Passenger 16,PASSENGER,SEC-AWR-BKI,2025-01-02,13:34:00,14:27:00,13:37:00,14:30:00,3,MEDIUM
TRN-12016,Synthetic Corridor Passenger 16,PASSENGER,SEC-BKI-JP,2025-01-02,14:36:00,15:42:00,14:39:00,15:46:00,4,MEDIUM
TRN-12017,Synthetic Corridor Passenger 17,PASSENGER,SEC-NDLS-RE,2025-01-02,11:42:00,12:44:00,11:45:00,12:49:00,5,MEDIUM
TRN-12017,Synthetic Corridor Passenger 17,PASSENGER,SEC-RE-AWR,2025-01-02,12:53:00,13:52:00,12:59:00,13:58:00,6,MEDIUM
TRN-12017,Synthetic Corridor Passenger 17,PASSENGER,SEC-AWR-BKI,2025-01-02,14:01:00,14:54:00,14:07:00,15:00:00,6,MEDIUM
TRN-12017,Synthetic Corridor Passenger 17,PASSENGER,SEC-BKI-JP,2025-01-02,15:03:00,16:09:00,15:09:00,16:15:00,6,MEDIUM
TRN-12018,Synthetic Corridor Passenger 18,PASSENGER,SEC-NDLS-RE,2025-01-02,12:09:00,13:11:00,12:12:00,13:14:00,3,MEDIUM
TRN-12018,Synthetic Corridor Passenger 18,PASSENGER,SEC-RE-AWR,2025-01-02,13:20:00,14:19:00,13:23:00,14:22:00,3,MEDIUM
TRN-12018,Synthetic Corridor Passenger 18,PASSENGER,SEC-AWR-BKI,2025-01-02,14:28:00,15:21:00,14:31:00,15:24:00,3,MEDIUM
TRN-12018,Synthetic Corridor Passenger 18,PASSENGER,SEC-BKI-JP,2025-01-02,15:30:00,16:36:00,15:33:00,16:40:00,4,MEDIUM
TRN-12020,Synthetic Corridor Freight 20,FREIGHT,SEC-NDLS-RE,2025-01-02,13:03:00,14:25:00,13:07:00,14:32:00,7,LOW
TRN-12020,Synthetic Corridor Freight 20,FREIGHT,SEC-RE-AWR,2025-01-02,14:37:00,15:55:00,14:44:00,16:03:00,8,LOW
TRN-12020,Synthetic Corridor Freight 20,FREIGHT,SEC-AWR-BKI,2025-01-02,16:07:00,17:18:00,16:15:00,17:27:00,9,LOW
TRN-12020,Synthetic Corridor Freight 20,FREIGHT,SEC-BKI-JP,2025-01-02,17:30:00,18:58:00,17:40:00,19:08:00,10,LOW
TRN-12021,Synthetic Corridor Freight 21,FREIGHT,SEC-NDLS-RE,2025-01-02,13:30:00,14:52:00,13:32:00,14:54:00,2,LOW
TRN-12021,Synthetic Corridor Freight 21,FREIGHT,SEC-RE-AWR,2025-01-02,15:04:00,16:22:00,15:06:00,16:26:00,4,LOW
TRN-12021,Synthetic Corridor Freight 21,FREIGHT,SEC-AWR-BKI,2025-01-02,16:34:00,17:45:00,16:38:00,17:49:00,4,LOW
TRN-12021,Synthetic Corridor Freight 21,FREIGHT,SEC-BKI-JP,2025-01-02,17:57:00,19:25:00,18:01:00,19:29:00,4,LOW
TRN-12022,Synthetic Corridor Freight 22,FREIGHT,SEC-NDLS-RE,2025-01-02,13:57:00,15:19:00,13:59:00,15:21:00,2,LOW
TRN-12022,Synthetic Corridor Freight 22,FREIGHT,SEC-RE-AWR,2025-01-02,15:31:00,16:49:00,15:33:00,16:53:00,4,LOW
TRN-12022,Synthetic Corridor Freight 22,FREIGHT,SEC-AWR-BKI,2025-01-02,17:01:00,18:12:00,17:06:00,18:18:00,6,LOW
TRN-12022,Synthetic Corridor Freight 22,FREIGHT,SEC-BKI-JP,2025-01-02,18:24:00,19:52:00,18:30:00,19:58:00,6,LOW
TRN-12024,Synthetic Corridor Freight 24,FREIGHT,SEC-NDLS-RE,2025-01-02,14:51:00,16:13:00,14:54:00,16:16:00,3,LOW
TRN-12024,Synthetic Corridor Freight 24,FREIGHT,SEC-RE-AWR,2025-01-02,16:25:00,17:43:00,16:28:00,17:46:00,3,LOW
TRN-12024,Synthetic Corridor Freight 24,FREIGHT,SEC-AWR-BKI,2025-01-02,17:55:00,19:06:00,17:58:00,19:09:00,3,LOW
TRN-12024,Synthetic Corridor Freight 24,FREIGHT,SEC-BKI-JP,2025-01-02,19:18:00,20:46:00,19:22:00,20:50:00,4,LOW
TRN-12001,Synthetic Corridor Express 01,EXPRESS,SEC-NDLS-RE,2025-01-03,04:30:00,05:22:00,04:30:00,05:22:00,0,HIGH
TRN-12001,Synthetic Corridor Express 01,EXPRESS,SEC-RE-AWR,2025-01-03,05:28:00,06:18:00,05:28:00,06:18:00,0,HIGH
TRN-12001,Synthetic Corridor Express 01,EXPRESS,SEC-AWR-BKI,2025-01-03,06:24:00,07:09:00,06:24:00,07:11:00,2,HIGH
TRN-12001,Synthetic Corridor Express 01,EXPRESS,SEC-BKI-JP,2025-01-03,07:15:00,08:10:00,07:17:00,08:12:00,2,HIGH
TRN-12002,Synthetic Corridor Express 02,EXPRESS,SEC-NDLS-RE,2025-01-03,04:57:00,05:49:00,04:58:00,05:51:00,2,HIGH
TRN-12002,Synthetic Corridor Express 02,EXPRESS,SEC-RE-AWR,2025-01-03,05:55:00,06:45:00,05:58:00,06:49:00,4,HIGH
TRN-12002,Synthetic Corridor Express 02,EXPRESS,SEC-AWR-BKI,2025-01-03,06:51:00,07:36:00,06:55:00,07:40:00,4,HIGH
TRN-12002,Synthetic Corridor Express 02,EXPRESS,SEC-BKI-JP,2025-01-03,07:42:00,08:37:00,07:47:00,08:43:00,6,HIGH
TRN-12003,Synthetic Corridor Express 03,EXPRESS,SEC-NDLS-RE,2025-01-03,05:24:00,06:16:00,05:28:00,06:20:00,4,HIGH
TRN-12003,Synthetic Corridor Express 03,EXPRESS,SEC-RE-AWR,2025-01-03,06:22:00,07:12:00,06:26:00,07:16:00,4,HIGH
TRN-12003,Synthetic Corridor Express 03,EXPRESS,SEC-AWR-BKI,2025-01-03,07:18:00,08:03:00,07:22:00,08:07:00,4,HIGH
TRN-12003,Synthetic Corridor Express 03,EXPRESS,SEC-BKI-JP,2025-01-03,08:09:00,09:04:00,08:13:00,09:09:00,5,HIGH
TRN-12005,Synthetic Corridor Express 05,EXPRESS,SEC-NDLS-RE,2025-01-03,06:18:00,07:10:00,06:20:00,07:12:00,2,HIGH
TRN-12005,Synthetic Corridor Express 05,EXPRESS,SEC-RE-AWR,2025-01-03,07:16:00,08:06:00,07:20:00,08:10:00,4,HIGH
TRN-12005,Synthetic Corridor Express 05,EXPRESS,SEC-AWR-BKI,2025-01-03,08:12:00,08:57:00,08:16:00,09:01:00,4,HIGH
TRN-12005,Synthetic Corridor Express 05,EXPRESS,SEC-BKI-JP,2025-01-03,09:03:00,09:58:00,09:07:00,10:02:00,4,HIGH
TRN-12006,Synthetic Corridor Express 06,EXPRESS,SEC-NDLS-RE,2025-01-03,06:45:00,07:37:00,06:47:00,07:39:00,2,HIGH
TRN-12006,Synthetic Corridor Express 06,EXPRESS,SEC-RE-AWR,2025-01-03,07:43:00,08:33:00,07:45:00,08:35:00,2,HIGH
TRN-12006,Synthetic Corridor Express 06,EXPRESS,SEC-AWR-BKI,2025-01-03,08:39:00,09:24:00,08:41:00,09:26:00,2,HIGH
TRN-12006,Synthetic Corridor Express 06,EXPRESS,SEC-BKI-JP,2025-01-03,09:30:00,10:25:00,09:32:00,10:27:00,2,HIGH
TRN-12007,Synthetic Corridor Express 07,EXPRESS,SEC-NDLS-RE,2025-01-03,07:12:00,08:04:00,07:18:00,08:11:00,7,HIGH
TRN-12007,Synthetic Corridor Express 07,EXPRESS,SEC-RE-AWR,2025-01-03,08:10:00,09:00:00,08:18:00,09:08:00,8,HIGH
TRN-12007,Synthetic Corridor Express 07,EXPRESS,SEC-AWR-BKI,2025-01-03,09:06:00,09:51:00,09:14:00,09:59:00,8,HIGH
TRN-12007,Synthetic Corridor Express 07,EXPRESS,SEC-BKI-JP,2025-01-03,09:57:00,10:52:00,10:05:00,11:00:00,8,HIGH
TRN-12009,Synthetic Corridor Express 09,EXPRESS,SEC-NDLS-RE,2025-01-03,08:06:00,08:58:00,08:10:00,09:03:00,5,HIGH
TRN-12009,Synthetic Corridor Express 09,EXPRESS,SEC-RE-AWR,2025-01-03,09:04:00,09:54:00,09:10:00,10:00:00,6,HIGH
TRN-12009,Synthetic Corridor Express 09,EXPRESS,SEC-AWR-BKI,2025-01-03,10:00:00,10:45:00,10:06:00,10:51:00,6,HIGH
TRN-12009,Synthetic Corridor Express 09,EXPRESS,SEC-BKI-JP,2025-01-03,10:51:00,11:46:00,10:58:00,11:53:00,7,HIGH
TRN-12010,Synthetic Corridor Express 10,EXPRESS,SEC-NDLS-RE,2025-01-03,08:33:00,09:25:00,08:40:00,09:33:00,8,HIGH
TRN-12010,Synthetic Corridor Express 10,EXPRESS,SEC-RE-AWR,2025-01-03,09:31:00,10:21:00,09:39:00,10:30:00,9,HIGH
TRN-12010,Synthetic Corridor Express 10,EXPRESS,SEC-AWR-BKI,2025-01-03,10:27:00,11:12:00,10:36:00,11:21:00,9,HIGH
TRN-12010,Synthetic Corridor Express 10,EXPRESS,SEC-BKI-JP,2025-01-03,11:18:00,12:13:00,11:27:00,12:22:00,9,HIGH
TRN-12011,Synthetic Corridor Passenger 11,PASSENGER,SEC-NDLS-RE,2025-01-03,09:00:00,10:02:00,09:05:00,10:07:00,5,MEDIUM
TRN-12011,Synthetic Corridor Passenger 11,PASSENGER,SEC-RE-AWR,2025-01-03,10:11:00,11:10:00,10:16:00,11:16:00,6,MEDIUM
TRN-12011,Synthetic Corridor Passenger 11,PASSENGER,SEC-AWR-BKI,2025-01-03,11:19:00,12:12:00,11:26:00,12:20:00,8,MEDIUM
TRN-12011,Synthetic Corridor Passenger 11,PASSENGER,SEC-BKI-JP,2025-01-03,12:21:00,13:27:00,12:29:00,13:35:00,8,MEDIUM
TRN-12012,Synthetic Corridor Passenger 12,PASSENGER,SEC-NDLS-RE,2025-01-03,09:27:00,10:29:00,09:29:00,10:31:00,2,MEDIUM
TRN-12012,Synthetic Corridor Passenger 12,PASSENGER,SEC-RE-AWR,2025-01-03,10:38:00,11:37:00,10:40:00,11:40:00,3,MEDIUM
TRN-12012,Synthetic Corridor Passenger 12,PASSENGER,SEC-AWR-BKI,2025-01-03,11:46:00,12:39:00,11:51:00,12:46:00,7,MEDIUM
TRN-12012,Synthetic Corridor Passenger 12,PASSENGER,SEC-BKI-JP,2025-01-03,12:48:00,13:54:00,12:55:00,14:01:00,7,MEDIUM
TRN-12013,Synthetic Corridor Passenger 13,PASSENGER,SEC-NDLS-RE,2025-01-03,09:54:00,10:56:00,09:58:00,11:01:00,5,MEDIUM
TRN-12013,Synthetic Corridor Passenger 13,PASSENGER,SEC-RE-AWR,2025-01-03,11:05:00,12:04:00,11:11:00,12:12:00,8,MEDIUM
TRN-12013,Synthetic Corridor Passenger 13,PASSENGER,SEC-AWR-BKI,2025-01-03,12:13:00,13:06:00,12:21:00,13:15:00,9,MEDIUM
TRN-12013,Synthetic Corridor Passenger 13,PASSENGER,SEC-BKI-JP,2025-01-03,13:15:00,14:21:00,13:24:00,14:31:00,10,MEDIUM
TRN-12014,Synthetic Corridor Passenger 14,PASSENGER,SEC-NDLS-RE,2025-01-03,10:21:00,11:23:00,10:23:00,11:26:00,3,MEDIUM
TRN-12014,Synthetic Corridor Passenger 14,PASSENGER,SEC-RE-AWR,2025-01-03,11:32:00,12:31:00,11:35:00,12:34:00,3,MEDIUM
TRN-12014,Synthetic Corridor Passenger 14,PASSENGER,SEC-AWR-BKI,2025-01-03,12:40:00,13:33:00,12:44:00,13:39:00,6,MEDIUM
TRN-12014,Synthetic Corridor Passenger 14,PASSENGER,SEC-BKI-JP,2025-01-03,13:42:00,14:48:00,13:50:00,14:56:00,8,MEDIUM
TRN-12015,Synthetic Corridor Passenger 15,PASSENGER,SEC-NDLS-RE,2025-01-03,10:48:00,11:50:00,10:55:00,11:57:00,7,MEDIUM
TRN-12015,Synthetic Corridor Passenger 15,PASSENGER,SEC-RE-AWR,2025-01-03,11:59:00,12:58:00,12:06:00,13:05:00,7,MEDIUM
TRN-12015,Synthetic Corridor Passenger 15,PASSENGER,SEC-AWR-BKI,2025-01-03,13:07:00,14:00:00,13:14:00,14:07:00,7,MEDIUM
TRN-12015,Synthetic Corridor Passenger 15,PASSENGER,SEC-BKI-JP,2025-01-03,14:09:00,15:15:00,14:16:00,15:22:00,7,MEDIUM
TRN-12016,Synthetic Corridor Passenger 16,PASSENGER,SEC-NDLS-RE,2025-01-03,11:15:00,12:17:00,11:17:00,12:19:00,2,MEDIUM
TRN-12016,Synthetic Corridor Passenger 16,PASSENGER,SEC-RE-AWR,2025-01-03,12:26:00,13:25:00,12:28:00,13:28:00,3,MEDIUM
TRN-12016,Synthetic Corridor Passenger 16,PASSENGER,SEC-AWR-BKI,2025-01-03,13:34:00,14:27:00,13:37:00,14:32:00,5,MEDIUM
TRN-12016,Synthetic Corridor Passenger 16,PASSENGER,SEC-BKI-JP,2025-01-03,14:36:00,15:42:00,14:41:00,15:47:00,5,MEDIUM
TRN-12017,Synthetic Corridor Passenger 17,PASSENGER,SEC-NDLS-RE,2025-01-03,11:42:00,12:44:00,11:43:00,12:46:00,2,MEDIUM
TRN-12017,Synthetic Corridor Passenger 17,PASSENGER,SEC-RE-AWR,2025-01-03,12:53:00,13:52:00,12:55:00,13:55:00,3,MEDIUM
TRN-12017,Synthetic Corridor Passenger 17,PASSENGER,SEC-AWR-BKI,2025-01-03,14:01:00,14:54:00,14:04:00,14:58:00,4,MEDIUM
TRN-12017,Synthetic Corridor Passenger 17,PASSENGER,SEC-BKI-JP,2025-01-03,15:03:00,16:09:00,15:08:00,16:14:00,5,MEDIUM
TRN-12018,Synthetic Corridor Passenger 18,PASSENGER,SEC-NDLS-RE,2025-01-03,12:09:00,13:11:00,12:12:00,13:15:00,4,MEDIUM
TRN-12018,Synthetic Corridor Passenger 18,PASSENGER,SEC-RE-AWR,2025-01-03,13:20:00,14:19:00,13:24:00,14:23:00,4,MEDIUM
TRN-12018,Synthetic Corridor Passenger 18,PASSENGER,SEC-AWR-BKI,2025-01-03,14:28:00,15:21:00,14:32:00,15:26:00,5,MEDIUM
TRN-12018,Synthetic Corridor Passenger 18,PASSENGER,SEC-BKI-JP,2025-01-03,15:30:00,16:36:00,15:35:00,16:42:00,6,MEDIUM
TRN-12019,Synthetic Corridor Freight 19,FREIGHT,SEC-NDLS-RE,2025-01-03,12:36:00,13:58:00,12:38:00,14:01:00,3,LOW
TRN-12019,Synthetic Corridor Freight 19,FREIGHT,SEC-RE-AWR,2025-01-03,14:10:00,15:28:00,14:13:00,15:31:00,3,LOW
TRN-12019,Synthetic Corridor Freight 19,FREIGHT,SEC-AWR-BKI,2025-01-03,15:40:00,16:51:00,15:44:00,16:56:00,5,LOW
TRN-12019,Synthetic Corridor Freight 19,FREIGHT,SEC-BKI-JP,2025-01-03,17:03:00,18:31:00,17:08:00,18:37:00,6,LOW
TRN-12021,Synthetic Corridor Freight 21,FREIGHT,SEC-NDLS-RE,2025-01-03,13:30:00,14:52:00,13:33:00,14:56:00,4,LOW
TRN-12021,Synthetic Corridor Freight 21,FREIGHT,SEC-RE-AWR,2025-01-03,15:04:00,16:22:00,15:08:00,16:28:00,6,LOW
TRN-12021,Synthetic Corridor Freight 21,FREIGHT,SEC-AWR-BKI,2025-01-03,16:34:00,17:45:00,16:40:00,17:53:00,8,LOW
TRN-12021,Synthetic Corridor Freight 21,FREIGHT,SEC-BKI-JP,2025-01-03,17:57:00,19:25:00,18:05:00,19:34:00,9,LOW
TRN-12022,Synthetic Corridor Freight 22,FREIGHT,SEC-NDLS-RE,2025-01-03,13:57:00,15:19:00,14:03:00,15:25:00,6,LOW
TRN-12022,Synthetic Corridor Freight 22,FREIGHT,SEC-RE-AWR,2025-01-03,15:31:00,16:49:00,15:37:00,16:55:00,6,LOW
TRN-12022,Synthetic Corridor Freight 22,FREIGHT,SEC-AWR-BKI,2025-01-03,17:01:00,18:12:00,17:07:00,18:20:00,8,LOW
TRN-12022,Synthetic Corridor Freight 22,FREIGHT,SEC-BKI-JP,2025-01-03,18:24:00,19:52:00,18:32:00,20:00:00,8,LOW
TRN-12023,Synthetic Corridor Freight 23,FREIGHT,SEC-NDLS-RE,2025-01-03,14:24:00,15:46:00,14:27:00,15:51:00,5,LOW
TRN-12023,Synthetic Corridor Freight 23,FREIGHT,SEC-RE-AWR,2025-01-03,15:58:00,17:16:00,16:03:00,17:21:00,5,LOW
TRN-12023,Synthetic Corridor Freight 23,FREIGHT,SEC-AWR-BKI,2025-01-03,17:28:00,18:39:00,17:33:00,18:45:00,6,LOW
TRN-12023,Synthetic Corridor Freight 23,FREIGHT,SEC-BKI-JP,2025-01-03,18:51:00,20:19:00,18:57:00,20:25:00,6,LOW
TRN-12001,Synthetic Corridor Express 01,EXPRESS,SEC-NDLS-RE,2025-01-04,04:30:00,05:22:00,04:33:00,05:28:00,6,HIGH
TRN-12001,Synthetic Corridor Express 01,EXPRESS,SEC-RE-AWR,2025-01-04,05:28:00,06:18:00,05:34:00,06:25:00,7,HIGH
TRN-12001,Synthetic Corridor Express 01,EXPRESS,SEC-AWR-BKI,2025-01-04,06:24:00,07:09:00,06:31:00,07:16:00,7,HIGH
TRN-12001,Synthetic Corridor Express 01,EXPRESS,SEC-BKI-JP,2025-01-04,07:15:00,08:10:00,07:22:00,08:18:00,8,HIGH
TRN-12004,Synthetic Corridor Express 04,EXPRESS,SEC-NDLS-RE,2025-01-04,05:51:00,06:43:00,05:54:00,06:47:00,4,HIGH
TRN-12004,Synthetic Corridor Express 04,EXPRESS,SEC-RE-AWR,2025-01-04,06:49:00,07:39:00,06:53:00,07:43:00,4,HIGH
TRN-12004,Synthetic Corridor Express 04,EXPRESS,SEC-AWR-BKI,2025-01-04,07:45:00,08:30:00,07:51:00,08:42:00,12,HIGH
TRN-12004,Synthetic Corridor Express 04,EXPRESS,SEC-BKI-JP,2025-01-04,08:36:00,09:31:00,08:48:00,09:43:00,12,HIGH
TRN-12005,Synthetic Corridor Express 05,EXPRESS,SEC-NDLS-RE,2025-01-04,06:18:00,07:10:00,06:19:00,07:12:00,2,HIGH
TRN-12005,Synthetic Corridor Express 05,EXPRESS,SEC-RE-AWR,2025-01-04,07:16:00,08:06:00,07:19:00,08:10:00,4,HIGH
TRN-12005,Synthetic Corridor Express 05,EXPRESS,SEC-AWR-BKI,2025-01-04,08:12:00,08:57:00,08:16:00,09:06:00,9,HIGH
TRN-12005,Synthetic Corridor Express 05,EXPRESS,SEC-BKI-JP,2025-01-04,09:03:00,09:58:00,09:12:00,10:07:00,9,HIGH
TRN-12008,Synthetic Corridor Express 08,EXPRESS,SEC-NDLS-RE,2025-01-04,07:39:00,08:31:00,07:45:00,08:37:00,6,HIGH
TRN-12008,Synthetic Corridor Express 08,EXPRESS,SEC-RE-AWR,2025-01-04,08:37:00,09:27:00,08:44:00,09:36:00,9,HIGH
TRN-12008,Synthetic Corridor Express 08,EXPRESS,SEC-AWR-BKI,2025-01-04,09:33:00,10:18:00,09:42:00,10:28:00,10,HIGH
TRN-12008,Synthetic Corridor Express 08,EXPRESS,SEC-BKI-JP,2025-01-04,10:24:00,11:19:00,10:35:00,11:32:00,13,HIGH
TRN-12009,Synthetic Corridor Express 09,EXPRESS,SEC-NDLS-RE,2025-01-04,08:06:00,08:58:00,08:14:00,09:07:00,9,HIGH
TRN-12009,Synthetic Corridor Express 09,EXPRESS,SEC-RE-AWR,2025-01-04,09:04:00,09:54:00,09:13:00,10:05:00,11,HIGH
TRN-12009,Synthetic Corridor Express 09,EXPRESS,SEC-AWR-BKI,2025-01-04,10:00:00,10:45:00,10:11:00,10:58:00,13,HIGH
TRN-12009,Synthetic Corridor Express 09,EXPRESS,SEC-BKI-JP,2025-01-04,10:51:00,11:46:00,11:05:00,12:01:00,15,HIGH
TRN-12011,Synthetic Corridor Passenger 11,PASSENGER,SEC-NDLS-RE,2025-01-04,09:00:00,10:02:00,09:10:00,10:14:00,12,MEDIUM
TRN-12011,Synthetic Corridor Passenger 11,PASSENGER,SEC-RE-AWR,2025-01-04,10:11:00,11:10:00,10:24:00,11:23:00,13,MEDIUM
TRN-12011,Synthetic Corridor Passenger 11,PASSENGER,SEC-AWR-BKI,2025-01-04,11:19:00,12:12:00,11:33:00,12:29:00,17,MEDIUM
TRN-12011,Synthetic Corridor Passenger 11,PASSENGER,SEC-BKI-JP,2025-01-04,12:21:00,13:27:00,12:38:00,13:45:00,18,MEDIUM
TRN-12012,Synthetic Corridor Passenger 12,PASSENGER,SEC-NDLS-RE,2025-01-04,09:27:00,10:29:00,09:33:00,10:37:00,8,MEDIUM
TRN-12012,Synthetic Corridor Passenger 12,PASSENGER,SEC-RE-AWR,2025-01-04,10:38:00,11:37:00,10:49:00,11:48:00,11,MEDIUM
TRN-12012,Synthetic Corridor Passenger 12,PASSENGER,SEC-AWR-BKI,2025-01-04,11:46:00,12:39:00,11:58:00,12:53:00,14,MEDIUM
TRN-12012,Synthetic Corridor Passenger 12,PASSENGER,SEC-BKI-JP,2025-01-04,12:48:00,13:54:00,13:05:00,14:15:00,21,MEDIUM
TRN-12013,Synthetic Corridor Passenger 13,PASSENGER,SEC-NDLS-RE,2025-01-04,09:54:00,10:56:00,10:00:00,11:04:00,8,MEDIUM
TRN-12013,Synthetic Corridor Passenger 13,PASSENGER,SEC-RE-AWR,2025-01-04,11:05:00,12:04:00,11:15:00,12:14:00,10,MEDIUM
TRN-12013,Synthetic Corridor Passenger 13,PASSENGER,SEC-AWR-BKI,2025-01-04,12:13:00,13:06:00,12:28:00,13:24:00,18,MEDIUM
TRN-12013,Synthetic Corridor Passenger 13,PASSENGER,SEC-BKI-JP,2025-01-04,13:15:00,14:21:00,13:34:00,14:41:00,20,MEDIUM
TRN-12014,Synthetic Corridor Passenger 14,PASSENGER,SEC-NDLS-RE,2025-01-04,10:21:00,11:23:00,10:30:00,11:32:00,9,MEDIUM
TRN-12014,Synthetic Corridor Passenger 14,PASSENGER,SEC-RE-AWR,2025-01-04,11:32:00,12:31:00,11:42:00,12:42:00,11,MEDIUM
TRN-12014,Synthetic Corridor Passenger 14,PASSENGER,SEC-AWR-BKI,2025-01-04,12:40:00,13:33:00,12:51:00,13:45:00,12,MEDIUM
TRN-12014,Synthetic Corridor Passenger 14,PASSENGER,SEC-BKI-JP,2025-01-04,13:42:00,14:48:00,13:54:00,15:01:00,13,MEDIUM
TRN-12015,Synthetic Corridor Passenger 15,PASSENGER,SEC-NDLS-RE,2025-01-04,10:48:00,11:50:00,10:56:00,11:59:00,9,MEDIUM
TRN-12015,Synthetic Corridor Passenger 15,PASSENGER,SEC-RE-AWR,2025-01-04,11:59:00,12:58:00,12:10:00,13:11:00,13,MEDIUM
TRN-12015,Synthetic Corridor Passenger 15,PASSENGER,SEC-AWR-BKI,2025-01-04,13:07:00,14:00:00,13:20:00,14:14:00,14,MEDIUM
TRN-12015,Synthetic Corridor Passenger 15,PASSENGER,SEC-BKI-JP,2025-01-04,14:09:00,15:15:00,14:25:00,15:32:00,17,MEDIUM
TRN-12016,Synthetic Corridor Passenger 16,PASSENGER,SEC-NDLS-RE,2025-01-04,11:15:00,12:17:00,11:21:00,12:23:00,6,MEDIUM
TRN-12016,Synthetic Corridor Passenger 16,PASSENGER,SEC-RE-AWR,2025-01-04,12:26:00,13:25:00,12:32:00,13:32:00,7,MEDIUM
TRN-12016,Synthetic Corridor Passenger 16,PASSENGER,SEC-AWR-BKI,2025-01-04,13:34:00,14:27:00,13:41:00,14:38:00,11,MEDIUM
TRN-12016,Synthetic Corridor Passenger 16,PASSENGER,SEC-BKI-JP,2025-01-04,14:36:00,15:42:00,14:48:00,15:56:00,14,MEDIUM
TRN-12017,Synthetic Corridor Passenger 17,PASSENGER,SEC-NDLS-RE,2025-01-04,11:42:00,12:44:00,11:46:00,12:49:00,5,MEDIUM
TRN-12017,Synthetic Corridor Passenger 17,PASSENGER,SEC-RE-AWR,2025-01-04,12:53:00,13:52:00,12:58:00,13:59:00,7,MEDIUM
TRN-12017,Synthetic Corridor Passenger 17,PASSENGER,SEC-AWR-BKI,2025-01-04,14:01:00,14:54:00,14:09:00,15:02:00,8,MEDIUM
TRN-12017,Synthetic Corridor Passenger 17,PASSENGER,SEC-BKI-JP,2025-01-04,15:03:00,16:09:00,15:13:00,16:20:00,11,MEDIUM
TRN-12018,Synthetic Corridor Passenger 18,PASSENGER,SEC-NDLS-RE,2025-01-04,12:09:00,13:11:00,12:17:00,13:20:00,9,MEDIUM
TRN-12018,Synthetic Corridor Passenger 18,PASSENGER,SEC-RE-AWR,2025-01-04,13:20:00,14:19:00,13:29:00,14:28:00,9,MEDIUM
TRN-12018,Synthetic Corridor Passenger 18,PASSENGER,SEC-AWR-BKI,2025-01-04,14:28:00,15:21:00,14:37:00,15:31:00,10,MEDIUM
TRN-12018,Synthetic Corridor Passenger 18,PASSENGER,SEC-BKI-JP,2025-01-04,15:30:00,16:36:00,15:41:00,16:49:00,13,MEDIUM
TRN-12020,Synthetic Corridor Freight 20,FREIGHT,SEC-NDLS-RE,2025-01-04,13:03:00,14:25:00,13:11:00,14:37:00,12,LOW
TRN-12020,Synthetic Corridor Freight 20,FREIGHT,SEC-RE-AWR,2025-01-04,14:37:00,15:55:00,14:49:00,16:08:00,13,LOW
TRN-12020,Synthetic Corridor Freight 20,FREIGHT,SEC-AWR-BKI,2025-01-04,16:07:00,17:18:00,16:20:00,17:34:00,16,LOW
TRN-12020,Synthetic Corridor Freight 20,FREIGHT,SEC-BKI-JP,2025-01-04,17:30:00,18:58:00,17:47:00,19:16:00,18,LOW
TRN-12021,Synthetic Corridor Freight 21,FREIGHT,SEC-NDLS-RE,2025-01-04,13:30:00,14:52:00,13:41:00,15:04:00,12,LOW
TRN-12021,Synthetic Corridor Freight 21,FREIGHT,SEC-RE-AWR,2025-01-04,15:04:00,16:22:00,15:16:00,16:39:00,17,LOW
TRN-12021,Synthetic Corridor Freight 21,FREIGHT,SEC-AWR-BKI,2025-01-04,16:34:00,17:45:00,16:52:00,18:05:00,20,LOW
TRN-12021,Synthetic Corridor Freight 21,FREIGHT,SEC-BKI-JP,2025-01-04,17:57:00,19:25:00,18:17:00,19:50:00,25,LOW
TRN-12024,Synthetic Corridor Freight 24,FREIGHT,SEC-NDLS-RE,2025-01-04,14:51:00,16:13:00,14:59:00,16:22:00,9,LOW
TRN-12024,Synthetic Corridor Freight 24,FREIGHT,SEC-RE-AWR,2025-01-04,16:25:00,17:43:00,16:34:00,17:53:00,10,LOW
TRN-12024,Synthetic Corridor Freight 24,FREIGHT,SEC-AWR-BKI,2025-01-04,17:55:00,19:06:00,18:06:00,19:18:00,12,LOW
TRN-12024,Synthetic Corridor Freight 24,FREIGHT,SEC-BKI-JP,2025-01-04,19:18:00,20:46:00,19:31:00,20:59:00,13,LOW
TRN-12001,Synthetic Corridor Express 01,EXPRESS,SEC-NDLS-RE,2025-01-05,04:30:00,05:22:00,04:30:00,05:22:00,0,HIGH
TRN-12001,Synthetic Corridor Express 01,EXPRESS,SEC-RE-AWR,2025-01-05,05:28:00,06:18:00,05:28:00,06:19:00,1,HIGH
TRN-12001,Synthetic Corridor Express 01,EXPRESS,SEC-AWR-BKI,2025-01-05,06:24:00,07:09:00,06:25:00,07:10:00,1,HIGH
TRN-12001,Synthetic Corridor Express 01,EXPRESS,SEC-BKI-JP,2025-01-05,07:15:00,08:10:00,07:16:00,08:11:00,1,HIGH
TRN-12003,Synthetic Corridor Express 03,EXPRESS,SEC-NDLS-RE,2025-01-05,05:24:00,06:16:00,05:26:00,06:18:00,2,HIGH
TRN-12003,Synthetic Corridor Express 03,EXPRESS,SEC-RE-AWR,2025-01-05,06:22:00,07:12:00,06:25:00,07:15:00,3,HIGH
TRN-12003,Synthetic Corridor Express 03,EXPRESS,SEC-AWR-BKI,2025-01-05,07:18:00,08:03:00,07:21:00,08:06:00,3,HIGH
TRN-12003,Synthetic Corridor Express 03,EXPRESS,SEC-BKI-JP,2025-01-05,08:09:00,09:04:00,08:12:00,09:07:00,3,HIGH
TRN-12005,Synthetic Corridor Express 05,EXPRESS,SEC-NDLS-RE,2025-01-05,06:18:00,07:10:00,06:21:00,07:13:00,3,HIGH
TRN-12005,Synthetic Corridor Express 05,EXPRESS,SEC-RE-AWR,2025-01-05,07:16:00,08:06:00,07:19:00,08:09:00,3,HIGH
TRN-12005,Synthetic Corridor Express 05,EXPRESS,SEC-AWR-BKI,2025-01-05,08:12:00,08:57:00,08:15:00,09:01:00,4,HIGH
TRN-12005,Synthetic Corridor Express 05,EXPRESS,SEC-BKI-JP,2025-01-05,09:03:00,09:58:00,09:07:00,10:02:00,4,HIGH
TRN-12007,Synthetic Corridor Express 07,EXPRESS,SEC-NDLS-RE,2025-01-05,07:12:00,08:04:00,07:17:00,08:09:00,5,HIGH
TRN-12007,Synthetic Corridor Express 07,EXPRESS,SEC-RE-AWR,2025-01-05,08:10:00,09:00:00,08:15:00,09:05:00,5,HIGH
TRN-12007,Synthetic Corridor Express 07,EXPRESS,SEC-AWR-BKI,2025-01-05,09:06:00,09:51:00,09:11:00,09:56:00,5,HIGH
TRN-12007,Synthetic Corridor Express 07,EXPRESS,SEC-BKI-JP,2025-01-05,09:57:00,10:52:00,10:02:00,10:57:00,5,HIGH
TRN-12009,Synthetic Corridor Express 09,EXPRESS,SEC-NDLS-RE,2025-01-05,08:06:00,08:58:00,08:10:00,09:04:00,6,HIGH
TRN-12009,Synthetic Corridor Express 09,EXPRESS,SEC-RE-AWR,2025-01-05,09:04:00,09:54:00,09:14:00,10:04:00,10,HIGH
TRN-12009,Synthetic Corridor Express 09,EXPRESS,SEC-AWR-BKI,2025-01-05,10:00:00,10:45:00,10:11:00,10:56:00,11,HIGH
TRN-12009,Synthetic Corridor Express 09,EXPRESS,SEC-BKI-JP,2025-01-05,10:51:00,11:46:00,11:02:00,11:57:00,11,HIGH
TRN-12011,Synthetic Corridor Passenger 11,PASSENGER,SEC-NDLS-RE,2025-01-05,09:00:00,10:02:00,09:02:00,10:06:00,4,MEDIUM
TRN-12011,Synthetic Corridor Passenger 11,PASSENGER,SEC-RE-AWR,2025-01-05,10:11:00,11:10:00,10:15:00,11:14:00,4,MEDIUM
TRN-12011,Synthetic Corridor Passenger 11,PASSENGER,SEC-AWR-BKI,2025-01-05,11:19:00,12:12:00,11:25:00,12:18:00,6,MEDIUM
TRN-12011,Synthetic Corridor Passenger 11,PASSENGER,SEC-BKI-JP,2025-01-05,12:21:00,13:27:00,12:27:00,13:33:00,6,MEDIUM
TRN-12012,Synthetic Corridor Passenger 12,PASSENGER,SEC-NDLS-RE,2025-01-05,09:27:00,10:29:00,09:33:00,10:37:00,8,MEDIUM
TRN-12012,Synthetic Corridor Passenger 12,PASSENGER,SEC-RE-AWR,2025-01-05,10:38:00,11:37:00,10:48:00,11:47:00,10,MEDIUM
TRN-12012,Synthetic Corridor Passenger 12,PASSENGER,SEC-AWR-BKI,2025-01-05,11:46:00,12:39:00,11:57:00,12:50:00,11,MEDIUM
TRN-12012,Synthetic Corridor Passenger 12,PASSENGER,SEC-BKI-JP,2025-01-05,12:48:00,13:54:00,12:59:00,14:06:00,12,MEDIUM
TRN-12013,Synthetic Corridor Passenger 13,PASSENGER,SEC-NDLS-RE,2025-01-05,09:54:00,10:56:00,10:01:00,11:04:00,8,MEDIUM
TRN-12013,Synthetic Corridor Passenger 13,PASSENGER,SEC-RE-AWR,2025-01-05,11:05:00,12:04:00,11:13:00,12:12:00,8,MEDIUM
TRN-12013,Synthetic Corridor Passenger 13,PASSENGER,SEC-AWR-BKI,2025-01-05,12:13:00,13:06:00,12:22:00,13:15:00,9,MEDIUM
TRN-12013,Synthetic Corridor Passenger 13,PASSENGER,SEC-BKI-JP,2025-01-05,13:15:00,14:21:00,13:24:00,14:30:00,9,MEDIUM
TRN-12014,Synthetic Corridor Passenger 14,PASSENGER,SEC-NDLS-RE,2025-01-05,10:21:00,11:23:00,10:23:00,11:25:00,2,MEDIUM
TRN-12014,Synthetic Corridor Passenger 14,PASSENGER,SEC-RE-AWR,2025-01-05,11:32:00,12:31:00,11:34:00,12:33:00,2,MEDIUM
TRN-12014,Synthetic Corridor Passenger 14,PASSENGER,SEC-AWR-BKI,2025-01-05,12:40:00,13:33:00,12:42:00,13:35:00,2,MEDIUM
TRN-12014,Synthetic Corridor Passenger 14,PASSENGER,SEC-BKI-JP,2025-01-05,13:42:00,14:48:00,13:44:00,14:50:00,2,MEDIUM
TRN-12015,Synthetic Corridor Passenger 15,PASSENGER,SEC-NDLS-RE,2025-01-05,10:48:00,11:50:00,10:51:00,11:53:00,3,MEDIUM
TRN-12015,Synthetic Corridor Passenger 15,PASSENGER,SEC-RE-AWR,2025-01-05,11:59:00,12:58:00,12:02:00,13:01:00,3,MEDIUM
TRN-12015,Synthetic Corridor Passenger 15,PASSENGER,SEC-AWR-BKI,2025-01-05,13:07:00,14:00:00,13:10:00,14:03:00,3,MEDIUM
TRN-12015,Synthetic Corridor Passenger 15,PASSENGER,SEC-BKI-JP,2025-01-05,14:09:00,15:15:00,14:12:00,15:18:00,3,MEDIUM
TRN-12016,Synthetic Corridor Passenger 16,PASSENGER,SEC-NDLS-RE,2025-01-05,11:15:00,12:17:00,11:17:00,12:20:00,3,MEDIUM
TRN-12016,Synthetic Corridor Passenger 16,PASSENGER,SEC-RE-AWR,2025-01-05,12:26:00,13:25:00,12:29:00,13:29:00,4,MEDIUM
TRN-12016,Synthetic Corridor Passenger 16,PASSENGER,SEC-AWR-BKI,2025-01-05,13:34:00,14:27:00,13:40:00,14:33:00,6,MEDIUM
TRN-12016,Synthetic Corridor Passenger 16,PASSENGER,SEC-BKI-JP,2025-01-05,14:36:00,15:42:00,14:42:00,15:48:00,6,MEDIUM
TRN-12017,Synthetic Corridor Passenger 17,PASSENGER,SEC-NDLS-RE,2025-01-05,11:42:00,12:44:00,11:44:00,12:46:00,2,MEDIUM
TRN-12017,Synthetic Corridor Passenger 17,PASSENGER,SEC-RE-AWR,2025-01-05,12:53:00,13:52:00,12:56:00,13:55:00,3,MEDIUM
TRN-12017,Synthetic Corridor Passenger 17,PASSENGER,SEC-AWR-BKI,2025-01-05,14:01:00,14:54:00,14:05:00,14:58:00,4,MEDIUM
TRN-12017,Synthetic Corridor Passenger 17,PASSENGER,SEC-BKI-JP,2025-01-05,15:03:00,16:09:00,15:07:00,16:14:00,5,MEDIUM
TRN-12018,Synthetic Corridor Passenger 18,PASSENGER,SEC-NDLS-RE,2025-01-05,12:09:00,13:11:00,12:10:00,13:12:00,1,MEDIUM
TRN-12018,Synthetic Corridor Passenger 18,PASSENGER,SEC-RE-AWR,2025-01-05,13:20:00,14:19:00,13:22:00,14:22:00,3,MEDIUM
TRN-12018,Synthetic Corridor Passenger 18,PASSENGER,SEC-AWR-BKI,2025-01-05,14:28:00,15:21:00,14:31:00,15:25:00,4,MEDIUM
TRN-12018,Synthetic Corridor Passenger 18,PASSENGER,SEC-BKI-JP,2025-01-05,15:30:00,16:36:00,15:34:00,16:41:00,5,MEDIUM
TRN-12019,Synthetic Corridor Freight 19,FREIGHT,SEC-NDLS-RE,2025-01-05,12:36:00,13:58:00,12:40:00,14:02:00,4,LOW
TRN-12019,Synthetic Corridor Freight 19,FREIGHT,SEC-RE-AWR,2025-01-05,14:10:00,15:28:00,14:14:00,15:33:00,5,LOW
TRN-12019,Synthetic Corridor Freight 19,FREIGHT,SEC-AWR-BKI,2025-01-05,15:40:00,16:51:00,15:45:00,16:56:00,5,LOW
TRN-12019,Synthetic Corridor Freight 19,FREIGHT,SEC-BKI-JP,2025-01-05,17:03:00,18:31:00,17:08:00,18:36:00,5,LOW
TRN-12021,Synthetic Corridor Freight 21,FREIGHT,SEC-NDLS-RE,2025-01-05,13:30:00,14:52:00,13:35:00,14:58:00,6,LOW
TRN-12021,Synthetic Corridor Freight 21,FREIGHT,SEC-RE-AWR,2025-01-05,15:04:00,16:22:00,15:10:00,16:29:00,7,LOW
TRN-12021,Synthetic Corridor Freight 21,FREIGHT,SEC-AWR-BKI,2025-01-05,16:34:00,17:45:00,16:41:00,17:53:00,8,LOW
TRN-12021,Synthetic Corridor Freight 21,FREIGHT,SEC-BKI-JP,2025-01-05,17:57:00,19:25:00,18:05:00,19:35:00,10,LOW
TRN-12023,Synthetic Corridor Freight 23,FREIGHT,SEC-NDLS-RE,2025-01-05,14:24:00,15:46:00,14:28:00,15:51:00,5,LOW
TRN-12023,Synthetic Corridor Freight 23,FREIGHT,SEC-RE-AWR,2025-01-05,15:58:00,17:16:00,16:03:00,17:21:00,5,LOW
TRN-12023,Synthetic Corridor Freight 23,FREIGHT,SEC-AWR-BKI,2025-01-05,17:28:00,18:39:00,17:34:00,18:45:00,6,LOW
TRN-12023,Synthetic Corridor Freight 23,FREIGHT,SEC-BKI-JP,2025-01-05,18:51:00,20:19:00,18:57:00,20:25:00,6,LOW
TRN-12001,Synthetic Corridor Express 01,EXPRESS,SEC-NDLS-RE,2025-01-06,04:30:00,05:22:00,04:31:00,05:23:00,1,HIGH
TRN-12001,Synthetic Corridor Express 01,EXPRESS,SEC-RE-AWR,2025-01-06,05:28:00,06:18:00,05:29:00,06:19:00,1,HIGH
TRN-12001,Synthetic Corridor Express 01,EXPRESS,SEC-AWR-BKI,2025-01-06,06:24:00,07:09:00,06:25:00,07:10:00,1,HIGH
TRN-12001,Synthetic Corridor Express 01,EXPRESS,SEC-BKI-JP,2025-01-06,07:15:00,08:10:00,07:16:00,08:11:00,1,HIGH
TRN-12002,Synthetic Corridor Express 02,EXPRESS,SEC-NDLS-RE,2025-01-06,04:57:00,05:49:00,04:57:00,05:49:00,0,HIGH
TRN-12002,Synthetic Corridor Express 02,EXPRESS,SEC-RE-AWR,2025-01-06,05:55:00,06:45:00,05:55:00,06:47:00,2,HIGH
TRN-12002,Synthetic Corridor Express 02,EXPRESS,SEC-AWR-BKI,2025-01-06,06:51:00,07:36:00,06:53:00,07:38:00,2,HIGH
TRN-12002,Synthetic Corridor Express 02,EXPRESS,SEC-BKI-JP,2025-01-06,07:42:00,08:37:00,07:44:00,08:40:00,3,HIGH
TRN-12003,Synthetic Corridor Express 03,EXPRESS,SEC-NDLS-RE,2025-01-06,05:24:00,06:16:00,05:28:00,06:21:00,5,HIGH
TRN-12003,Synthetic Corridor Express 03,EXPRESS,SEC-RE-AWR,2025-01-06,06:22:00,07:12:00,06:28:00,07:18:00,6,HIGH
TRN-12003,Synthetic Corridor Express 03,EXPRESS,SEC-AWR-BKI,2025-01-06,07:18:00,08:03:00,07:24:00,08:09:00,6,HIGH
TRN-12003,Synthetic Corridor Express 03,EXPRESS,SEC-BKI-JP,2025-01-06,08:09:00,09:04:00,08:15:00,09:11:00,7,HIGH
TRN-12005,Synthetic Corridor Express 05,EXPRESS,SEC-NDLS-RE,2025-01-06,06:18:00,07:10:00,06:19:00,07:11:00,1,HIGH
TRN-12005,Synthetic Corridor Express 05,EXPRESS,SEC-RE-AWR,2025-01-06,07:16:00,08:06:00,07:17:00,08:07:00,1,HIGH
TRN-12005,Synthetic Corridor Express 05,EXPRESS,SEC-AWR-BKI,2025-01-06,08:12:00,08:57:00,08:13:00,08:58:00,1,HIGH
TRN-12005,Synthetic Corridor Express 05,EXPRESS,SEC-BKI-JP,2025-01-06,09:03:00,09:58:00,09:04:00,09:59:00,1,HIGH
TRN-12006,Synthetic Corridor Express 06,EXPRESS,SEC-NDLS-RE,2025-01-06,06:45:00,07:37:00,06:48:00,07:40:00,3,HIGH
TRN-12006,Synthetic Corridor Express 06,EXPRESS,SEC-RE-AWR,2025-01-06,07:43:00,08:33:00,07:46:00,08:36:00,3,HIGH
TRN-12006,Synthetic Corridor Express 06,EXPRESS,SEC-AWR-BKI,2025-01-06,08:39:00,09:24:00,08:42:00,09:27:00,3,HIGH
TRN-12006,Synthetic Corridor Express 06,EXPRESS,SEC-BKI-JP,2025-01-06,09:30:00,10:25:00,09:33:00,10:28:00,3,HIGH
TRN-12007,Synthetic Corridor Express 07,EXPRESS,SEC-NDLS-RE,2025-01-06,07:12:00,08:04:00,07:20:00,08:12:00,8,HIGH
TRN-12007,Synthetic Corridor Express 07,EXPRESS,SEC-RE-AWR,2025-01-06,08:10:00,09:00:00,08:18:00,09:09:00,9,HIGH
TRN-12007,Synthetic Corridor Express 07,EXPRESS,SEC-AWR-BKI,2025-01-06,09:06:00,09:51:00,09:15:00,10:01:00,10,HIGH
TRN-12007,Synthetic Corridor Express 07,EXPRESS,SEC-BKI-JP,2025-01-06,09:57:00,10:52:00,10:07:00,11:03:00,11,HIGH
TRN-12009,Synthetic Corridor Express 09,EXPRESS,SEC-NDLS-RE,2025-01-06,08:06:00,08:58:00,08:09:00,09:01:00,3,HIGH
TRN-12009,Synthetic Corridor Express 09,EXPRESS,SEC-RE-AWR,2025-01-06,09:04:00,09:54:00,09:08:00,10:00:00,6,HIGH
TRN-12009,Synthetic Corridor Express 09,EXPRESS,SEC-AWR-BKI,2025-01-06,10:00:00,10:45:00,10:06:00,10:51:00,6,HIGH
TRN-12009,Synthetic Corridor Express 09,EXPRESS,SEC-BKI-JP,2025-01-06,10:51:00,11:46:00,10:58:00,11:53:00,7,HIGH
TRN-12010,Synthetic Corridor Express 10,EXPRESS,SEC-NDLS-RE,2025-01-06,08:33:00,09:25:00,08:37:00,09:30:00,5,HIGH
TRN-12010,Synthetic Corridor Express 10,EXPRESS,SEC-RE-AWR,2025-01-06,09:31:00,10:21:00,09:36:00,10:28:00,7,HIGH
TRN-12010,Synthetic Corridor Express 10,EXPRESS,SEC-AWR-BKI,2025-01-06,10:27:00,11:12:00,10:34:00,11:19:00,7,HIGH
TRN-12010,Synthetic Corridor Express 10,EXPRESS,SEC-BKI-JP,2025-01-06,11:18:00,12:13:00,11:25:00,12:20:00,7,HIGH
TRN-12011,Synthetic Corridor Passenger 11,PASSENGER,SEC-NDLS-RE,2025-01-06,09:00:00,10:02:00,09:04:00,10:07:00,5,MEDIUM
TRN-12011,Synthetic Corridor Passenger 11,PASSENGER,SEC-RE-AWR,2025-01-06,10:11:00,11:10:00,10:17:00,11:19:00,9,MEDIUM
TRN-12011,Synthetic Corridor Passenger 11,PASSENGER,SEC-AWR-BKI,2025-01-06,11:19:00,12:12:00,11:28:00,12:21:00,9,MEDIUM
TRN-12011,Synthetic Corridor Passenger 11,PASSENGER,SEC-BKI-JP,2025-01-06,12:21:00,13:27:00,12:30:00,13:36:00,9,MEDIUM
TRN-12012,Synthetic Corridor Passenger 12,PASSENGER,SEC-NDLS-RE,2025-01-06,09:27:00,10:29:00,09:29:00,10:31:00,2,MEDIUM
TRN-12012,Synthetic Corridor Passenger 12,PASSENGER,SEC-RE-AWR,2025-01-06,10:38:00,11:37:00,10:40:00,11:39:00,2,MEDIUM
TRN-12012,Synthetic Corridor Passenger 12,PASSENGER,SEC-AWR-BKI,2025-01-06,11:46:00,12:39:00,11:49:00,12:42:00,3,MEDIUM
TRN-12012,Synthetic Corridor Passenger 12,PASSENGER,SEC-BKI-JP,2025-01-06,12:48:00,13:54:00,12:51:00,13:58:00,4,MEDIUM
TRN-12013,Synthetic Corridor Passenger 13,PASSENGER,SEC-NDLS-RE,2025-01-06,09:54:00,10:56:00,10:00:00,11:04:00,8,MEDIUM
TRN-12013,Synthetic Corridor Passenger 13,PASSENGER,SEC-RE-AWR,2025-01-06,11:05:00,12:04:00,11:13:00,12:13:00,9,MEDIUM
TRN-12013,Synthetic Corridor Passenger 13,PASSENGER,SEC-AWR-BKI,2025-01-06,12:13:00,13:06:00,12:23:00,13:18:00,12,MEDIUM
TRN-12013,Synthetic Corridor Passenger 13,PASSENGER,SEC-BKI-JP,2025-01-06,13:15:00,14:21:00,13:27:00,14:35:00,14,MEDIUM
TRN-12014,Synthetic Corridor Passenger 14,PASSENGER,SEC-NDLS-RE,2025-01-06,10:21:00,11:23:00,10:21:00,11:23:00,0,MEDIUM
TRN-12014,Synthetic Corridor Passenger 14,PASSENGER,SEC-RE-AWR,2025-01-06,11:32:00,12:31:00,11:32:00,12:33:00,2,MEDIUM
TRN-12014,Synthetic Corridor Passenger 14,PASSENGER,SEC-AWR-BKI,2025-01-06,12:40:00,13:33:00,12:42:00,13:35:00,2,MEDIUM
TRN-12014,Synthetic Corridor Passenger 14,PASSENGER,SEC-BKI-JP,2025-01-06,13:42:00,14:48:00,13:44:00,14:50:00,2,MEDIUM
TRN-12015,Synthetic Corridor Passenger 15,PASSENGER,SEC-NDLS-RE,2025-01-06,10:48:00,11:50:00,10:51:00,11:53:00,3,MEDIUM
TRN-12015,Synthetic Corridor Passenger 15,PASSENGER,SEC-RE-AWR,2025-01-06,11:59:00,12:58:00,12:03:00,13:03:00,5,MEDIUM
TRN-12015,Synthetic Corridor Passenger 15,PASSENGER,SEC-AWR-BKI,2025-01-06,13:07:00,14:00:00,13:12:00,14:05:00,5,MEDIUM
TRN-12015,Synthetic Corridor Passenger 15,PASSENGER,SEC-BKI-JP,2025-01-06,14:09:00,15:15:00,14:14:00,15:20:00,5,MEDIUM
TRN-12016,Synthetic Corridor Passenger 16,PASSENGER,SEC-NDLS-RE,2025-01-06,11:15:00,12:17:00,11:15:00,12:19:00,2,MEDIUM
TRN-12016,Synthetic Corridor Passenger 16,PASSENGER,SEC-RE-AWR,2025-01-06,12:26:00,13:25:00,12:28:00,13:27:00,2,MEDIUM
TRN-12016,Synthetic Corridor Passenger 16,PASSENGER,SEC-AWR-BKI,2025-01-06,13:34:00,14:27:00,13:36:00,14:29:00,2,MEDIUM
TRN-12016,Synthetic Corridor Passenger 16,PASSENGER,SEC-BKI-JP,2025-01-06,14:36:00,15:42:00,14:38:00,15:44:00,2,MEDIUM
TRN-12017,Synthetic Corridor Passenger 17,PASSENGER,SEC-NDLS-RE,2025-01-06,11:42:00,12:44:00,11:45:00,12:47:00,3,MEDIUM
TRN-12017,Synthetic Corridor Passenger 17,PASSENGER,SEC-RE-AWR,2025-01-06,12:53:00,13:52:00,12:56:00,13:55:00,3,MEDIUM
TRN-12017,Synthetic Corridor Passenger 17,PASSENGER,SEC-AWR-BKI,2025-01-06,14:01:00,14:54:00,14:04:00,14:57:00,3,MEDIUM
TRN-12017,Synthetic Corridor Passenger 17,PASSENGER,SEC-BKI-JP,2025-01-06,15:03:00,16:09:00,15:06:00,16:12:00,3,MEDIUM
TRN-12018,Synthetic Corridor Passenger 18,PASSENGER,SEC-NDLS-RE,2025-01-06,12:09:00,13:11:00,12:10:00,13:12:00,1,MEDIUM
TRN-12018,Synthetic Corridor Passenger 18,PASSENGER,SEC-RE-AWR,2025-01-06,13:20:00,14:19:00,13:21:00,14:20:00,1,MEDIUM
TRN-12018,Synthetic Corridor Passenger 18,PASSENGER,SEC-AWR-BKI,2025-01-06,14:28:00,15:21:00,14:29:00,15:23:00,2,MEDIUM
TRN-12018,Synthetic Corridor Passenger 18,PASSENGER,SEC-BKI-JP,2025-01-06,15:30:00,16:36:00,15:32:00,16:39:00,3,MEDIUM
TRN-12019,Synthetic Corridor Freight 19,FREIGHT,SEC-NDLS-RE,2025-01-06,12:36:00,13:58:00,12:39:00,14:01:00,3,LOW
TRN-12019,Synthetic Corridor Freight 19,FREIGHT,SEC-RE-AWR,2025-01-06,14:10:00,15:28:00,14:13:00,15:32:00,4,LOW
TRN-12019,Synthetic Corridor Freight 19,FREIGHT,SEC-AWR-BKI,2025-01-06,15:40:00,16:51:00,15:44:00,16:55:00,4,LOW
TRN-12019,Synthetic Corridor Freight 19,FREIGHT,SEC-BKI-JP,2025-01-06,17:03:00,18:31:00,17:07:00,18:35:00,4,LOW
TRN-12021,Synthetic Corridor Freight 21,FREIGHT,SEC-NDLS-RE,2025-01-06,13:30:00,14:52:00,13:33:00,14:57:00,5,LOW
TRN-12021,Synthetic Corridor Freight 21,FREIGHT,SEC-RE-AWR,2025-01-06,15:04:00,16:22:00,15:09:00,16:27:00,5,LOW
TRN-12021,Synthetic Corridor Freight 21,FREIGHT,SEC-AWR-BKI,2025-01-06,16:34:00,17:45:00,16:40:00,17:52:00,7,LOW
TRN-12021,Synthetic Corridor Freight 21,FREIGHT,SEC-BKI-JP,2025-01-06,17:57:00,19:25:00,18:04:00,19:33:00,8,LOW
TRN-12022,Synthetic Corridor Freight 22,FREIGHT,SEC-NDLS-RE,2025-01-06,13:57:00,15:19:00,14:00:00,15:23:00,4,LOW
TRN-12022,Synthetic Corridor Freight 22,FREIGHT,SEC-RE-AWR,2025-01-06,15:31:00,16:49:00,15:35:00,16:54:00,5,LOW
TRN-12022,Synthetic Corridor Freight 22,FREIGHT,SEC-AWR-BKI,2025-01-06,17:01:00,18:12:00,17:06:00,18:17:00,5,LOW
TRN-12022,Synthetic Corridor Freight 22,FREIGHT,SEC-BKI-JP,2025-01-06,18:24:00,19:52:00,18:29:00,19:58:00,6,LOW
TRN-12023,Synthetic Corridor Freight 23,FREIGHT,SEC-NDLS-RE,2025-01-06,14:24:00,15:46:00,14:27:00,15:51:00,5,LOW
TRN-12023,Synthetic Corridor Freight 23,FREIGHT,SEC-RE-AWR,2025-01-06,15:58:00,17:16:00,16:03:00,17:22:00,6,LOW
TRN-12023,Synthetic Corridor Freight 23,FREIGHT,SEC-AWR-BKI,2025-01-06,17:28:00,18:39:00,17:34:00,18:45:00,6,LOW
TRN-12023,Synthetic Corridor Freight 23,FREIGHT,SEC-BKI-JP,2025-01-06,18:51:00,20:19:00,18:57:00,20:27:00,8,LOW
TRN-12001,Synthetic Corridor Express 01,EXPRESS,SEC-NDLS-RE,2025-01-07,04:30:00,05:22:00,04:31:00,05:23:00,1,HIGH
TRN-12001,Synthetic Corridor Express 01,EXPRESS,SEC-RE-AWR,2025-01-07,05:28:00,06:18:00,05:29:00,06:19:00,1,HIGH
TRN-12001,Synthetic Corridor Express 01,EXPRESS,SEC-AWR-BKI,2025-01-07,06:24:00,07:09:00,06:25:00,07:10:00,1,HIGH
TRN-12001,Synthetic Corridor Express 01,EXPRESS,SEC-BKI-JP,2025-01-07,07:15:00,08:10:00,07:17:00,08:12:00,2,HIGH
TRN-12002,Synthetic Corridor Express 02,EXPRESS,SEC-NDLS-RE,2025-01-07,04:57:00,05:49:00,04:57:00,05:49:00,0,HIGH
TRN-12002,Synthetic Corridor Express 02,EXPRESS,SEC-RE-AWR,2025-01-07,05:55:00,06:45:00,05:55:00,06:46:00,1,HIGH
TRN-12002,Synthetic Corridor Express 02,EXPRESS,SEC-AWR-BKI,2025-01-07,06:51:00,07:36:00,06:53:00,07:38:00,2,HIGH
TRN-12002,Synthetic Corridor Express 02,EXPRESS,SEC-BKI-JP,2025-01-07,07:42:00,08:37:00,07:44:00,08:39:00,2,HIGH
TRN-12004,Synthetic Corridor Express 04,EXPRESS,SEC-NDLS-RE,2025-01-07,05:51:00,06:43:00,05:55:00,06:47:00,4,HIGH
TRN-12004,Synthetic Corridor Express 04,EXPRESS,SEC-RE-AWR,2025-01-07,06:49:00,07:39:00,06:53:00,07:43:00,4,HIGH
TRN-12004,Synthetic Corridor Express 04,EXPRESS,SEC-AWR-BKI,2025-01-07,07:45:00,08:30:00,07:49:00,08:34:00,4,HIGH
TRN-12004,Synthetic Corridor Express 04,EXPRESS,SEC-BKI-JP,2025-01-07,08:36:00,09:31:00,08:40:00,09:36:00,5,HIGH
TRN-12005,Synthetic Corridor Express 05,EXPRESS,SEC-NDLS-RE,2025-01-07,06:18:00,07:10:00,06:20:00,07:13:00,3,HIGH
TRN-12005,Synthetic Corridor Express 05,EXPRESS,SEC-RE-AWR,2025-01-07,07:16:00,08:06:00,07:19:00,08:10:00,4,HIGH
TRN-12005,Synthetic Corridor Express 05,EXPRESS,SEC-AWR-BKI,2025-01-07,08:12:00,08:57:00,08:16:00,09:02:00,5,HIGH
TRN-12005,Synthetic Corridor Express 05,EXPRESS,SEC-BKI-JP,2025-01-07,09:03:00,09:58:00,09:08:00,10:03:00,5,HIGH
TRN-12006,Synthetic Corridor Express 06,EXPRESS,SEC-NDLS-RE,2025-01-07,06:45:00,07:37:00,06:49:00,07:43:00,6,HIGH
TRN-12006,Synthetic Corridor Express 06,EXPRESS,SEC-RE-AWR,2025-01-07,07:43:00,08:33:00,07:49:00,08:39:00,6,HIGH
TRN-12006,Synthetic Corridor Express 06,EXPRESS,SEC-AWR-BKI,2025-01-07,08:39:00,09:24:00,08:45:00,09:30:00,6,HIGH
TRN-12006,Synthetic Corridor Express 06,EXPRESS,SEC-BKI-JP,2025-01-07,09:30:00,10:25:00,09:36:00,10:31:00,6,HIGH
TRN-12008,Synthetic Corridor Express 08,EXPRESS,SEC-NDLS-RE,2025-01-07,07:39:00,08:31:00,07:47:00,08:39:00,8,HIGH
TRN-12008,Synthetic Corridor Express 08,EXPRESS,SEC-RE-AWR,2025-01-07,08:37:00,09:27:00,08:45:00,09:35:00,8,HIGH
TRN-12008,Synthetic Corridor Express 08,EXPRESS,SEC-AWR-BKI,2025-01-07,09:33:00,10:18:00,09:42:00,10:27:00,9,HIGH
TRN-12008,Synthetic Corridor Express 08,EXPRESS,SEC-BKI-JP,2025-01-07,10:24:00,11:19:00,10:33:00,11:28:00,9,HIGH
TRN-12009,Synthetic Corridor Express 09,EXPRESS,SEC-NDLS-RE,2025-01-07,08:06:00,08:58:00,08:13:00,09:05:00,7,HIGH
TRN-12009,Synthetic Corridor Express 09,EXPRESS,SEC-RE-AWR,2025-01-07,09:04:00,09:54:00,09:11:00,10:01:00,7,HIGH
TRN-12009,Synthetic Corridor Express 09,EXPRESS,SEC-AWR-BKI,2025-01-07,10:00:00,10:45:00,10:07:00,10:52:00,7,HIGH
TRN-12009,Synthetic Corridor Express 09,EXPRESS,SEC-BKI-JP,2025-01-07,10:51:00,11:46:00,10:58:00,11:54:00,8,HIGH
TRN-12010,Synthetic Corridor Express 10,EXPRESS,SEC-NDLS-RE,2025-01-07,08:33:00,09:25:00,08:35:00,09:28:00,3,HIGH
TRN-12010,Synthetic Corridor Express 10,EXPRESS,SEC-RE-AWR,2025-01-07,09:31:00,10:21:00,09:36:00,10:26:00,5,HIGH
TRN-12010,Synthetic Corridor Express 10,EXPRESS,SEC-AWR-BKI,2025-01-07,10:27:00,11:12:00,10:33:00,11:18:00,6,HIGH
TRN-12010,Synthetic Corridor Express 10,EXPRESS,SEC-BKI-JP,2025-01-07,11:18:00,12:13:00,11:26:00,12:21:00,8,HIGH
TRN-12011,Synthetic Corridor Passenger 11,PASSENGER,SEC-NDLS-RE,2025-01-07,09:00:00,10:02:00,09:03:00,10:07:00,5,MEDIUM
TRN-12011,Synthetic Corridor Passenger 11,PASSENGER,SEC-RE-AWR,2025-01-07,10:11:00,11:10:00,10:16:00,11:15:00,5,MEDIUM
TRN-12011,Synthetic Corridor Passenger 11,PASSENGER,SEC-AWR-BKI,2025-01-07,11:19:00,12:12:00,11:26:00,12:20:00,8,MEDIUM
TRN-12011,Synthetic Corridor Passenger 11,PASSENGER,SEC-BKI-JP,2025-01-07,12:21:00,13:27:00,12:29:00,13:35:00,8,MEDIUM
TRN-12012,Synthetic Corridor Passenger 12,PASSENGER,SEC-NDLS-RE,2025-01-07,09:27:00,10:29:00,09:30:00,10:32:00,3,MEDIUM
TRN-12012,Synthetic Corridor Passenger 12,PASSENGER,SEC-RE-AWR,2025-01-07,10:38:00,11:37:00,10:41:00,11:40:00,3,MEDIUM
TRN-12012,Synthetic Corridor Passenger 12,PASSENGER,SEC-AWR-BKI,2025-01-07,11:46:00,12:39:00,11:49:00,12:43:00,4,MEDIUM
TRN-12012,Synthetic Corridor Passenger 12,PASSENGER,SEC-BKI-JP,2025-01-07,12:48:00,13:54:00,12:53:00,13:59:00,5,MEDIUM
TRN-12013,Synthetic Corridor Passenger 13,PASSENGER,SEC-NDLS-RE,2025-01-07,09:54:00,10:56:00,10:01:00,11:05:00,9,MEDIUM
TRN-12013,Synthetic Corridor Passenger 13,PASSENGER,SEC-RE-AWR,2025-01-07,11:05:00,12:04:00,11:14:00,12:13:00,9,MEDIUM
TRN-12013,Synthetic Corridor Passenger 13,PASSENGER,SEC-AWR-BKI,2025-01-07,12:13:00,13:06:00,12:22:00,13:15:00,9,MEDIUM
TRN-12013,Synthetic Corridor Passenger 13,PASSENGER,SEC-BKI-JP,2025-01-07,13:15:00,14:21:00,13:24:00,14:30:00,9,MEDIUM
TRN-12014,Synthetic Corridor Passenger 14,PASSENGER,SEC-NDLS-RE,2025-01-07,10:21:00,11:23:00,10:23:00,11:26:00,3,MEDIUM
TRN-12014,Synthetic Corridor Passenger 14,PASSENGER,SEC-RE-AWR,2025-01-07,11:32:00,12:31:00,11:35:00,12:34:00,3,MEDIUM
TRN-12014,Synthetic Corridor Passenger 14,PASSENGER,SEC-AWR-BKI,2025-01-07,12:40:00,13:33:00,12:43:00,13:36:00,3,MEDIUM
TRN-12014,Synthetic Corridor Passenger 14,PASSENGER,SEC-BKI-JP,2025-01-07,13:42:00,14:48:00,13:45:00,14:52:00,4,MEDIUM
TRN-12015,Synthetic Corridor Passenger 15,PASSENGER,SEC-NDLS-RE,2025-01-07,10:48:00,11:50:00,10:49:00,11:51:00,1,MEDIUM
TRN-12015,Synthetic Corridor Passenger 15,PASSENGER,SEC-RE-AWR,2025-01-07,11:59:00,12:58:00,12:00:00,12:59:00,1,MEDIUM
TRN-12015,Synthetic Corridor Passenger 15,PASSENGER,SEC-AWR-BKI,2025-01-07,13:07:00,14:00:00,13:08:00,14:02:00,2,MEDIUM
TRN-12015,Synthetic Corridor Passenger 15,PASSENGER,SEC-BKI-JP,2025-01-07,14:09:00,15:15:00,14:11:00,15:18:00,3,MEDIUM
TRN-12016,Synthetic Corridor Passenger 16,PASSENGER,SEC-NDLS-RE,2025-01-07,11:15:00,12:17:00,11:15:00,12:17:00,0,MEDIUM
TRN-12016,Synthetic Corridor Passenger 16,PASSENGER,SEC-RE-AWR,2025-01-07,12:26:00,13:25:00,12:26:00,13:26:00,1,MEDIUM
TRN-12016,Synthetic Corridor Passenger 16,PASSENGER,SEC-AWR-BKI,2025-01-07,13:34:00,14:27:00,13:35:00,14:30:00,3,MEDIUM
TRN-12016,Synthetic Corridor Passenger 16,PASSENGER,SEC-BKI-JP,2025-01-07,14:36:00,15:42:00,14:39:00,15:47:00,5,MEDIUM
TRN-12017,Synthetic Corridor Passenger 17,PASSENGER,SEC-NDLS-RE,2025-01-07,11:42:00,12:44:00,11:43:00,12:46:00,2,MEDIUM
TRN-12017,Synthetic Corridor Passenger 17,PASSENGER,SEC-RE-AWR,2025-01-07,12:53:00,13:52:00,12:55:00,13:54:00,2,MEDIUM
TRN-12017,Synthetic Corridor Passenger 17,PASSENGER,SEC-AWR-BKI,2025-01-07,14:01:00,14:54:00,14:03:00,14:56:00,2,MEDIUM
TRN-12017,Synthetic Corridor Passenger 17,PASSENGER,SEC-BKI-JP,2025-01-07,15:03:00,16:09:00,15:05:00,16:11:00,2,MEDIUM
TRN-12018,Synthetic Corridor Passenger 18,PASSENGER,SEC-NDLS-RE,2025-01-07,12:09:00,13:11:00,12:13:00,13:15:00,4,MEDIUM
TRN-12018,Synthetic Corridor Passenger 18,PASSENGER,SEC-RE-AWR,2025-01-07,13:20:00,14:19:00,13:25:00,14:24:00,5,MEDIUM
TRN-12018,Synthetic Corridor Passenger 18,PASSENGER,SEC-AWR-BKI,2025-01-07,14:28:00,15:21:00,14:35:00,15:29:00,8,MEDIUM
TRN-12018,Synthetic Corridor Passenger 18,PASSENGER,SEC-BKI-JP,2025-01-07,15:30:00,16:36:00,15:38:00,16:44:00,8,MEDIUM
TRN-12020,Synthetic Corridor Freight 20,FREIGHT,SEC-NDLS-RE,2025-01-07,13:03:00,14:25:00,13:05:00,14:28:00,3,LOW
TRN-12020,Synthetic Corridor Freight 20,FREIGHT,SEC-RE-AWR,2025-01-07,14:37:00,15:55:00,14:41:00,16:00:00,5,LOW
TRN-12020,Synthetic Corridor Freight 20,FREIGHT,SEC-AWR-BKI,2025-01-07,16:07:00,17:18:00,16:12:00,17:24:00,6,LOW
TRN-12020,Synthetic Corridor Freight 20,FREIGHT,SEC-BKI-JP,2025-01-07,17:30:00,18:58:00,17:37:00,19:08:00,10,LOW
TRN-12021,Synthetic Corridor Freight 21,FREIGHT,SEC-NDLS-RE,2025-01-07,13:30:00,14:52:00,13:35:00,14:57:00,5,LOW
TRN-12021,Synthetic Corridor Freight 21,FREIGHT,SEC-RE-AWR,2025-01-07,15:04:00,16:22:00,15:09:00,16:28:00,6,LOW
TRN-12021,Synthetic Corridor Freight 21,FREIGHT,SEC-AWR-BKI,2025-01-07,16:34:00,17:45:00,16:40:00,17:52:00,7,LOW
TRN-12021,Synthetic Corridor Freight 21,FREIGHT,SEC-BKI-JP,2025-01-07,17:57:00,19:25:00,18:04:00,19:32:00,7,LOW
TRN-12022,Synthetic Corridor Freight 22,FREIGHT,SEC-NDLS-RE,2025-01-07,13:57:00,15:19:00,14:03:00,15:28:00,9,LOW
TRN-12022,Synthetic Corridor Freight 22,FREIGHT,SEC-RE-AWR,2025-01-07,15:31:00,16:49:00,15:42:00,17:02:00,13,LOW
TRN-12022,Synthetic Corridor Freight 22,FREIGHT,SEC-AWR-BKI,2025-01-07,17:01:00,18:12:00,17:15:00,18:27:00,15,LOW
TRN-12022,Synthetic Corridor Freight 22,FREIGHT,SEC-BKI-JP,2025-01-07,18:24:00,19:52:00,18:39:00,20:08:00,16,LOW
TRN-12024,Synthetic Corridor Freight 24,FREIGHT,SEC-NDLS-RE,2025-01-07,14:51:00,16:13:00,14:56:00,16:19:00,6,LOW
TRN-12024,Synthetic Corridor Freight 24,FREIGHT,SEC-RE-AWR,2025-01-07,16:25:00,17:43:00,16:31:00,17:49:00,6,LOW
TRN-12024,Synthetic Corridor Freight 24,FREIGHT,SEC-AWR-BKI,2025-01-07,17:55:00,19:06:00,18:01:00,19:13:00,7,LOW
TRN-12024,Synthetic Corridor Freight 24,FREIGHT,SEC-BKI-JP,2025-01-07,19:18:00,20:46:00,19:25:00,20:54:00,8,LOW
TRN-12001,Synthetic Corridor Express 01,EXPRESS,SEC-NDLS-RE,2025-01-08,04:30:00,05:22:00,04:41:00,05:38:00,16,HIGH
TRN-12001,Synthetic Corridor Express 01,EXPRESS,SEC-RE-AWR,2025-01-08,05:28:00,06:18:00,05:45:00,06:39:00,21,HIGH
TRN-12001,Synthetic Corridor Express 01,EXPRESS,SEC-AWR-BKI,2025-01-08,06:24:00,07:09:00,06:49:00,07:37:00,28,HIGH
TRN-12001,Synthetic Corridor Express 01,EXPRESS,SEC-BKI-JP,2025-01-08,07:15:00,08:10:00,07:44:00,08:43:00,33,HIGH
TRN-12002,Synthetic Corridor Express 02,EXPRESS,SEC-NDLS-RE,2025-01-08,04:57:00,05:49:00,05:08:00,06:03:00,14,HIGH
TRN-12002,Synthetic Corridor Express 02,EXPRESS,SEC-RE-AWR,2025-01-08,05:55:00,06:45:00,06:10:00,07:03:00,18,HIGH
TRN-12002,Synthetic Corridor Express 02,EXPRESS,SEC-AWR-BKI,2025-01-08,06:51:00,07:36:00,07:10:00,07:58:00,22,HIGH
TRN-12002,Synthetic Corridor Express 02,EXPRESS,SEC-BKI-JP,2025-01-08,07:42:00,08:37:00,08:04:00,09:00:00,23,HIGH
TRN-12003,Synthetic Corridor Express 03,EXPRESS,SEC-NDLS-RE,2025-01-08,05:24:00,06:16:00,05:37:00,06:31:00,15,HIGH
TRN-12003,Synthetic Corridor Express 03,EXPRESS,SEC-RE-AWR,2025-01-08,06:22:00,07:12:00,06:40:00,07:32:00,20,HIGH
TRN-12003,Synthetic Corridor Express 03,EXPRESS,SEC-AWR-BKI,2025-01-08,07:18:00,08:03:00,07:40:00,08:27:00,24,HIGH
TRN-12003,Synthetic Corridor Express 03,EXPRESS,SEC-BKI-JP,2025-01-08,08:09:00,09:04:00,08:33:00,09:30:00,26,HIGH
TRN-12005,Synthetic Corridor Express 05,EXPRESS,SEC-NDLS-RE,2025-01-08,06:18:00,07:10:00,06:32:00,07:27:00,17,HIGH
TRN-12005,Synthetic Corridor Express 05,EXPRESS,SEC-RE-AWR,2025-01-08,07:16:00,08:06:00,07:34:00,08:27:00,21,HIGH
TRN-12005,Synthetic Corridor Express 05,EXPRESS,SEC-AWR-BKI,2025-01-08,08:12:00,08:57:00,08:33:00,09:18:00,21,HIGH
TRN-12005,Synthetic Corridor Express 05,EXPRESS,SEC-BKI-JP,2025-01-08,09:03:00,09:58:00,09:26:00,10:21:00,23,HIGH
TRN-12006,Synthetic Corridor Express 06,EXPRESS,SEC-NDLS-RE,2025-01-08,06:45:00,07:37:00,06:57:00,07:53:00,16,HIGH
TRN-12006,Synthetic Corridor Express 06,EXPRESS,SEC-RE-AWR,2025-01-08,07:43:00,08:33:00,08:03:00,08:54:00,21,HIGH
TRN-12006,Synthetic Corridor Express 06,EXPRESS,SEC-AWR-BKI,2025-01-08,08:39:00,09:24:00,09:02:00,09:49:00,25,HIGH
TRN-12006,Synthetic Corridor Express 06,EXPRESS,SEC-BKI-JP,2025-01-08,09:30:00,10:25:00,09:56:00,10:54:00,29,HIGH
TRN-12007,Synthetic Corridor Express 07,EXPRESS,SEC-NDLS-RE,2025-01-08,07:12:00,08:04:00,07:27:00,08:25:00,21,HIGH
TRN-12007,Synthetic Corridor Express 07,EXPRESS,SEC-RE-AWR,2025-01-08,08:10:00,09:00:00,08:33:00,09:25:00,25,HIGH
TRN-12007,Synthetic Corridor Express 07,EXPRESS,SEC-AWR-BKI,2025-01-08,09:06:00,09:51:00,09:33:00,10:20:00,29,HIGH
TRN-12007,Synthetic Corridor Express 07,EXPRESS,SEC-BKI-JP,2025-01-08,09:57:00,10:52:00,10:27:00,11:24:00,32,HIGH
TRN-12009,Synthetic Corridor Express 09,EXPRESS,SEC-NDLS-RE,2025-01-08,08:06:00,08:58:00,08:17:00,09:10:00,12,HIGH
TRN-12009,Synthetic Corridor Express 09,EXPRESS,SEC-RE-AWR,2025-01-08,09:04:00,09:54:00,09:18:00,10:09:00,15,HIGH
TRN-12009,Synthetic Corridor Express 09,EXPRESS,SEC-AWR-BKI,2025-01-08,10:00:00,10:45:00,10:16:00,11:02:00,17,HIGH
TRN-12009,Synthetic Corridor Express 09,EXPRESS,SEC-BKI-JP,2025-01-08,10:51:00,11:46:00,11:12:00,12:11:00,25,HIGH
TRN-12010,Synthetic Corridor Express 10,EXPRESS,SEC-NDLS-RE,2025-01-08,08:33:00,09:25:00,08:50:00,09:46:00,21,HIGH
TRN-12010,Synthetic Corridor Express 10,EXPRESS,SEC-RE-AWR,2025-01-08,09:31:00,10:21:00,09:55:00,10:48:00,27,HIGH
TRN-12010,Synthetic Corridor Express 10,EXPRESS,SEC-AWR-BKI,2025-01-08,10:27:00,11:12:00,10:56:00,11:43:00,31,HIGH
TRN-12010,Synthetic Corridor Express 10,EXPRESS,SEC-BKI-JP,2025-01-08,11:18:00,12:13:00,11:49:00,12:45:00,32,HIGH
TRN-12011,Synthetic Corridor Passenger 11,PASSENGER,SEC-NDLS-RE,2025-01-08,09:00:00,10:02:00,09:13:00,10:19:00,17,MEDIUM
TRN-12011,Synthetic Corridor Passenger 11,PASSENGER,SEC-RE-AWR,2025-01-08,10:11:00,11:10:00,10:31:00,11:31:00,21,MEDIUM
TRN-12011,Synthetic Corridor Passenger 11,PASSENGER,SEC-AWR-BKI,2025-01-08,11:19:00,12:12:00,11:41:00,12:37:00,25,MEDIUM
TRN-12011,Synthetic Corridor Passenger 11,PASSENGER,SEC-BKI-JP,2025-01-08,12:21:00,13:27:00,12:47:00,13:57:00,30,MEDIUM
TRN-12012,Synthetic Corridor Passenger 12,PASSENGER,SEC-NDLS-RE,2025-01-08,09:27:00,10:29:00,09:42:00,10:47:00,18,MEDIUM
TRN-12012,Synthetic Corridor Passenger 12,PASSENGER,SEC-RE-AWR,2025-01-08,10:38:00,11:37:00,10:56:00,11:59:00,22,MEDIUM
TRN-12012,Synthetic Corridor Passenger 12,PASSENGER,SEC-AWR-BKI,2025-01-08,11:46:00,12:39:00,12:09:00,13:05:00,26,MEDIUM
TRN-12012,Synthetic Corridor Passenger 12,PASSENGER,SEC-BKI-JP,2025-01-08,12:48:00,13:54:00,13:15:00,14:24:00,30,MEDIUM
TRN-12013,Synthetic Corridor Passenger 13,PASSENGER,SEC-NDLS-RE,2025-01-08,09:54:00,10:56:00,10:08:00,11:13:00,17,MEDIUM
TRN-12013,Synthetic Corridor Passenger 13,PASSENGER,SEC-RE-AWR,2025-01-08,11:05:00,12:04:00,11:23:00,12:23:00,19,MEDIUM
TRN-12013,Synthetic Corridor Passenger 13,PASSENGER,SEC-AWR-BKI,2025-01-08,12:13:00,13:06:00,12:33:00,13:31:00,25,MEDIUM
TRN-12013,Synthetic Corridor Passenger 13,PASSENGER,SEC-BKI-JP,2025-01-08,13:15:00,14:21:00,13:42:00,14:52:00,31,MEDIUM
TRN-12014,Synthetic Corridor Passenger 14,PASSENGER,SEC-NDLS-RE,2025-01-08,10:21:00,11:23:00,10:34:00,11:39:00,16,MEDIUM
TRN-12014,Synthetic Corridor Passenger 14,PASSENGER,SEC-RE-AWR,2025-01-08,11:32:00,12:31:00,11:50:00,12:54:00,23,MEDIUM
TRN-12014,Synthetic Corridor Passenger 14,PASSENGER,SEC-AWR-BKI,2025-01-08,12:40:00,13:33:00,13:04:00,14:01:00,28,MEDIUM
TRN-12014,Synthetic Corridor Passenger 14,PASSENGER,SEC-BKI-JP,2025-01-08,13:42:00,14:48:00,14:10:00,15:20:00,32,MEDIUM
TRN-12015,Synthetic Corridor Passenger 15,PASSENGER,SEC-NDLS-RE,2025-01-08,10:48:00,11:50:00,10:52:00,11:58:00,8,MEDIUM
TRN-12015,Synthetic Corridor Passenger 15,PASSENGER,SEC-RE-AWR,2025-01-08,11:59:00,12:58:00,12:07:00,13:13:00,15,MEDIUM
TRN-12015,Synthetic Corridor Passenger 15,PASSENGER,SEC-AWR-BKI,2025-01-08,13:07:00,14:00:00,13:24:00,14:21:00,21,MEDIUM
TRN-12015,Synthetic Corridor Passenger 15,PASSENGER,SEC-BKI-JP,2025-01-08,14:09:00,15:15:00,14:32:00,15:40:00,25,MEDIUM
TRN-12016,Synthetic Corridor Passenger 16,PASSENGER,SEC-NDLS-RE,2025-01-08,11:15:00,12:17:00,11:25:00,12:31:00,14,MEDIUM
TRN-12016,Synthetic Corridor Passenger 16,PASSENGER,SEC-RE-AWR,2025-01-08,12:26:00,13:25:00,12:42:00,13:49:00,24,MEDIUM
TRN-12016,Synthetic Corridor Passenger 16,PASSENGER,SEC-AWR-BKI,2025-01-08,13:34:00,14:27:00,13:59:00,14:56:00,29,MEDIUM
TRN-12016,Synthetic Corridor Passenger 16,PASSENGER,SEC-BKI-JP,2025-01-08,14:36:00,15:42:00,15:08:00,16:18:00,36,MEDIUM
TRN-12017,Synthetic Corridor Passenger 17,PASSENGER,SEC-NDLS-RE,2025-01-08,11:42:00,12:44:00,11:47:00,12:51:00,7,MEDIUM
TRN-12017,Synthetic Corridor Passenger 17,PASSENGER,SEC-RE-AWR,2025-01-08,12:53:00,13:52:00,13:00:00,14:05:00,13,MEDIUM
TRN-12017,Synthetic Corridor Passenger 17,PASSENGER,SEC-AWR-BKI,2025-01-08,14:01:00,14:54:00,14:16:00,15:13:00,19,MEDIUM
TRN-12017,Synthetic Corridor Passenger 17,PASSENGER,SEC-BKI-JP,2025-01-08,15:03:00,16:09:00,15:23:00,16:31:00,22,MEDIUM
TRN-12018,Synthetic Corridor Passenger 18,PASSENGER,SEC-NDLS-RE,2025-01-08,12:09:00,13:11:00,12:17:00,13:20:00,9,MEDIUM
TRN-12018,Synthetic Corridor Passenger 18,PASSENGER,SEC-RE-AWR,2025-01-08,13:20:00,14:19:00,13:30:00,14:33:00,14,MEDIUM
TRN-12018,Synthetic Corridor Passenger 18,PASSENGER,SEC-AWR-BKI,2025-01-08,14:28:00,15:21:00,14:42:00,15:38:00,17,MEDIUM
TRN-12018,Synthetic Corridor Passenger 18,PASSENGER,SEC-BKI-JP,2025-01-08,15:30:00,16:36:00,15:49:00,16:57:00,21,MEDIUM
TRN-12019,Synthetic Corridor Freight 19,FREIGHT,SEC-NDLS-RE,2025-01-08,12:36:00,13:58:00,12:49:00,14:13:00,15,LOW
TRN-12019,Synthetic Corridor Freight 19,FREIGHT,SEC-RE-AWR,2025-01-08,14:10:00,15:28:00,14:26:00,15:45:00,17,LOW
TRN-12019,Synthetic Corridor Freight 19,FREIGHT,SEC-AWR-BKI,2025-01-08,15:40:00,16:51:00,15:58:00,17:11:00,20,LOW
TRN-12019,Synthetic Corridor Freight 19,FREIGHT,SEC-BKI-JP,2025-01-08,17:03:00,18:31:00,17:25:00,18:56:00,25,LOW
TRN-12021,Synthetic Corridor Freight 21,FREIGHT,SEC-NDLS-RE,2025-01-08,13:30:00,14:52:00,13:37:00,15:05:00,13,LOW
TRN-12021,Synthetic Corridor Freight 21,FREIGHT,SEC-RE-AWR,2025-01-08,15:04:00,16:22:00,15:19:00,16:41:00,19,LOW
TRN-12021,Synthetic Corridor Freight 21,FREIGHT,SEC-AWR-BKI,2025-01-08,16:34:00,17:45:00,16:53:00,18:07:00,22,LOW
TRN-12021,Synthetic Corridor Freight 21,FREIGHT,SEC-BKI-JP,2025-01-08,17:57:00,19:25:00,18:20:00,19:48:00,23,LOW
TRN-12022,Synthetic Corridor Freight 22,FREIGHT,SEC-NDLS-RE,2025-01-08,13:57:00,15:19:00,14:08:00,15:33:00,14,LOW
TRN-12022,Synthetic Corridor Freight 22,FREIGHT,SEC-RE-AWR,2025-01-08,15:31:00,16:49:00,15:45:00,17:10:00,21,LOW
TRN-12022,Synthetic Corridor Freight 22,FREIGHT,SEC-AWR-BKI,2025-01-08,17:01:00,18:12:00,17:22:00,18:34:00,22,LOW
TRN-12022,Synthetic Corridor Freight 22,FREIGHT,SEC-BKI-JP,2025-01-08,18:24:00,19:52:00,18:48:00,20:19:00,27,LOW
TRN-12023,Synthetic Corridor Freight 23,FREIGHT,SEC-NDLS-RE,2025-01-08,14:24:00,15:46:00,14:33:00,16:00:00,14,LOW
TRN-12023,Synthetic Corridor Freight 23,FREIGHT,SEC-RE-AWR,2025-01-08,15:58:00,17:16:00,16:12:00,17:33:00,17,LOW
TRN-12023,Synthetic Corridor Freight 23,FREIGHT,SEC-AWR-BKI,2025-01-08,17:28:00,18:39:00,17:46:00,18:58:00,19,LOW
TRN-12023,Synthetic Corridor Freight 23,FREIGHT,SEC-BKI-JP,2025-01-08,18:51:00,20:19:00,19:12:00,20:45:00,26,LOW
TRN-12001,Synthetic Corridor Express 01,EXPRESS,SEC-NDLS-RE,2025-01-09,04:30:00,05:22:00,04:34:00,05:27:00,5,HIGH
TRN-12001,Synthetic Corridor Express 01,EXPRESS,SEC-RE-AWR,2025-01-09,05:28:00,06:18:00,05:33:00,06:23:00,5,HIGH
TRN-12001,Synthetic Corridor Express 01,EXPRESS,SEC-AWR-BKI,2025-01-09,06:24:00,07:09:00,06:29:00,07:15:00,6,HIGH
TRN-12001,Synthetic Corridor Express 01,EXPRESS,SEC-BKI-JP,2025-01-09,07:15:00,08:10:00,07:21:00,08:17:00,7,HIGH
TRN-12002,Synthetic Corridor Express 02,EXPRESS,SEC-NDLS-RE,2025-01-09,04:57:00,05:49:00,04:58:00,05:50:00,1,HIGH
TRN-12002,Synthetic Corridor Express 02,EXPRESS,SEC-RE-AWR,2025-01-09,05:55:00,06:45:00,05:56:00,06:46:00,1,HIGH
TRN-12002,Synthetic Corridor Express 02,EXPRESS,SEC-AWR-BKI,2025-01-09,06:51:00,07:36:00,06:52:00,07:37:00,1,HIGH
TRN-12002,Synthetic Corridor Express 02,EXPRESS,SEC-BKI-JP,2025-01-09,07:42:00,08:37:00,07:45:00,08:42:00,5,HIGH
TRN-12004,Synthetic Corridor Express 04,EXPRESS,SEC-NDLS-RE,2025-01-09,05:51:00,06:43:00,05:56:00,06:48:00,5,HIGH
TRN-12004,Synthetic Corridor Express 04,EXPRESS,SEC-RE-AWR,2025-01-09,06:49:00,07:39:00,06:54:00,07:44:00,5,HIGH
TRN-12004,Synthetic Corridor Express 04,EXPRESS,SEC-AWR-BKI,2025-01-09,07:45:00,08:30:00,07:50:00,08:35:00,5,HIGH
TRN-12004,Synthetic Corridor Express 04,EXPRESS,SEC-BKI-JP,2025-01-09,08:36:00,09:31:00,08:41:00,09:37:00,6,HIGH
TRN-12005,Synthetic Corridor Express 05,EXPRESS,SEC-NDLS-RE,2025-01-09,06:18:00,07:10:00,06:19:00,07:11:00,1,HIGH
TRN-12005,Synthetic Corridor Express 05,EXPRESS,SEC-RE-AWR,2025-01-09,07:16:00,08:06:00,07:17:00,08:08:00,2,HIGH
TRN-12005,Synthetic Corridor Express 05,EXPRESS,SEC-AWR-BKI,2025-01-09,08:12:00,08:57:00,08:14:00,08:59:00,2,HIGH
TRN-12005,Synthetic Corridor Express 05,EXPRESS,SEC-BKI-JP,2025-01-09,09:03:00,09:58:00,09:07:00,10:02:00,4,HIGH
TRN-12006,Synthetic Corridor Express 06,EXPRESS,SEC-NDLS-RE,2025-01-09,06:45:00,07:37:00,06:45:00,07:38:00,1,HIGH
TRN-12006,Synthetic Corridor Express 06,EXPRESS,SEC-RE-AWR,2025-01-09,07:43:00,08:33:00,07:44:00,08:36:00,3,HIGH
TRN-12006,Synthetic Corridor Express 06,EXPRESS,SEC-AWR-BKI,2025-01-09,08:39:00,09:24:00,08:42:00,09:27:00,3,HIGH
TRN-12006,Synthetic Corridor Express 06,EXPRESS,SEC-BKI-JP,2025-01-09,09:30:00,10:25:00,09:33:00,10:28:00,3,HIGH
TRN-12008,Synthetic Corridor Express 08,EXPRESS,SEC-NDLS-RE,2025-01-09,07:39:00,08:31:00,07:44:00,08:37:00,6,HIGH
TRN-12008,Synthetic Corridor Express 08,EXPRESS,SEC-RE-AWR,2025-01-09,08:37:00,09:27:00,08:43:00,09:33:00,6,HIGH
TRN-12008,Synthetic Corridor Express 08,EXPRESS,SEC-AWR-BKI,2025-01-09,09:33:00,10:18:00,09:39:00,10:24:00,6,HIGH
TRN-12008,Synthetic Corridor Express 08,EXPRESS,SEC-BKI-JP,2025-01-09,10:24:00,11:19:00,10:32:00,11:28:00,9,HIGH
TRN-12009,Synthetic Corridor Express 09,EXPRESS,SEC-NDLS-RE,2025-01-09,08:06:00,08:58:00,08:11:00,09:03:00,5,HIGH
TRN-12009,Synthetic Corridor Express 09,EXPRESS,SEC-RE-AWR,2025-01-09,09:04:00,09:54:00,09:09:00,09:59:00,5,HIGH
TRN-12009,Synthetic Corridor Express 09,EXPRESS,SEC-AWR-BKI,2025-01-09,10:00:00,10:45:00,10:05:00,10:51:00,6,HIGH
TRN-12009,Synthetic Corridor Express 09,EXPRESS,SEC-BKI-JP,2025-01-09,10:51:00,11:46:00,10:57:00,11:52:00,6,HIGH
TRN-12010,Synthetic Corridor Express 10,EXPRESS,SEC-NDLS-RE,2025-01-09,08:33:00,09:25:00,08:36:00,09:29:00,4,HIGH
TRN-12010,Synthetic Corridor Express 10,EXPRESS,SEC-RE-AWR,2025-01-09,09:31:00,10:21:00,09:36:00,10:26:00,5,HIGH
TRN-12010,Synthetic Corridor Express 10,EXPRESS,SEC-AWR-BKI,2025-01-09,10:27:00,11:12:00,10:32:00,11:17:00,5,HIGH
TRN-12010,Synthetic Corridor Express 10,EXPRESS,SEC-BKI-JP,2025-01-09,11:18:00,12:13:00,11:23:00,12:18:00,5,HIGH
TRN-12011,Synthetic Corridor Passenger 11,PASSENGER,SEC-NDLS-RE,2025-01-09,09:00:00,10:02:00,09:07:00,10:10:00,8,MEDIUM
TRN-12011,Synthetic Corridor Passenger 11,PASSENGER,SEC-RE-AWR,2025-01-09,10:11:00,11:10:00,10:19:00,11:18:00,8,MEDIUM
TRN-12011,Synthetic Corridor Passenger 11,PASSENGER,SEC-AWR-BKI,2025-01-09,11:19:00,12:12:00,11:28:00,12:21:00,9,MEDIUM
TRN-12011,Synthetic Corridor Passenger 11,PASSENGER,SEC-BKI-JP,2025-01-09,12:21:00,13:27:00,12:30:00,13:37:00,10,MEDIUM
TRN-12012,Synthetic Corridor Passenger 12,PASSENGER,SEC-NDLS-RE,2025-01-09,09:27:00,10:29:00,09:31:00,10:34:00,5,MEDIUM
TRN-12012,Synthetic Corridor Passenger 12,PASSENGER,SEC-RE-AWR,2025-01-09,10:38:00,11:37:00,10:44:00,11:45:00,8,MEDIUM
TRN-12012,Synthetic Corridor Passenger 12,PASSENGER,SEC-AWR-BKI,2025-01-09,11:46:00,12:39:00,11:54:00,12:48:00,9,MEDIUM
TRN-12012,Synthetic Corridor Passenger 12,PASSENGER,SEC-BKI-JP,2025-01-09,12:48:00,13:54:00,12:58:00,14:04:00,10,MEDIUM
TRN-12013,Synthetic Corridor Passenger 13,PASSENGER,SEC-NDLS-RE,2025-01-09,09:54:00,10:56:00,09:57:00,11:01:00,5,MEDIUM
TRN-12013,Synthetic Corridor Passenger 13,PASSENGER,SEC-RE-AWR,2025-01-09,11:05:00,12:04:00,11:10:00,12:10:00,6,MEDIUM
TRN-12013,Synthetic Corridor Passenger 13,PASSENGER,SEC-AWR-BKI,2025-01-09,12:13:00,13:06:00,12:19:00,13:13:00,7,MEDIUM
TRN-12013,Synthetic Corridor Passenger 13,PASSENGER,SEC-BKI-JP,2025-01-09,13:15:00,14:21:00,13:25:00,14:31:00,10,MEDIUM
TRN-12014,Synthetic Corridor Passenger 14,PASSENGER,SEC-NDLS-RE,2025-01-09,10:21:00,11:23:00,10:24:00,11:27:00,4,MEDIUM
TRN-12014,Synthetic Corridor Passenger 14,PASSENGER,SEC-RE-AWR,2025-01-09,11:32:00,12:31:00,11:36:00,12:35:00,4,MEDIUM
TRN-12014,Synthetic Corridor Passenger 14,PASSENGER,SEC-AWR-BKI,2025-01-09,12:40:00,13:33:00,12:44:00,13:38:00,5,MEDIUM
TRN-12014,Synthetic Corridor Passenger 14,PASSENGER,SEC-BKI-JP,2025-01-09,13:42:00,14:48:00,13:49:00,14:56:00,8,MEDIUM
TRN-12015,Synthetic Corridor Passenger 15,PASSENGER,SEC-NDLS-RE,2025-01-09,10:48:00,11:50:00,10:50:00,11:55:00,5,MEDIUM
TRN-12015,Synthetic Corridor Passenger 15,PASSENGER,SEC-RE-AWR,2025-01-09,11:59:00,12:58:00,12:04:00,13:04:00,6,MEDIUM
TRN-12015,Synthetic Corridor Passenger 15,PASSENGER,SEC-AWR-BKI,2025-01-09,13:07:00,14:00:00,13:13:00,14:07:00,7,MEDIUM
TRN-12015,Synthetic Corridor Passenger 15,PASSENGER,SEC-BKI-JP,2025-01-09,14:09:00,15:15:00,14:16:00,15:22:00,7,MEDIUM
TRN-12016,Synthetic Corridor Passenger 16,PASSENGER,SEC-NDLS-RE,2025-01-09,11:15:00,12:17:00,11:17:00,12:19:00,2,MEDIUM
TRN-12016,Synthetic Corridor Passenger 16,PASSENGER,SEC-RE-AWR,2025-01-09,12:26:00,13:25:00,12:28:00,13:28:00,3,MEDIUM
TRN-12016,Synthetic Corridor Passenger 16,PASSENGER,SEC-AWR-BKI,2025-01-09,13:34:00,14:27:00,13:37:00,14:31:00,4,MEDIUM
TRN-12016,Synthetic Corridor Passenger 16,PASSENGER,SEC-BKI-JP,2025-01-09,14:36:00,15:42:00,14:41:00,15:48:00,6,MEDIUM
TRN-12017,Synthetic Corridor Passenger 17,PASSENGER,SEC-NDLS-RE,2025-01-09,11:42:00,12:44:00,11:44:00,12:48:00,4,MEDIUM
TRN-12017,Synthetic Corridor Passenger 17,PASSENGER,SEC-RE-AWR,2025-01-09,12:53:00,13:52:00,12:58:00,13:58:00,6,MEDIUM
TRN-12017,Synthetic Corridor Passenger 17,PASSENGER,SEC-AWR-BKI,2025-01-09,14:01:00,14:54:00,14:07:00,15:02:00,8,MEDIUM
TRN-12017,Synthetic Corridor Passenger 17,PASSENGER,SEC-BKI-JP,2025-01-09,15:03:00,16:09:00,15:11:00,16:17:00,8,MEDIUM
TRN-12018,Synthetic Corridor Passenger 18,PASSENGER,SEC-NDLS-RE,2025-01-09,12:09:00,13:11:00,12:14:00,13:16:00,5,MEDIUM
TRN-12018,Synthetic Corridor Passenger 18,PASSENGER,SEC-RE-AWR,2025-01-09,13:20:00,14:19:00,13:27:00,14:27:00,8,MEDIUM
TRN-12018,Synthetic Corridor Passenger 18,PASSENGER,SEC-AWR-BKI,2025-01-09,14:28:00,15:21:00,14:36:00,15:31:00,10,MEDIUM
TRN-12018,Synthetic Corridor Passenger 18,PASSENGER,SEC-BKI-JP,2025-01-09,15:30:00,16:36:00,15:41:00,16:48:00,12,MEDIUM
TRN-12020,Synthetic Corridor Freight 20,FREIGHT,SEC-NDLS-RE,2025-01-09,13:03:00,14:25:00,13:05:00,14:29:00,4,LOW
TRN-12020,Synthetic Corridor Freight 20,FREIGHT,SEC-RE-AWR,2025-01-09,14:37:00,15:55:00,14:42:00,16:01:00,6,LOW
TRN-12020,Synthetic Corridor Freight 20,FREIGHT,SEC-AWR-BKI,2025-01-09,16:07:00,17:18:00,16:14:00,17:26:00,8,LOW
TRN-12020,Synthetic Corridor Freight 20,FREIGHT,SEC-BKI-JP,2025-01-09,17:30:00,18:58:00,17:38:00,19:08:00,10,LOW
TRN-12021,Synthetic Corridor Freight 21,FREIGHT,SEC-NDLS-RE,2025-01-09,13:30:00,14:52:00,13:40:00,15:04:00,12,LOW
TRN-12021,Synthetic Corridor Freight 21,FREIGHT,SEC-RE-AWR,2025-01-09,15:04:00,16:22:00,15:17:00,16:36:00,14,LOW
TRN-12021,Synthetic Corridor Freight 21,FREIGHT,SEC-AWR-BKI,2025-01-09,16:34:00,17:45:00,16:48:00,17:59:00,14,LOW
TRN-12021,Synthetic Corridor Freight 21,FREIGHT,SEC-BKI-JP,2025-01-09,17:57:00,19:25:00,18:11:00,19:41:00,16,LOW
TRN-12022,Synthetic Corridor Freight 22,FREIGHT,SEC-NDLS-RE,2025-01-09,13:57:00,15:19:00,13:58:00,15:20:00,1,LOW
TRN-12022,Synthetic Corridor Freight 22,FREIGHT,SEC-RE-AWR,2025-01-09,15:31:00,16:49:00,15:32:00,16:51:00,2,LOW
TRN-12022,Synthetic Corridor Freight 22,FREIGHT,SEC-AWR-BKI,2025-01-09,17:01:00,18:12:00,17:03:00,18:14:00,2,LOW
TRN-12022,Synthetic Corridor Freight 22,FREIGHT,SEC-BKI-JP,2025-01-09,18:24:00,19:52:00,18:26:00,19:57:00,5,LOW
TRN-12024,Synthetic Corridor Freight 24,FREIGHT,SEC-NDLS-RE,2025-01-09,14:51:00,16:13:00,14:55:00,16:20:00,7,LOW
TRN-12024,Synthetic Corridor Freight 24,FREIGHT,SEC-RE-AWR,2025-01-09,16:25:00,17:43:00,16:32:00,17:50:00,7,LOW
TRN-12024,Synthetic Corridor Freight 24,FREIGHT,SEC-AWR-BKI,2025-01-09,17:55:00,19:06:00,18:03:00,19:16:00,10,LOW
TRN-12024,Synthetic Corridor Freight 24,FREIGHT,SEC-BKI-JP,2025-01-09,19:18:00,20:46:00,19:28:00,20:58:00,12,LOW
TRN-12001,Synthetic Corridor Express 01,EXPRESS,SEC-NDLS-RE,2025-01-10,04:30:00,05:22:00,04:37:00,05:30:00,8,HIGH
TRN-12001,Synthetic Corridor Express 01,EXPRESS,SEC-RE-AWR,2025-01-10,05:28:00,06:18:00,05:36:00,06:28:00,10,HIGH
TRN-12001,Synthetic Corridor Express 01,EXPRESS,SEC-AWR-BKI,2025-01-10,06:24:00,07:09:00,06:35:00,07:22:00,13,HIGH
TRN-12001,Synthetic Corridor Express 01,EXPRESS,SEC-BKI-JP,2025-01-10,07:15:00,08:10:00,07:31:00,08:28:00,18,HIGH
TRN-12002,Synthetic Corridor Express 02,EXPRESS,SEC-NDLS-RE,2025-01-10,04:57:00,05:49:00,05:01:00,05:58:00,9,HIGH
TRN-12002,Synthetic Corridor Express 02,EXPRESS,SEC-RE-AWR,2025-01-10,05:55:00,06:45:00,06:04:00,06:55:00,10,HIGH
TRN-12002,Synthetic Corridor Express 02,EXPRESS,SEC-AWR-BKI,2025-01-10,06:51:00,07:36:00,07:02:00,07:47:00,11,HIGH
TRN-12002,Synthetic Corridor Express 02,EXPRESS,SEC-BKI-JP,2025-01-10,07:42:00,08:37:00,07:53:00,08:48:00,11,HIGH
TRN-12003,Synthetic Corridor Express 03,EXPRESS,SEC-NDLS-RE,2025-01-10,05:24:00,06:16:00,05:31:00,06:23:00,7,HIGH
TRN-12003,Synthetic Corridor Express 03,EXPRESS,SEC-RE-AWR,2025-01-10,06:22:00,07:12:00,06:29:00,07:21:00,9,HIGH
TRN-12003,Synthetic Corridor Express 03,EXPRESS,SEC-AWR-BKI,2025-01-10,07:18:00,08:03:00,07:27:00,08:16:00,13,HIGH
TRN-12003,Synthetic Corridor Express 03,EXPRESS,SEC-BKI-JP,2025-01-10,08:09:00,09:04:00,08:23:00,09:18:00,14,HIGH
TRN-12005,Synthetic Corridor Express 05,EXPRESS,SEC-NDLS-RE,2025-01-10,06:18:00,07:10:00,06:22:00,07:15:00,5,HIGH
TRN-12005,Synthetic Corridor Express 05,EXPRESS,SEC-RE-AWR,2025-01-10,07:16:00,08:06:00,07:22:00,08:13:00,7,HIGH
TRN-12005,Synthetic Corridor Express 05,EXPRESS,SEC-AWR-BKI,2025-01-10,08:12:00,08:57:00,08:20:00,09:05:00,8,HIGH
TRN-12005,Synthetic Corridor Express 05,EXPRESS,SEC-BKI-JP,2025-01-10,09:03:00,09:58:00,09:12:00,10:08:00,10,HIGH
TRN-12006,Synthetic Corridor Express 06,EXPRESS,SEC-NDLS-RE,2025-01-10,06:45:00,07:37:00,06:49:00,07:42:00,5,HIGH
TRN-12006,Synthetic Corridor Express 06,EXPRESS,SEC-RE-AWR,2025-01-10,07:43:00,08:33:00,07:48:00,08:40:00,7,HIGH
TRN-12006,Synthetic Corridor Express 06,EXPRESS,SEC-AWR-BKI,2025-01-10,08:39:00,09:24:00,08:46:00,09:34:00,10,HIGH
TRN-12006,Synthetic Corridor Express 06,EXPRESS,SEC-BKI-JP,2025-01-10,09:30:00,10:25:00,09:40:00,10:35:00,10,HIGH
TRN-12007,Synthetic Corridor Express 07,EXPRESS,SEC-NDLS-RE,2025-01-10,07:12:00,08:04:00,07:18:00,08:12:00,8,HIGH
TRN-12007,Synthetic Corridor Express 07,EXPRESS,SEC-RE-AWR,2025-01-10,08:10:00,09:00:00,08:19:00,09:09:00,9,HIGH
TRN-12007,Synthetic Corridor Express 07,EXPRESS,SEC-AWR-BKI,2025-01-10,09:06:00,09:51:00,09:16:00,10:02:00,11,HIGH
TRN-12007,Synthetic Corridor Express 07,EXPRESS,SEC-BKI-JP,2025-01-10,09:57:00,10:52:00,10:08:00,11:03:00,11,HIGH
TRN-12009,Synthetic Corridor Express 09,EXPRESS,SEC-NDLS-RE,2025-01-10,08:06:00,08:58:00,08:12:00,09:06:00,8,HIGH
TRN-12009,Synthetic Corridor Express 09,EXPRESS,SEC-RE-AWR,2025-01-10,09:04:00,09:54:00,09:12:00,10:02:00,8,HIGH
TRN-12009,Synthetic Corridor Express 09,EXPRESS,SEC-AWR-BKI,2025-01-10,10:00:00,10:45:00,10:08:00,10:55:00,10,HIGH
TRN-12009,Synthetic Corridor Express 09,EXPRESS,SEC-BKI-JP,2025-01-10,10:51:00,11:46:00,11:03:00,11:58:00,12,HIGH
TRN-12010,Synthetic Corridor Express 10,EXPRESS,SEC-NDLS-RE,2025-01-10,08:33:00,09:25:00,08:50:00,09:45:00,20,HIGH
TRN-12010,Synthetic Corridor Express 10,EXPRESS,SEC-RE-AWR,2025-01-10,09:31:00,10:21:00,09:55:00,10:46:00,25,HIGH
TRN-12010,Synthetic Corridor Express 10,EXPRESS,SEC-AWR-BKI,2025-01-10,10:27:00,11:12:00,10:53:00,11:40:00,28,HIGH
TRN-12010,Synthetic Corridor Express 10,EXPRESS,SEC-BKI-JP,2025-01-10,11:18:00,12:13:00,11:46:00,12:41:00,28,HIGH
TRN-12011,Synthetic Corridor Passenger 11,PASSENGER,SEC-NDLS-RE,2025-01-10,09:00:00,10:02:00,09:07:00,10:09:00,7,MEDIUM
TRN-12011,Synthetic Corridor Passenger 11,PASSENGER,SEC-RE-AWR,2025-01-10,10:11:00,11:10:00,10:19:00,11:20:00,10,MEDIUM
TRN-12011,Synthetic Corridor Passenger 11,PASSENGER,SEC-AWR-BKI,2025-01-10,11:19:00,12:12:00,11:29:00,12:24:00,12,MEDIUM
TRN-12011,Synthetic Corridor Passenger 11,PASSENGER,SEC-BKI-JP,2025-01-10,12:21:00,13:27:00,12:34:00,13:40:00,13,MEDIUM
TRN-12012,Synthetic Corridor Passenger 12,PASSENGER,SEC-NDLS-RE,2025-01-10,09:27:00,10:29:00,09:36:00,10:42:00,13,MEDIUM
TRN-12012,Synthetic Corridor Passenger 12,PASSENGER,SEC-RE-AWR,2025-01-10,10:38:00,11:37:00,10:53:00,11:54:00,17,MEDIUM
TRN-12012,Synthetic Corridor Passenger 12,PASSENGER,SEC-AWR-BKI,2025-01-10,11:46:00,12:39:00,12:06:00,13:01:00,22,MEDIUM
TRN-12012,Synthetic Corridor Passenger 12,PASSENGER,SEC-BKI-JP,2025-01-10,12:48:00,13:54:00,13:10:00,14:16:00,22,MEDIUM
TRN-12013,Synthetic Corridor Passenger 13,PASSENGER,SEC-NDLS-RE,2025-01-10,09:54:00,10:56:00,10:01:00,11:03:00,7,MEDIUM
TRN-12013,Synthetic Corridor Passenger 13,PASSENGER,SEC-RE-AWR,2025-01-10,11:05:00,12:04:00,11:12:00,12:11:00,7,MEDIUM
TRN-12013,Synthetic Corridor Passenger 13,PASSENGER,SEC-AWR-BKI,2025-01-10,12:13:00,13:06:00,12:20:00,13:13:00,7,MEDIUM
TRN-12013,Synthetic Corridor Passenger 13,PASSENGER,SEC-BKI-JP,2025-01-10,13:15:00,14:21:00,13:25:00,14:32:00,11,MEDIUM
TRN-12014,Synthetic Corridor Passenger 14,PASSENGER,SEC-NDLS-RE,2025-01-10,10:21:00,11:23:00,10:25:00,11:28:00,5,MEDIUM
TRN-12014,Synthetic Corridor Passenger 14,PASSENGER,SEC-RE-AWR,2025-01-10,11:32:00,12:31:00,11:39:00,12:39:00,8,MEDIUM
TRN-12014,Synthetic Corridor Passenger 14,PASSENGER,SEC-AWR-BKI,2025-01-10,12:40:00,13:33:00,12:49:00,13:43:00,10,MEDIUM
TRN-12014,Synthetic Corridor Passenger 14,PASSENGER,SEC-BKI-JP,2025-01-10,13:42:00,14:48:00,13:54:00,15:02:00,14,MEDIUM
TRN-12015,Synthetic Corridor Passenger 15,PASSENGER,SEC-NDLS-RE,2025-01-10,10:48:00,11:50:00,10:51:00,11:55:00,5,MEDIUM
TRN-12015,Synthetic Corridor Passenger 15,PASSENGER,SEC-RE-AWR,2025-01-10,11:59:00,12:58:00,12:05:00,13:07:00,9,MEDIUM
TRN-12015,Synthetic Corridor Passenger 15,PASSENGER,SEC-AWR-BKI,2025-01-10,13:07:00,14:00:00,13:17:00,14:11:00,11,MEDIUM
TRN-12015,Synthetic Corridor Passenger 15,PASSENGER,SEC-BKI-JP,2025-01-10,14:09:00,15:15:00,14:20:00,15:27:00,12,MEDIUM
TRN-12016,Synthetic Corridor Passenger 16,PASSENGER,SEC-NDLS-RE,2025-01-10,11:15:00,12:17:00,11:20:00,12:23:00,6,MEDIUM
TRN-12016,Synthetic Corridor Passenger 16,PASSENGER,SEC-RE-AWR,2025-01-10,12:26:00,13:25:00,12:33:00,13:34:00,9,MEDIUM
TRN-12016,Synthetic Corridor Passenger 16,PASSENGER,SEC-AWR-BKI,2025-01-10,13:34:00,14:27:00,13:43:00,14:38:00,11,MEDIUM
TRN-12016,Synthetic Corridor Passenger 16,PASSENGER,SEC-BKI-JP,2025-01-10,14:36:00,15:42:00,14:47:00,15:53:00,11,MEDIUM
TRN-12017,Synthetic Corridor Passenger 17,PASSENGER,SEC-NDLS-RE,2025-01-10,11:42:00,12:44:00,11:45:00,12:48:00,4,MEDIUM
TRN-12017,Synthetic Corridor Passenger 17,PASSENGER,SEC-RE-AWR,2025-01-10,12:53:00,13:52:00,12:57:00,13:59:00,7,MEDIUM
TRN-12017,Synthetic Corridor Passenger 17,PASSENGER,SEC-AWR-BKI,2025-01-10,14:01:00,14:54:00,14:09:00,15:05:00,11,MEDIUM
TRN-12017,Synthetic Corridor Passenger 17,PASSENGER,SEC-BKI-JP,2025-01-10,15:03:00,16:09:00,15:14:00,16:22:00,13,MEDIUM
TRN-12018,Synthetic Corridor Passenger 18,PASSENGER,SEC-NDLS-RE,2025-01-10,12:09:00,13:11:00,12:14:00,13:16:00,5,MEDIUM
TRN-12018,Synthetic Corridor Passenger 18,PASSENGER,SEC-RE-AWR,2025-01-10,13:20:00,14:19:00,13:27:00,14:28:00,9,MEDIUM
TRN-12018,Synthetic Corridor Passenger 18,PASSENGER,SEC-AWR-BKI,2025-01-10,14:28:00,15:21:00,14:38:00,15:33:00,12,MEDIUM
TRN-12018,Synthetic Corridor Passenger 18,PASSENGER,SEC-BKI-JP,2025-01-10,15:30:00,16:36:00,15:43:00,16:50:00,14,MEDIUM
TRN-12019,Synthetic Corridor Freight 19,FREIGHT,SEC-NDLS-RE,2025-01-10,12:36:00,13:58:00,12:44:00,14:09:00,11,LOW
TRN-12019,Synthetic Corridor Freight 19,FREIGHT,SEC-RE-AWR,2025-01-10,14:10:00,15:28:00,14:22:00,15:42:00,14,LOW
TRN-12019,Synthetic Corridor Freight 19,FREIGHT,SEC-AWR-BKI,2025-01-10,15:40:00,16:51:00,15:54:00,17:06:00,15,LOW
TRN-12019,Synthetic Corridor Freight 19,FREIGHT,SEC-BKI-JP,2025-01-10,17:03:00,18:31:00,17:19:00,18:47:00,16,LOW
TRN-12021,Synthetic Corridor Freight 21,FREIGHT,SEC-NDLS-RE,2025-01-10,13:30:00,14:52:00,13:33:00,14:55:00,3,LOW
TRN-12021,Synthetic Corridor Freight 21,FREIGHT,SEC-RE-AWR,2025-01-10,15:04:00,16:22:00,15:08:00,16:26:00,4,LOW
TRN-12021,Synthetic Corridor Freight 21,FREIGHT,SEC-AWR-BKI,2025-01-10,16:34:00,17:45:00,16:39:00,17:54:00,9,LOW
TRN-12021,Synthetic Corridor Freight 21,FREIGHT,SEC-BKI-JP,2025-01-10,17:57:00,19:25:00,18:09:00,19:38:00,13,LOW
TRN-12022,Synthetic Corridor Freight 22,FREIGHT,SEC-NDLS-RE,2025-01-10,13:57:00,15:19:00,14:01:00,15:24:00,5,LOW
TRN-12022,Synthetic Corridor Freight 22,FREIGHT,SEC-RE-AWR,2025-01-10,15:31:00,16:49:00,15:36:00,16:54:00,5,LOW
TRN-12022,Synthetic Corridor Freight 22,FREIGHT,SEC-AWR-BKI,2025-01-10,17:01:00,18:12:00,17:07:00,18:19:00,7,LOW
TRN-12022,Synthetic Corridor Freight 22,FREIGHT,SEC-BKI-JP,2025-01-10,18:24:00,19:52:00,18:31:00,20:00:00,8,LOW
TRN-12023,Synthetic Corridor Freight 23,FREIGHT,SEC-NDLS-RE,2025-01-10,14:24:00,15:46:00,14:28:00,15:51:00,5,LOW
TRN-12023,Synthetic Corridor Freight 23,FREIGHT,SEC-RE-AWR,2025-01-10,15:58:00,17:16:00,16:03:00,17:21:00,5,LOW
TRN-12023,Synthetic Corridor Freight 23,FREIGHT,SEC-AWR-BKI,2025-01-10,17:28:00,18:39:00,17:33:00,18:49:00,10,LOW
TRN-12023,Synthetic Corridor Freight 23,FREIGHT,SEC-BKI-JP,2025-01-10,18:51:00,20:19:00,19:01:00,20:30:00,11,LOW
TRN-12001,Synthetic Corridor Express 01,EXPRESS,SEC-NDLS-RE,2025-01-11,04:30:00,05:22:00,04:37:00,05:31:00,9,HIGH
TRN-12001,Synthetic Corridor Express 01,EXPRESS,SEC-RE-AWR,2025-01-11,05:28:00,06:18:00,05:37:00,06:29:00,11,HIGH
TRN-12001,Synthetic Corridor Express 01,EXPRESS,SEC-AWR-BKI,2025-01-11,06:24:00,07:09:00,06:35:00,07:21:00,12,HIGH
TRN-12001,Synthetic Corridor Express 01,EXPRESS,SEC-BKI-JP,2025-01-11,07:15:00,08:10:00,07:29:00,08:25:00,15,HIGH
TRN-12004,Synthetic Corridor Express 04,EXPRESS,SEC-NDLS-RE,2025-01-11,05:51:00,06:43:00,06:04:00,06:57:00,14,HIGH
TRN-12004,Synthetic Corridor Express 04,EXPRESS,SEC-RE-AWR,2025-01-11,06:49:00,07:39:00,07:04:00,07:59:00,20,HIGH
TRN-12004,Synthetic Corridor Express 04,EXPRESS,SEC-AWR-BKI,2025-01-11,07:45:00,08:30:00,08:07:00,08:53:00,23,HIGH
TRN-12004,Synthetic Corridor Express 04,EXPRESS,SEC-BKI-JP,2025-01-11,08:36:00,09:31:00,09:01:00,10:01:00,30,HIGH
TRN-12005,Synthetic Corridor Express 05,EXPRESS,SEC-NDLS-RE,2025-01-11,06:18:00,07:10:00,06:30:00,07:25:00,15,HIGH
TRN-12005,Synthetic Corridor Express 05,EXPRESS,SEC-RE-AWR,2025-01-11,07:16:00,08:06:00,07:31:00,08:24:00,18,HIGH
TRN-12005,Synthetic Corridor Express 05,EXPRESS,SEC-AWR-BKI,2025-01-11,08:12:00,08:57:00,08:31:00,09:18:00,21,HIGH
TRN-12005,Synthetic Corridor Express 05,EXPRESS,SEC-BKI-JP,2025-01-11,09:03:00,09:58:00,09:27:00,10:23:00,25,HIGH
TRN-12008,Synthetic Corridor Express 08,EXPRESS,SEC-NDLS-RE,2025-01-11,07:39:00,08:31:00,07:53:00,08:46:00,15,HIGH
TRN-12008,Synthetic Corridor Express 08,EXPRESS,SEC-RE-AWR,2025-01-11,08:37:00,09:27:00,08:56:00,09:50:00,23,HIGH
TRN-12008,Synthetic Corridor Express 08,EXPRESS,SEC-AWR-BKI,2025-01-11,09:33:00,10:18:00,10:00:00,10:49:00,31,HIGH
TRN-12008,Synthetic Corridor Express 08,EXPRESS,SEC-BKI-JP,2025-01-11,10:24:00,11:19:00,10:57:00,11:58:00,39,HIGH
TRN-12009,Synthetic Corridor Express 09,EXPRESS,SEC-NDLS-RE,2025-01-11,08:06:00,08:58:00,08:16:00,09:14:00,16,HIGH
TRN-12009,Synthetic Corridor Express 09,EXPRESS,SEC-RE-AWR,2025-01-11,09:04:00,09:54:00,09:20:00,10:15:00,21,HIGH
TRN-12009,Synthetic Corridor Express 09,EXPRESS,SEC-AWR-BKI,2025-01-11,10:00:00,10:45:00,10:21:00,11:08:00,23,HIGH
TRN-12009,Synthetic Corridor Express 09,EXPRESS,SEC-BKI-JP,2025-01-11,10:51:00,11:46:00,11:14:00,12:12:00,26,HIGH
TRN-12011,Synthetic Corridor Passenger 11,PASSENGER,SEC-NDLS-RE,2025-01-11,09:00:00,10:02:00,09:11:00,10:15:00,13,MEDIUM
TRN-12011,Synthetic Corridor Passenger 11,PASSENGER,SEC-RE-AWR,2025-01-11,10:11:00,11:10:00,10:25:00,11:26:00,16,MEDIUM
TRN-12011,Synthetic Corridor Passenger 11,PASSENGER,SEC-AWR-BKI,2025-01-11,11:19:00,12:12:00,11:37:00,12:32:00,20,MEDIUM
TRN-12011,Synthetic Corridor Passenger 11,PASSENGER,SEC-BKI-JP,2025-01-11,12:21:00,13:27:00,12:43:00,13:55:00,28,MEDIUM
TRN-12012,Synthetic Corridor Passenger 12,PASSENGER,SEC-NDLS-RE,2025-01-11,09:27:00,10:29:00,09:43:00,10:47:00,18,MEDIUM
TRN-12012,Synthetic Corridor Passenger 12,PASSENGER,SEC-RE-AWR,2025-01-11,10:38:00,11:37:00,10:58:00,11:58:00,21,MEDIUM
TRN-12012,Synthetic Corridor Passenger 12,PASSENGER,SEC-AWR-BKI,2025-01-11,11:46:00,12:39:00,12:08:00,13:05:00,26,MEDIUM
TRN-12012,Synthetic Corridor Passenger 12,PASSENGER,SEC-BKI-JP,2025-01-11,12:48:00,13:54:00,13:14:00,14:22:00,28,MEDIUM
TRN-12013,Synthetic Corridor Passenger 13,PASSENGER,SEC-NDLS-RE,2025-01-11,09:54:00,10:56:00,10:02:00,11:06:00,10,MEDIUM
TRN-12013,Synthetic Corridor Passenger 13,PASSENGER,SEC-RE-AWR,2025-01-11,11:05:00,12:04:00,11:16:00,12:16:00,12,MEDIUM
TRN-12013,Synthetic Corridor Passenger 13,PASSENGER,SEC-AWR-BKI,2025-01-11,12:13:00,13:06:00,12:26:00,13:21:00,15,MEDIUM
TRN-12013,Synthetic Corridor Passenger 13,PASSENGER,SEC-BKI-JP,2025-01-11,13:15:00,14:21:00,13:31:00,14:38:00,17,MEDIUM
TRN-12014,Synthetic Corridor Passenger 14,PASSENGER,SEC-NDLS-RE,2025-01-11,10:21:00,11:23:00,10:26:00,11:31:00,8,MEDIUM
TRN-12014,Synthetic Corridor Passenger 14,PASSENGER,SEC-RE-AWR,2025-01-11,11:32:00,12:31:00,11:41:00,12:41:00,10,MEDIUM
TRN-12014,Synthetic Corridor Passenger 14,PASSENGER,SEC-AWR-BKI,2025-01-11,12:40:00,13:33:00,12:52:00,13:47:00,14,MEDIUM
TRN-12014,Synthetic Corridor Passenger 14,PASSENGER,SEC-BKI-JP,2025-01-11,13:42:00,14:48:00,13:59:00,15:08:00,20,MEDIUM
TRN-12015,Synthetic Corridor Passenger 15,PASSENGER,SEC-NDLS-RE,2025-01-11,10:48:00,11:50:00,10:54:00,11:58:00,8,MEDIUM
TRN-12015,Synthetic Corridor Passenger 15,PASSENGER,SEC-RE-AWR,2025-01-11,11:59:00,12:58:00,12:07:00,13:11:00,13,MEDIUM
TRN-12015,Synthetic Corridor Passenger 15,PASSENGER,SEC-AWR-BKI,2025-01-11,13:07:00,14:00:00,13:23:00,14:23:00,23,MEDIUM
TRN-12015,Synthetic Corridor Passenger 15,PASSENGER,SEC-BKI-JP,2025-01-11,14:09:00,15:15:00,14:32:00,15:42:00,27,MEDIUM
TRN-12016,Synthetic Corridor Passenger 16,PASSENGER,SEC-NDLS-RE,2025-01-11,11:15:00,12:17:00,11:24:00,12:27:00,10,MEDIUM
TRN-12016,Synthetic Corridor Passenger 16,PASSENGER,SEC-RE-AWR,2025-01-11,12:26:00,13:25:00,12:38:00,13:41:00,16,MEDIUM
TRN-12016,Synthetic Corridor Passenger 16,PASSENGER,SEC-AWR-BKI,2025-01-11,13:34:00,14:27:00,13:52:00,14:45:00,18,MEDIUM
TRN-12016,Synthetic Corridor Passenger 16,PASSENGER,SEC-BKI-JP,2025-01-11,14:36:00,15:42:00,14:54:00,16:04:00,22,MEDIUM
TRN-12017,Synthetic Corridor Passenger 17,PASSENGER,SEC-NDLS-RE,2025-01-11,11:42:00,12:44:00,11:50:00,12:55:00,11,MEDIUM
TRN-12017,Synthetic Corridor Passenger 17,PASSENGER,SEC-RE-AWR,2025-01-11,12:53:00,13:52:00,13:04:00,14:04:00,12,MEDIUM
TRN-12017,Synthetic Corridor Passenger 17,PASSENGER,SEC-AWR-BKI,2025-01-11,14:01:00,14:54:00,14:16:00,15:11:00,17,MEDIUM
TRN-12017,Synthetic Corridor Passenger 17,PASSENGER,SEC-BKI-JP,2025-01-11,15:03:00,16:09:00,15:21:00,16:27:00,18,MEDIUM
TRN-12018,Synthetic Corridor Passenger 18,PASSENGER,SEC-NDLS-RE,2025-01-11,12:09:00,13:11:00,12:14:00,13:21:00,10,MEDIUM
TRN-12018,Synthetic Corridor Passenger 18,PASSENGER,SEC-RE-AWR,2025-01-11,13:20:00,14:19:00,13:31:00,14:31:00,12,MEDIUM
TRN-12018,Synthetic Corridor Passenger 18,PASSENGER,SEC-AWR-BKI,2025-01-11,14:28:00,15:21:00,14:40:00,15:39:00,18,MEDIUM
TRN-12018,Synthetic Corridor Passenger 18,PASSENGER,SEC-BKI-JP,2025-01-11,15:30:00,16:36:00,15:52:00,17:00:00,24,MEDIUM
TRN-12020,Synthetic Corridor Freight 20,FREIGHT,SEC-NDLS-RE,2025-01-11,13:03:00,14:25:00,13:12:00,14:36:00,11,LOW
TRN-12020,Synthetic Corridor Freight 20,FREIGHT,SEC-RE-AWR,2025-01-11,14:37:00,15:55:00,14:49:00,16:10:00,15,LOW
TRN-12020,Synthetic Corridor Freight 20,FREIGHT,SEC-AWR-BKI,2025-01-11,16:07:00,17:18:00,16:23:00,17:38:00,20,LOW
TRN-12020,Synthetic Corridor Freight 20,FREIGHT,SEC-BKI-JP,2025-01-11,17:30:00,18:58:00,17:50:00,19:22:00,24,LOW
TRN-12021,Synthetic Corridor Freight 21,FREIGHT,SEC-NDLS-RE,2025-01-11,13:30:00,14:52:00,13:41:00,15:06:00,14,LOW
TRN-12021,Synthetic Corridor Freight 21,FREIGHT,SEC-RE-AWR,2025-01-11,15:04:00,16:22:00,15:21:00,16:43:00,21,LOW
TRN-12021,Synthetic Corridor Freight 21,FREIGHT,SEC-AWR-BKI,2025-01-11,16:34:00,17:45:00,16:56:00,18:08:00,23,LOW
TRN-12021,Synthetic Corridor Freight 21,FREIGHT,SEC-BKI-JP,2025-01-11,17:57:00,19:25:00,18:21:00,19:52:00,27,LOW
TRN-12024,Synthetic Corridor Freight 24,FREIGHT,SEC-NDLS-RE,2025-01-11,14:51:00,16:13:00,14:59:00,16:24:00,11,LOW
TRN-12024,Synthetic Corridor Freight 24,FREIGHT,SEC-RE-AWR,2025-01-11,16:25:00,17:43:00,16:36:00,17:55:00,12,LOW
TRN-12024,Synthetic Corridor Freight 24,FREIGHT,SEC-AWR-BKI,2025-01-11,17:55:00,19:06:00,18:07:00,19:23:00,17,LOW
TRN-12024,Synthetic Corridor Freight 24,FREIGHT,SEC-BKI-JP,2025-01-11,19:18:00,20:46:00,19:36:00,21:06:00,20,LOW
TRN-12001,Synthetic Corridor Express 01,EXPRESS,SEC-NDLS-RE,2025-01-12,04:30:00,05:22:00,04:38:00,05:36:00,14,HIGH
TRN-12001,Synthetic Corridor Express 01,EXPRESS,SEC-RE-AWR,2025-01-12,05:28:00,06:18:00,05:43:00,06:36:00,18,HIGH
TRN-12001,Synthetic Corridor Express 01,EXPRESS,SEC-AWR-BKI,2025-01-12,06:24:00,07:09:00,06:43:00,07:29:00,20,HIGH
TRN-12001,Synthetic Corridor Express 01,EXPRESS,SEC-BKI-JP,2025-01-12,07:15:00,08:10:00,07:37:00,08:35:00,25,HIGH
TRN-12003,Synthetic Corridor Express 03,EXPRESS,SEC-NDLS-RE,2025-01-12,05:24:00,06:16:00,05:37:00,06:34:00,18,HIGH
TRN-12003,Synthetic Corridor Express 03,EXPRESS,SEC-RE-AWR,2025-01-12,06:22:00,07:12:00,06:41:00,07:35:00,23,HIGH
TRN-12003,Synthetic Corridor Express 03,EXPRESS,SEC-AWR-BKI,2025-01-12,07:18:00,08:03:00,07:43:00,08:30:00,27,HIGH
TRN-12003,Synthetic Corridor Express 03,EXPRESS,SEC-BKI-JP,2025-01-12,08:09:00,09:04:00,08:36:00,09:36:00,32,HIGH
TRN-12005,Synthetic Corridor Express 05,EXPRESS,SEC-NDLS-RE,2025-01-12,06:18:00,07:10:00,06:24:00,07:23:00,13,HIGH
TRN-12005,Synthetic Corridor Express 05,EXPRESS,SEC-RE-AWR,2025-01-12,07:16:00,08:06:00,07:31:00,08:24:00,18,HIGH
TRN-12005,Synthetic Corridor Express 05,EXPRESS,SEC-AWR-BKI,2025-01-12,08:12:00,08:57:00,08:32:00,09:18:00,21,HIGH
TRN-12005,Synthetic Corridor Express 05,EXPRESS,SEC-BKI-JP,2025-01-12,09:03:00,09:58:00,09:24:00,10:22:00,24,HIGH
TRN-12007,Synthetic Corridor Express 07,EXPRESS,SEC-NDLS-RE,2025-01-12,07:12:00,08:04:00,07:26:00,08:19:00,15,HIGH
TRN-12007,Synthetic Corridor Express 07,EXPRESS,SEC-RE-AWR,2025-01-12,08:10:00,09:00:00,08:25:00,09:20:00,20,HIGH
TRN-12007,Synthetic Corridor Express 07,EXPRESS,SEC-AWR-BKI,2025-01-12,09:06:00,09:51:00,09:29:00,10:18:00,27,HIGH
TRN-12007,Synthetic Corridor Express 07,EXPRESS,SEC-BKI-JP,2025-01-12,09:57:00,10:52:00,10:26:00,11:24:00,32,HIGH
TRN-12009,Synthetic Corridor Express 09,EXPRESS,SEC-NDLS-RE,2025-01-12,08:06:00,08:58:00,08:14:00,09:07:00,9,HIGH
TRN-12009,Synthetic Corridor Express 09,EXPRESS,SEC-RE-AWR,2025-01-12,09:04:00,09:54:00,09:13:00,10:13:00,19,HIGH
TRN-12009,Synthetic Corridor Express 09,EXPRESS,SEC-AWR-BKI,2025-01-12,10:00:00,10:45:00,10:21:00,11:09:00,24,HIGH
TRN-12009,Synthetic Corridor Express 09,EXPRESS,SEC-BKI-JP,2025-01-12,10:51:00,11:46:00,11:16:00,12:18:00,32,HIGH
TRN-12011,Synthetic Corridor Passenger 11,PASSENGER,SEC-NDLS-RE,2025-01-12,09:00:00,10:02:00,09:16:00,10:21:00,19,MEDIUM
TRN-12011,Synthetic Corridor Passenger 11,PASSENGER,SEC-RE-AWR,2025-01-12,10:11:00,11:10:00,10:30:00,11:32:00,22,MEDIUM
TRN-12011,Synthetic Corridor Passenger 11,PASSENGER,SEC-AWR-BKI,2025-01-12,11:19:00,12:12:00,11:44:00,12:40:00,28,MEDIUM
TRN-12011,Synthetic Corridor Passenger 11,PASSENGER,SEC-BKI-JP,2025-01-12,12:21:00,13:27:00,12:50:00,13:58:00,31,MEDIUM
TRN-12012,Synthetic Corridor Passenger 12,PASSENGER,SEC-NDLS-RE,2025-01-12,09:27:00,10:29:00,09:41:00,10:45:00,16,MEDIUM
TRN-12012,Synthetic Corridor Passenger 12,PASSENGER,SEC-RE-AWR,2025-01-12,10:38:00,11:37:00,10:55:00,11:54:00,17,MEDIUM
TRN-12012,Synthetic Corridor Passenger 12,PASSENGER,SEC-AWR-BKI,2025-01-12,11:46:00,12:39:00,12:04:00,13:01:00,22,MEDIUM
TRN-12012,Synthetic Corridor Passenger 12,PASSENGER,SEC-BKI-JP,2025-01-12,12:48:00,13:54:00,13:13:00,14:22:00,28,MEDIUM
TRN-12013,Synthetic Corridor Passenger 13,PASSENGER,SEC-NDLS-RE,2025-01-12,09:54:00,10:56:00,10:01:00,11:07:00,11,MEDIUM
TRN-12013,Synthetic Corridor Passenger 13,PASSENGER,SEC-RE-AWR,2025-01-12,11:05:00,12:04:00,11:19:00,12:20:00,16,MEDIUM
TRN-12013,Synthetic Corridor Passenger 13,PASSENGER,SEC-AWR-BKI,2025-01-12,12:13:00,13:06:00,12:30:00,13:25:00,19,MEDIUM
TRN-12013,Synthetic Corridor Passenger 13,PASSENGER,SEC-BKI-JP,2025-01-12,13:15:00,14:21:00,13:34:00,14:41:00,20,MEDIUM
TRN-12014,Synthetic Corridor Passenger 14,PASSENGER,SEC-NDLS-RE,2025-01-12,10:21:00,11:23:00,10:30:00,11:36:00,13,MEDIUM
TRN-12014,Synthetic Corridor Passenger 14,PASSENGER,SEC-RE-AWR,2025-01-12,11:32:00,12:31:00,11:48:00,12:52:00,21,MEDIUM
TRN-12014,Synthetic Corridor Passenger 14,PASSENGER,SEC-AWR-BKI,2025-01-12,12:40:00,13:33:00,13:02:00,13:56:00,23,MEDIUM
TRN-12014,Synthetic Corridor Passenger 14,PASSENGER,SEC-BKI-JP,2025-01-12,13:42:00,14:48:00,14:05:00,15:13:00,25,MEDIUM
TRN-12015,Synthetic Corridor Passenger 15,PASSENGER,SEC-NDLS-RE,2025-01-12,10:48:00,11:50:00,11:01:00,12:07:00,17,MEDIUM
TRN-12015,Synthetic Corridor Passenger 15,PASSENGER,SEC-RE-AWR,2025-01-12,11:59:00,12:58:00,12:18:00,13:20:00,22,MEDIUM
TRN-12015,Synthetic Corridor Passenger 15,PASSENGER,SEC-AWR-BKI,2025-01-12,13:07:00,14:00:00,13:29:00,14:26:00,26,MEDIUM
TRN-12015,Synthetic Corridor Passenger 15,PASSENGER,SEC-BKI-JP,2025-01-12,14:09:00,15:15:00,14:37:00,15:47:00,32,MEDIUM
TRN-12016,Synthetic Corridor Passenger 16,PASSENGER,SEC-NDLS-RE,2025-01-12,11:15:00,12:17:00,11:21:00,12:25:00,8,MEDIUM
TRN-12016,Synthetic Corridor Passenger 16,PASSENGER,SEC-RE-AWR,2025-01-12,12:26:00,13:25:00,12:35:00,13:34:00,9,MEDIUM
TRN-12016,Synthetic Corridor Passenger 16,PASSENGER,SEC-AWR-BKI,2025-01-12,13:34:00,14:27:00,13:46:00,14:41:00,14,MEDIUM
TRN-12016,Synthetic Corridor Passenger 16,PASSENGER,SEC-BKI-JP,2025-01-12,14:36:00,15:42:00,14:53:00,16:02:00,20,MEDIUM
TRN-12017,Synthetic Corridor Passenger 17,PASSENGER,SEC-NDLS-RE,2025-01-12,11:42:00,12:44:00,11:52:00,12:57:00,13,MEDIUM
TRN-12017,Synthetic Corridor Passenger 17,PASSENGER,SEC-RE-AWR,2025-01-12,12:53:00,13:52:00,13:08:00,14:07:00,15,MEDIUM
TRN-12017,Synthetic Corridor Passenger 17,PASSENGER,SEC-AWR-BKI,2025-01-12,14:01:00,14:54:00,14:17:00,15:11:00,17,MEDIUM
TRN-12017,Synthetic Corridor Passenger 17,PASSENGER,SEC-BKI-JP,2025-01-12,15:03:00,16:09:00,15:20:00,16:31:00,22,MEDIUM
TRN-12018,Synthetic Corridor Passenger 18,PASSENGER,SEC-NDLS-RE,2025-01-12,12:09:00,13:11:00,12:17:00,13:22:00,11,MEDIUM
TRN-12018,Synthetic Corridor Passenger 18,PASSENGER,SEC-RE-AWR,2025-01-12,13:20:00,14:19:00,13:33:00,14:33:00,14,MEDIUM
TRN-12018,Synthetic Corridor Passenger 18,PASSENGER,SEC-AWR-BKI,2025-01-12,14:28:00,15:21:00,14:45:00,15:39:00,18,MEDIUM
TRN-12018,Synthetic Corridor Passenger 18,PASSENGER,SEC-BKI-JP,2025-01-12,15:30:00,16:36:00,15:51:00,17:02:00,26,MEDIUM
TRN-12019,Synthetic Corridor Freight 19,FREIGHT,SEC-NDLS-RE,2025-01-12,12:36:00,13:58:00,12:54:00,14:16:00,18,LOW
TRN-12019,Synthetic Corridor Freight 19,FREIGHT,SEC-RE-AWR,2025-01-12,14:10:00,15:28:00,14:29:00,15:52:00,24,LOW
TRN-12019,Synthetic Corridor Freight 19,FREIGHT,SEC-AWR-BKI,2025-01-12,15:40:00,16:51:00,16:05:00,17:20:00,29,LOW
TRN-12019,Synthetic Corridor Freight 19,FREIGHT,SEC-BKI-JP,2025-01-12,17:03:00,18:31:00,17:33:00,19:04:00,33,LOW
TRN-12021,Synthetic Corridor Freight 21,FREIGHT,SEC-NDLS-RE,2025-01-12,13:30:00,14:52:00,13:40:00,15:05:00,13,LOW
TRN-12021,Synthetic Corridor Freight 21,FREIGHT,SEC-RE-AWR,2025-01-12,15:04:00,16:22:00,15:18:00,16:40:00,18,LOW
TRN-12021,Synthetic Corridor Freight 21,FREIGHT,SEC-AWR-BKI,2025-01-12,16:34:00,17:45:00,16:52:00,18:06:00,21,LOW
TRN-12021,Synthetic Corridor Freight 21,FREIGHT,SEC-BKI-JP,2025-01-12,17:57:00,19:25:00,18:19:00,19:51:00,26,LOW
TRN-12023,Synthetic Corridor Freight 23,FREIGHT,SEC-NDLS-RE,2025-01-12,14:24:00,15:46:00,14:33:00,15:58:00,12,LOW
TRN-12023,Synthetic Corridor Freight 23,FREIGHT,SEC-RE-AWR,2025-01-12,15:58:00,17:16:00,16:12:00,17:33:00,17,LOW
TRN-12023,Synthetic Corridor Freight 23,FREIGHT,SEC-AWR-BKI,2025-01-12,17:28:00,18:39:00,17:46:00,19:02:00,23,LOW
TRN-12023,Synthetic Corridor Freight 23,FREIGHT,SEC-BKI-JP,2025-01-12,18:51:00,20:19:00,19:17:00,20:47:00,28,LOW
TRN-12001,Synthetic Corridor Express 01,EXPRESS,SEC-NDLS-RE,2025-01-13,04:30:00,05:22:00,04:37:00,05:29:00,7,HIGH
TRN-12001,Synthetic Corridor Express 01,EXPRESS,SEC-RE-AWR,2025-01-13,05:28:00,06:18:00,05:37:00,06:28:00,10,HIGH
TRN-12001,Synthetic Corridor Express 01,EXPRESS,SEC-AWR-BKI,2025-01-13,06:24:00,07:09:00,06:35:00,07:20:00,11,HIGH
TRN-12001,Synthetic Corridor Express 01,EXPRESS,SEC-BKI-JP,2025-01-13,07:15:00,08:10:00,07:26:00,08:23:00,13,HIGH
TRN-12002,Synthetic Corridor Express 02,EXPRESS,SEC-NDLS-RE,2025-01-13,04:57:00,05:49:00,05:03:00,05:56:00,7,HIGH
TRN-12002,Synthetic Corridor Express 02,EXPRESS,SEC-RE-AWR,2025-01-13,05:55:00,06:45:00,06:02:00,06:53:00,8,HIGH
TRN-12002,Synthetic Corridor Express 02,EXPRESS,SEC-AWR-BKI,2025-01-13,06:51:00,07:36:00,06:59:00,07:45:00,9,HIGH
TRN-12002,Synthetic Corridor Express 02,EXPRESS,SEC-BKI-JP,2025-01-13,07:42:00,08:37:00,07:52:00,08:48:00,11,HIGH
TRN-12003,Synthetic Corridor Express 03,EXPRESS,SEC-NDLS-RE,2025-01-13,05:24:00,06:16:00,05:29:00,06:22:00,6,HIGH
TRN-12003,Synthetic Corridor Express 03,EXPRESS,SEC-RE-AWR,2025-01-13,06:22:00,07:12:00,06:30:00,07:23:00,11,HIGH
TRN-12003,Synthetic Corridor Express 03,EXPRESS,SEC-AWR-BKI,2025-01-13,07:18:00,08:03:00,07:30:00,08:16:00,13,HIGH
TRN-12003,Synthetic Corridor Express 03,EXPRESS,SEC-BKI-JP,2025-01-13,08:09:00,09:04:00,08:23:00,09:18:00,14,HIGH
TRN-12005,Synthetic Corridor Express 05,EXPRESS,SEC-NDLS-RE,2025-01-13,06:18:00,07:10:00,06:22:00,07:14:00,4,HIGH
TRN-12005,Synthetic Corridor Express 05,EXPRESS,SEC-RE-AWR,2025-01-13,07:16:00,08:06:00,07:20:00,08:10:00,4,HIGH
TRN-12005,Synthetic Corridor Express 05,EXPRESS,SEC-AWR-BKI,2025-01-13,08:12:00,08:57:00,08:16:00,09:01:00,4,HIGH
TRN-12005,Synthetic Corridor Express 05,EXPRESS,SEC-BKI-JP,2025-01-13,09:03:00,09:58:00,09:07:00,10:03:00,5,HIGH
TRN-12006,Synthetic Corridor Express 06,EXPRESS,SEC-NDLS-RE,2025-01-13,06:45:00,07:37:00,06:48:00,07:42:00,5,HIGH
TRN-12006,Synthetic Corridor Express 06,EXPRESS,SEC-RE-AWR,2025-01-13,07:43:00,08:33:00,07:48:00,08:38:00,5,HIGH
TRN-12006,Synthetic Corridor Express 06,EXPRESS,SEC-AWR-BKI,2025-01-13,08:39:00,09:24:00,08:47:00,09:33:00,9,HIGH
TRN-12006,Synthetic Corridor Express 06,EXPRESS,SEC-BKI-JP,2025-01-13,09:30:00,10:25:00,09:39:00,10:35:00,10,HIGH
TRN-12007,Synthetic Corridor Express 07,EXPRESS,SEC-NDLS-RE,2025-01-13,07:12:00,08:04:00,07:15:00,08:09:00,5,HIGH
TRN-12007,Synthetic Corridor Express 07,EXPRESS,SEC-RE-AWR,2025-01-13,08:10:00,09:00:00,08:16:00,09:06:00,6,HIGH
TRN-12007,Synthetic Corridor Express 07,EXPRESS,SEC-AWR-BKI,2025-01-13,09:06:00,09:51:00,09:13:00,09:59:00,8,HIGH
TRN-12007,Synthetic Corridor Express 07,EXPRESS,SEC-BKI-JP,2025-01-13,09:57:00,10:52:00,10:07:00,11:02:00,10,HIGH
TRN-12009,Synthetic Corridor Express 09,EXPRESS,SEC-NDLS-RE,2025-01-13,08:06:00,08:58:00,08:13:00,09:06:00,8,HIGH
TRN-12009,Synthetic Corridor Express 09,EXPRESS,SEC-RE-AWR,2025-01-13,09:04:00,09:54:00,09:12:00,10:03:00,9,HIGH
TRN-12009,Synthetic Corridor Express 09,EXPRESS,SEC-AWR-BKI,2025-01-13,10:00:00,10:45:00,10:10:00,10:59:00,14,HIGH
TRN-12009,Synthetic Corridor Express 09,EXPRESS,SEC-BKI-JP,2025-01-13,10:51:00,11:46:00,11:06:00,12:02:00,16,HIGH
TRN-12010,Synthetic Corridor Express 10,EXPRESS,SEC-NDLS-RE,2025-01-13,08:33:00,09:25:00,08:34:00,09:27:00,2,HIGH
TRN-12010,Synthetic Corridor Express 10,EXPRESS,SEC-RE-AWR,2025-01-13,09:31:00,10:21:00,09:34:00,10:24:00,3,HIGH
TRN-12010,Synthetic Corridor Express 10,EXPRESS,SEC-AWR-BKI,2025-01-13,10:27:00,11:12:00,10:31:00,11:18:00,6,HIGH
TRN-12010,Synthetic Corridor Express 10,EXPRESS,SEC-BKI-JP,2025-01-13,11:18:00,12:13:00,11:24:00,12:20:00,7,HIGH
TRN-12011,Synthetic Corridor Passenger 11,PASSENGER,SEC-NDLS-RE,2025-01-13,09:00:00,10:02:00,09:07:00,10:10:00,8,MEDIUM
TRN-12011,Synthetic Corridor Passenger 11,PASSENGER,SEC-RE-AWR,2025-01-13,10:11:00,11:10:00,10:20:00,11:21:00,11,MEDIUM
TRN-12011,Synthetic Corridor Passenger 11,PASSENGER,SEC-AWR-BKI,2025-01-13,11:19:00,12:12:00,11:30:00,12:23:00,11,MEDIUM
TRN-12011,Synthetic Corridor Passenger 11,PASSENGER,SEC-BKI-JP,2025-01-13,12:21:00,13:27:00,12:32:00,13:39:00,12,MEDIUM
TRN-12012,Synthetic Corridor Passenger 12,PASSENGER,SEC-NDLS-RE,2025-01-13,09:27:00,10:29:00,09:35:00,10:39:00,10,MEDIUM
TRN-12012,Synthetic Corridor Passenger 12,PASSENGER,SEC-RE-AWR,2025-01-13,10:38:00,11:37:00,10:49:00,11:50:00,13,MEDIUM
TRN-12012,Synthetic Corridor Passenger 12,PASSENGER,SEC-AWR-BKI,2025-01-13,11:46:00,12:39:00,12:00:00,12:53:00,14,MEDIUM
TRN-12012,Synthetic Corridor Passenger 12,PASSENGER,SEC-BKI-JP,2025-01-13,12:48:00,13:54:00,13:03:00,14:12:00,18,MEDIUM
TRN-12013,Synthetic Corridor Passenger 13,PASSENGER,SEC-NDLS-RE,2025-01-13,09:54:00,10:56:00,10:06:00,11:11:00,15,MEDIUM
TRN-12013,Synthetic Corridor Passenger 13,PASSENGER,SEC-RE-AWR,2025-01-13,11:05:00,12:04:00,11:20:00,12:21:00,17,MEDIUM
TRN-12013,Synthetic Corridor Passenger 13,PASSENGER,SEC-AWR-BKI,2025-01-13,12:13:00,13:06:00,12:33:00,13:29:00,23,MEDIUM
TRN-12013,Synthetic Corridor Passenger 13,PASSENGER,SEC-BKI-JP,2025-01-13,13:15:00,14:21:00,13:39:00,14:46:00,25,MEDIUM
TRN-12014,Synthetic Corridor Passenger 14,PASSENGER,SEC-NDLS-RE,2025-01-13,10:21:00,11:23:00,10:25:00,11:30:00,7,MEDIUM
TRN-12014,Synthetic Corridor Passenger 14,PASSENGER,SEC-RE-AWR,2025-01-13,11:32:00,12:31:00,11:39:00,12:40:00,9,MEDIUM
TRN-12014,Synthetic Corridor Passenger 14,PASSENGER,SEC-AWR-BKI,2025-01-13,12:40:00,13:33:00,12:49:00,13:42:00,9,MEDIUM
TRN-12014,Synthetic Corridor Passenger 14,PASSENGER,SEC-BKI-JP,2025-01-13,13:42:00,14:48:00,13:51:00,15:00:00,12,MEDIUM
TRN-12015,Synthetic Corridor Passenger 15,PASSENGER,SEC-NDLS-RE,2025-01-13,10:48:00,11:50:00,10:56:00,11:59:00,9,MEDIUM
TRN-12015,Synthetic Corridor Passenger 15,PASSENGER,SEC-RE-AWR,2025-01-13,11:59:00,12:58:00,12:08:00,13:07:00,9,MEDIUM
TRN-12015,Synthetic Corridor Passenger 15,PASSENGER,SEC-AWR-BKI,2025-01-13,13:07:00,14:00:00,13:16:00,14:11:00,11,MEDIUM
TRN-12015,Synthetic Corridor Passenger 15,PASSENGER,SEC-BKI-JP,2025-01-13,14:09:00,15:15:00,14:22:00,15:30:00,15,MEDIUM
TRN-12016,Synthetic Corridor Passenger 16,PASSENGER,SEC-NDLS-RE,2025-01-13,11:15:00,12:17:00,11:21:00,12:23:00,6,MEDIUM
TRN-12016,Synthetic Corridor Passenger 16,PASSENGER,SEC-RE-AWR,2025-01-13,12:26:00,13:25:00,12:32:00,13:31:00,6,MEDIUM
TRN-12016,Synthetic Corridor Passenger 16,PASSENGER,SEC-AWR-BKI,2025-01-13,13:34:00,14:27:00,13:40:00,14:33:00,6,MEDIUM
TRN-12016,Synthetic Corridor Passenger 16,PASSENGER,SEC-BKI-JP,2025-01-13,14:36:00,15:42:00,14:42:00,15:50:00,8,MEDIUM
TRN-12017,Synthetic Corridor Passenger 17,PASSENGER,SEC-NDLS-RE,2025-01-13,11:42:00,12:44:00,11:42:00,12:45:00,1,MEDIUM
TRN-12017,Synthetic Corridor Passenger 17,PASSENGER,SEC-RE-AWR,2025-01-13,12:53:00,13:52:00,12:55:00,13:57:00,5,MEDIUM
TRN-12017,Synthetic Corridor Passenger 17,PASSENGER,SEC-AWR-BKI,2025-01-13,14:01:00,14:54:00,14:07:00,15:04:00,10,MEDIUM
TRN-12017,Synthetic Corridor Passenger 17,PASSENGER,SEC-BKI-JP,2025-01-13,15:03:00,16:09:00,15:14:00,16:21:00,12,MEDIUM
TRN-12018,Synthetic Corridor Passenger 18,PASSENGER,SEC-NDLS-RE,2025-01-13,12:09:00,13:11:00,12:12:00,13:14:00,3,MEDIUM
TRN-12018,Synthetic Corridor Passenger 18,PASSENGER,SEC-RE-AWR,2025-01-13,13:20:00,14:19:00,13:24:00,14:23:00,4,MEDIUM
TRN-12018,Synthetic Corridor Passenger 18,PASSENGER,SEC-AWR-BKI,2025-01-13,14:28:00,15:21:00,14:32:00,15:27:00,6,MEDIUM
TRN-12018,Synthetic Corridor Passenger 18,PASSENGER,SEC-BKI-JP,2025-01-13,15:30:00,16:36:00,15:36:00,16:43:00,7,MEDIUM
TRN-12019,Synthetic Corridor Freight 19,FREIGHT,SEC-NDLS-RE,2025-01-13,12:36:00,13:58:00,12:38:00,14:00:00,2,LOW
TRN-12019,Synthetic Corridor Freight 19,FREIGHT,SEC-RE-AWR,2025-01-13,14:10:00,15:28:00,14:13:00,15:31:00,3,LOW
TRN-12019,Synthetic Corridor Freight 19,FREIGHT,SEC-AWR-BKI,2025-01-13,15:40:00,16:51:00,15:43:00,16:55:00,4,LOW
TRN-12019,Synthetic Corridor Freight 19,FREIGHT,SEC-BKI-JP,2025-01-13,17:03:00,18:31:00,17:07:00,18:36:00,5,LOW
TRN-12021,Synthetic Corridor Freight 21,FREIGHT,SEC-NDLS-RE,2025-01-13,13:30:00,14:52:00,13:37:00,15:01:00,9,LOW
TRN-12021,Synthetic Corridor Freight 21,FREIGHT,SEC-RE-AWR,2025-01-13,15:04:00,16:22:00,15:13:00,16:32:00,10,LOW
TRN-12021,Synthetic Corridor Freight 21,FREIGHT,SEC-AWR-BKI,2025-01-13,16:34:00,17:45:00,16:44:00,17:57:00,12,LOW
TRN-12021,Synthetic Corridor Freight 21,FREIGHT,SEC-BKI-JP,2025-01-13,17:57:00,19:25:00,18:09:00,19:39:00,14,LOW
TRN-12022,Synthetic Corridor Freight 22,FREIGHT,SEC-NDLS-RE,2025-01-13,13:57:00,15:19:00,14:05:00,15:28:00,9,LOW
TRN-12022,Synthetic Corridor Freight 22,FREIGHT,SEC-RE-AWR,2025-01-13,15:31:00,16:49:00,15:41:00,16:59:00,10,LOW
TRN-12022,Synthetic Corridor Freight 22,FREIGHT,SEC-AWR-BKI,2025-01-13,17:01:00,18:12:00,17:11:00,18:29:00,17,LOW
TRN-12022,Synthetic Corridor Freight 22,FREIGHT,SEC-BKI-JP,2025-01-13,18:24:00,19:52:00,18:42:00,20:11:00,19,LOW
TRN-12023,Synthetic Corridor Freight 23,FREIGHT,SEC-NDLS-RE,2025-01-13,14:24:00,15:46:00,14:30:00,15:54:00,8,LOW
TRN-12023,Synthetic Corridor Freight 23,FREIGHT,SEC-RE-AWR,2025-01-13,15:58:00,17:16:00,16:07:00,17:29:00,13,LOW
TRN-12023,Synthetic Corridor Freight 23,FREIGHT,SEC-AWR-BKI,2025-01-13,17:28:00,18:39:00,17:42:00,18:54:00,15,LOW
TRN-12023,Synthetic Corridor Freight 23,FREIGHT,SEC-BKI-JP,2025-01-13,18:51:00,20:19:00,19:07:00,20:37:00,18,LOW
TRN-12001,Synthetic Corridor Express 01,EXPRESS,SEC-NDLS-RE,2025-01-14,04:30:00,05:22:00,04:33:00,05:25:00,3,HIGH
TRN-12001,Synthetic Corridor Express 01,EXPRESS,SEC-RE-AWR,2025-01-14,05:28:00,06:18:00,05:31:00,06:21:00,3,HIGH
TRN-12001,Synthetic Corridor Express 01,EXPRESS,SEC-AWR-BKI,2025-01-14,06:24:00,07:09:00,06:27:00,07:12:00,3,HIGH
TRN-12001,Synthetic Corridor Express 01,EXPRESS,SEC-BKI-JP,2025-01-14,07:15:00,08:10:00,07:18:00,08:13:00,3,HIGH
TRN-12002,Synthetic Corridor Express 02,EXPRESS,SEC-NDLS-RE,2025-01-14,04:57:00,05:49:00,04:57:00,05:50:00,1,HIGH
TRN-12002,Synthetic Corridor Express 02,EXPRESS,SEC-RE-AWR,2025-01-14,05:55:00,06:45:00,05:56:00,06:46:00,1,HIGH
TRN-12002,Synthetic Corridor Express 02,EXPRESS,SEC-AWR-BKI,2025-01-14,06:51:00,07:36:00,06:52:00,07:38:00,2,HIGH
TRN-12002,Synthetic Corridor Express 02,EXPRESS,SEC-BKI-JP,2025-01-14,07:42:00,08:37:00,07:44:00,08:39:00,2,HIGH
TRN-12004,Synthetic Corridor Express 04,EXPRESS,SEC-NDLS-RE,2025-01-14,05:51:00,06:43:00,05:54:00,06:47:00,4,HIGH
TRN-12004,Synthetic Corridor Express 04,EXPRESS,SEC-RE-AWR,2025-01-14,06:49:00,07:39:00,06:53:00,07:43:00,4,HIGH
TRN-12004,Synthetic Corridor Express 04,EXPRESS,SEC-AWR-BKI,2025-01-14,07:45:00,08:30:00,07:49:00,08:35:00,5,HIGH
TRN-12004,Synthetic Corridor Express 04,EXPRESS,SEC-BKI-JP,2025-01-14,08:36:00,09:31:00,08:41:00,09:37:00,6,HIGH
TRN-12005,Synthetic Corridor Express 05,EXPRESS,SEC-NDLS-RE,2025-01-14,06:18:00,07:10:00,06:19:00,07:12:00,2,HIGH
TRN-12005,Synthetic Corridor Express 05,EXPRESS,SEC-RE-AWR,2025-01-14,07:16:00,08:06:00,07:18:00,08:08:00,2,HIGH
TRN-12005,Synthetic Corridor Express 05,EXPRESS,SEC-AWR-BKI,2025-01-14,08:12:00,08:57:00,08:14:00,09:00:00,3,HIGH
TRN-12005,Synthetic Corridor Express 05,EXPRESS,SEC-BKI-JP,2025-01-14,09:03:00,09:58:00,09:06:00,10:03:00,5,HIGH
TRN-12006,Synthetic Corridor Express 06,EXPRESS,SEC-NDLS-RE,2025-01-14,06:45:00,07:37:00,06:50:00,07:43:00,6,HIGH
TRN-12006,Synthetic Corridor Express 06,EXPRESS,SEC-RE-AWR,2025-01-14,07:43:00,08:33:00,07:49:00,08:39:00,6,HIGH
TRN-12006,Synthetic Corridor Express 06,EXPRESS,SEC-AWR-BKI,2025-01-14,08:39:00,09:24:00,08:46:00,09:32:00,8,HIGH
TRN-12006,Synthetic Corridor Express 06,EXPRESS,SEC-BKI-JP,2025-01-14,09:30:00,10:25:00,09:38:00,10:34:00,9,HIGH
TRN-12008,Synthetic Corridor Express 08,EXPRESS,SEC-NDLS-RE,2025-01-14,07:39:00,08:31:00,07:41:00,08:33:00,2,HIGH
TRN-12008,Synthetic Corridor Express 08,EXPRESS,SEC-RE-AWR,2025-01-14,08:37:00,09:27:00,08:40:00,09:30:00,3,HIGH
TRN-12008,Synthetic Corridor Express 08,EXPRESS,SEC-AWR-BKI,2025-01-14,09:33:00,10:18:00,09:37:00,10:23:00,5,HIGH
TRN-12008,Synthetic Corridor Express 08,EXPRESS,SEC-BKI-JP,2025-01-14,10:24:00,11:19:00,10:30:00,11:25:00,6,HIGH
TRN-12009,Synthetic Corridor Express 09,EXPRESS,SEC-NDLS-RE,2025-01-14,08:06:00,08:58:00,08:08:00,09:00:00,2,HIGH
TRN-12009,Synthetic Corridor Express 09,EXPRESS,SEC-RE-AWR,2025-01-14,09:04:00,09:54:00,09:06:00,09:57:00,3,HIGH
TRN-12009,Synthetic Corridor Express 09,EXPRESS,SEC-AWR-BKI,2025-01-14,10:00:00,10:45:00,10:03:00,10:49:00,4,HIGH
TRN-12009,Synthetic Corridor Express 09,EXPRESS,SEC-BKI-JP,2025-01-14,10:51:00,11:46:00,10:55:00,11:50:00,4,HIGH
TRN-12010,Synthetic Corridor Express 10,EXPRESS,SEC-NDLS-RE,2025-01-14,08:33:00,09:25:00,08:36:00,09:29:00,4,HIGH
TRN-12010,Synthetic Corridor Express 10,EXPRESS,SEC-RE-AWR,2025-01-14,09:31:00,10:21:00,09:35:00,10:25:00,4,HIGH
TRN-12010,Synthetic Corridor Express 10,EXPRESS,SEC-AWR-BKI,2025-01-14,10:27:00,11:12:00,10:31:00,11:17:00,5,HIGH
TRN-12010,Synthetic Corridor Express 10,EXPRESS,SEC-BKI-JP,2025-01-14,11:18:00,12:13:00,11:23:00,12:18:00,5,HIGH
TRN-12011,Synthetic Corridor Passenger 11,PASSENGER,SEC-NDLS-RE,2025-01-14,09:00:00,10:02:00,09:05:00,10:07:00,5,MEDIUM
TRN-12011,Synthetic Corridor Passenger 11,PASSENGER,SEC-RE-AWR,2025-01-14,10:11:00,11:10:00,10:16:00,11:16:00,6,MEDIUM
TRN-12011,Synthetic Corridor Passenger 11,PASSENGER,SEC-AWR-BKI,2025-01-14,11:19:00,12:12:00,11:25:00,12:18:00,6,MEDIUM
TRN-12011,Synthetic Corridor Passenger 11,PASSENGER,SEC-BKI-JP,2025-01-14,12:21:00,13:27:00,12:27:00,13:34:00,7,MEDIUM
TRN-12012,Synthetic Corridor Passenger 12,PASSENGER,SEC-NDLS-RE,2025-01-14,09:27:00,10:29:00,09:37:00,10:39:00,10,MEDIUM
TRN-12012,Synthetic Corridor Passenger 12,PASSENGER,SEC-RE-AWR,2025-01-14,10:38:00,11:37:00,10:49:00,11:49:00,12,MEDIUM
TRN-12012,Synthetic Corridor Passenger 12,PASSENGER,SEC-AWR-BKI,2025-01-14,11:46:00,12:39:00,11:58:00,12:53:00,14,MEDIUM
TRN-12012,Synthetic Corridor Passenger 12,PASSENGER,SEC-BKI-JP,2025-01-14,12:48:00,13:54:00,13:03:00,14:10:00,16,MEDIUM
TRN-12013,Synthetic Corridor Passenger 13,PASSENGER,SEC-NDLS-RE,2025-01-14,09:54:00,10:56:00,09:56:00,10:59:00,3,MEDIUM
TRN-12013,Synthetic Corridor Passenger 13,PASSENGER,SEC-RE-AWR,2025-01-14,11:05:00,12:04:00,11:08:00,12:08:00,4,MEDIUM
TRN-12013,Synthetic Corridor Passenger 13,PASSENGER,SEC-AWR-BKI,2025-01-14,12:13:00,13:06:00,12:17:00,13:11:00,5,MEDIUM
TRN-12013,Synthetic Corridor Passenger 13,PASSENGER,SEC-BKI-JP,2025-01-14,13:15:00,14:21:00,13:20:00,14:27:00,6,MEDIUM
TRN-12014,Synthetic Corridor Passenger 14,PASSENGER,SEC-NDLS-RE,2025-01-14,10:21:00,11:23:00,10:23:00,11:27:00,4,MEDIUM
TRN-12014,Synthetic Corridor Passenger 14,PASSENGER,SEC-RE-AWR,2025-01-14,11:32:00,12:31:00,11:36:00,12:35:00,4,MEDIUM
TRN-12014,Synthetic Corridor Passenger 14,PASSENGER,SEC-AWR-BKI,2025-01-14,12:40:00,13:33:00,12:44:00,13:37:00,4,MEDIUM
TRN-12014,Synthetic Corridor Passenger 14,PASSENGER,SEC-BKI-JP,2025-01-14,13:42:00,14:48:00,13:47:00,14:54:00,6,MEDIUM
TRN-12015,Synthetic Corridor Passenger 15,PASSENGER,SEC-NDLS-RE,2025-01-14,10:48:00,11:50:00,10:50:00,11:53:00,3,MEDIUM
TRN-12015,Synthetic Corridor Passenger 15,PASSENGER,SEC-RE-AWR,2025-01-14,11:59:00,12:58:00,12:02:00,13:01:00,3,MEDIUM
TRN-12015,Synthetic Corridor Passenger 15,PASSENGER,SEC-AWR-BKI,2025-01-14,13:07:00,14:00:00,13:10:00,14:06:00,6,MEDIUM
TRN-12015,Synthetic Corridor Passenger 15,PASSENGER,SEC-BKI-JP,2025-01-14,14:09:00,15:15:00,14:15:00,15:22:00,7,MEDIUM
TRN-12016,Synthetic Corridor Passenger 16,PASSENGER,SEC-NDLS-RE,2025-01-14,11:15:00,12:17:00,11:17:00,12:20:00,3,MEDIUM
TRN-12016,Synthetic Corridor Passenger 16,PASSENGER,SEC-RE-AWR,2025-01-14,12:26:00,13:25:00,12:30:00,13:29:00,4,MEDIUM
TRN-12016,Synthetic Corridor Passenger 16,PASSENGER,SEC-AWR-BKI,2025-01-14,13:34:00,14:27:00,13:38:00,14:31:00,4,MEDIUM
TRN-12016,Synthetic Corridor Passenger 16,PASSENGER,SEC-BKI-JP,2025-01-14,14:36:00,15:42:00,14:40:00,15:46:00,4,MEDIUM
TRN-12017,Synthetic Corridor Passenger 17,PASSENGER,SEC-NDLS-RE,2025-01-14,11:42:00,12:44:00,11:45:00,12:47:00,3,MEDIUM
TRN-12017,Synthetic Corridor Passenger 17,PASSENGER,SEC-RE-AWR,2025-01-14,12:53:00,13:52:00,12:56:00,13:56:00,4,MEDIUM
TRN-12017,Synthetic Corridor Passenger 17,PASSENGER,SEC-AWR-BKI,2025-01-14,14:01:00,14:54:00,14:05:00,14:58:00,4,MEDIUM
TRN-12017,Synthetic Corridor Passenger 17,PASSENGER,SEC-BKI-JP,2025-01-14,15:03:00,16:09:00,15:07:00,16:13:00,4,MEDIUM
TRN-12018,Synthetic Corridor Passenger 18,PASSENGER,SEC-NDLS-RE,2025-01-14,12:09:00,13:11:00,12:11:00,13:13:00,2,MEDIUM
TRN-12018,Synthetic Corridor Passenger 18,PASSENGER,SEC-RE-AWR,2025-01-14,13:20:00,14:19:00,13:22:00,14:21:00,2,MEDIUM
TRN-12018,Synthetic Corridor Passenger 18,PASSENGER,SEC-AWR-BKI,2025-01-14,14:28:00,15:21:00,14:30:00,15:23:00,2,MEDIUM
TRN-12018,Synthetic Corridor Passenger 18,PASSENGER,SEC-BKI-JP,2025-01-14,15:30:00,16:36:00,15:32:00,16:38:00,2,MEDIUM
TRN-12020,Synthetic Corridor Freight 20,FREIGHT,SEC-NDLS-RE,2025-01-14,13:03:00,14:25:00,13:08:00,14:31:00,6,LOW
TRN-12020,Synthetic Corridor Freight 20,FREIGHT,SEC-RE-AWR,2025-01-14,14:37:00,15:55:00,14:43:00,16:03:00,8,LOW
TRN-12020,Synthetic Corridor Freight 20,FREIGHT,SEC-AWR-BKI,2025-01-14,16:07:00,17:18:00,16:15:00,17:26:00,8,LOW
TRN-12020,Synthetic Corridor Freight 20,FREIGHT,SEC-BKI-JP,2025-01-14,17:30:00,18:58:00,17:38:00,19:08:00,10,LOW
TRN-12021,Synthetic Corridor Freight 21,FREIGHT,SEC-NDLS-RE,2025-01-14,13:30:00,14:52:00,13:36:00,14:58:00,6,LOW
TRN-12021,Synthetic Corridor Freight 21,FREIGHT,SEC-RE-AWR,2025-01-14,15:04:00,16:22:00,15:10:00,16:28:00,6,LOW
TRN-12021,Synthetic Corridor Freight 21,FREIGHT,SEC-AWR-BKI,2025-01-14,16:34:00,17:45:00,16:40:00,17:53:00,8,LOW
TRN-12021,Synthetic Corridor Freight 21,FREIGHT,SEC-BKI-JP,2025-01-14,17:57:00,19:25:00,18:05:00,19:34:00,9,LOW
TRN-12022,Synthetic Corridor Freight 22,FREIGHT,SEC-NDLS-RE,2025-01-14,13:57:00,15:19:00,14:00:00,15:23:00,4,LOW
TRN-12022,Synthetic Corridor Freight 22,FREIGHT,SEC-RE-AWR,2025-01-14,15:31:00,16:49:00,15:35:00,16:53:00,4,LOW
TRN-12022,Synthetic Corridor Freight 22,FREIGHT,SEC-AWR-BKI,2025-01-14,17:01:00,18:12:00,17:05:00,18:17:00,5,LOW
TRN-12022,Synthetic Corridor Freight 22,FREIGHT,SEC-BKI-JP,2025-01-14,18:24:00,19:52:00,18:29:00,19:58:00,6,LOW
TRN-12024,Synthetic Corridor Freight 24,FREIGHT,SEC-NDLS-RE,2025-01-14,14:51:00,16:13:00,14:55:00,16:19:00,6,LOW
TRN-12024,Synthetic Corridor Freight 24,FREIGHT,SEC-RE-AWR,2025-01-14,16:25:00,17:43:00,16:31:00,17:52:00,9,LOW
TRN-12024,Synthetic Corridor Freight 24,FREIGHT,SEC-AWR-BKI,2025-01-14,17:55:00,19:06:00,18:04:00,19:16:00,10,LOW
TRN-12024,Synthetic Corridor Freight 24,FREIGHT,SEC-BKI-JP,2025-01-14,19:18:00,20:46:00,19:28:00,20:58:00,12,LOW
TRN-12001,Synthetic Corridor Express 01,EXPRESS,SEC-NDLS-RE,2025-01-15,04:30:00,05:22:00,04:35:00,05:27:00,5,HIGH
TRN-12001,Synthetic Corridor Express 01,EXPRESS,SEC-RE-AWR,2025-01-15,05:28:00,06:18:00,05:33:00,06:25:00,7,HIGH
TRN-12001,Synthetic Corridor Express 01,EXPRESS,SEC-AWR-BKI,2025-01-15,06:24:00,07:09:00,06:31:00,07:16:00,7,HIGH
TRN-12001,Synthetic Corridor Express 01,EXPRESS,SEC-BKI-JP,2025-01-15,07:15:00,08:10:00,07:22:00,08:17:00,7,HIGH
TRN-12002,Synthetic Corridor Express 02,EXPRESS,SEC-NDLS-RE,2025-01-15,04:57:00,05:49:00,04:58:00,05:51:00,2,HIGH
TRN-12002,Synthetic Corridor Express 02,EXPRESS,SEC-RE-AWR,2025-01-15,05:55:00,06:45:00,05:57:00,06:48:00,3,HIGH
TRN-12002,Synthetic Corridor Express 02,EXPRESS,SEC-AWR-BKI,2025-01-15,06:51:00,07:36:00,06:54:00,07:40:00,4,HIGH
TRN-12002,Synthetic Corridor Express 02,EXPRESS,SEC-BKI-JP,2025-01-15,07:42:00,08:37:00,07:46:00,08:41:00,4,HIGH
TRN-12003,Synthetic Corridor Express 03,EXPRESS,SEC-NDLS-RE,2025-01-15,05:24:00,06:16:00,05:27:00,06:20:00,4,HIGH
TRN-12003,Synthetic Corridor Express 03,EXPRESS,SEC-RE-AWR,2025-01-15,06:22:00,07:12:00,06:27:00,07:17:00,5,HIGH
TRN-12003,Synthetic Corridor Express 03,EXPRESS,SEC-AWR-BKI,2025-01-15,07:18:00,08:03:00,07:23:00,08:08:00,5,HIGH
TRN-12003,Synthetic Corridor Express 03,EXPRESS,SEC-BKI-JP,2025-01-15,08:09:00,09:04:00,08:14:00,09:09:00,5,HIGH
TRN-12005,Synthetic Corridor Express 05,EXPRESS,SEC-NDLS-RE,2025-01-15,06:18:00,07:10:00,06:20:00,07:13:00,3,HIGH
TRN-12005,Synthetic Corridor Express 05,EXPRESS,SEC-RE-AWR,2025-01-15,07:16:00,08:06:00,07:19:00,08:09:00,3,HIGH
TRN-12005,Synthetic Corridor Express 05,EXPRESS,SEC-AWR-BKI,2025-01-15,08:12:00,08:57:00,08:16:00,09:01:00,4,HIGH
TRN-12005,Synthetic Corridor Express 05,EXPRESS,SEC-BKI-JP,2025-01-15,09:03:00,09:58:00,09:07:00,10:02:00,4,HIGH
TRN-12006,Synthetic Corridor Express 06,EXPRESS,SEC-NDLS-RE,2025-01-15,06:45:00,07:37:00,06:46:00,07:38:00,1,HIGH
TRN-12006,Synthetic Corridor Express 06,EXPRESS,SEC-RE-AWR,2025-01-15,07:43:00,08:33:00,07:44:00,08:35:00,2,HIGH
TRN-12006,Synthetic Corridor Express 06,EXPRESS,SEC-AWR-BKI,2025-01-15,08:39:00,09:24:00,08:41:00,09:26:00,2,HIGH
TRN-12006,Synthetic Corridor Express 06,EXPRESS,SEC-BKI-JP,2025-01-15,09:30:00,10:25:00,09:32:00,10:27:00,2,HIGH
TRN-12007,Synthetic Corridor Express 07,EXPRESS,SEC-NDLS-RE,2025-01-15,07:12:00,08:04:00,07:17:00,08:09:00,5,HIGH
TRN-12007,Synthetic Corridor Express 07,EXPRESS,SEC-RE-AWR,2025-01-15,08:10:00,09:00:00,08:15:00,09:05:00,5,HIGH
TRN-12007,Synthetic Corridor Express 07,EXPRESS,SEC-AWR-BKI,2025-01-15,09:06:00,09:51:00,09:12:00,09:59:00,8,HIGH
TRN-12007,Synthetic Corridor Express 07,EXPRESS,SEC-BKI-JP,2025-01-15,09:57:00,10:52:00,10:06:00,11:01:00,9,HIGH
TRN-12009,Synthetic Corridor Express 09,EXPRESS,SEC-NDLS-RE,2025-01-15,08:06:00,08:58:00,08:12:00,09:05:00,7,HIGH
TRN-12009,Synthetic Corridor Express 09,EXPRESS,SEC-RE-AWR,2025-01-15,09:04:00,09:54:00,09:11:00,10:02:00,8,HIGH
TRN-12009,Synthetic Corridor Express 09,EXPRESS,SEC-AWR-BKI,2025-01-15,10:00:00,10:45:00,10:08:00,10:53:00,8,HIGH
TRN-12009,Synthetic Corridor Express 09,EXPRESS,SEC-BKI-JP,2025-01-15,10:51:00,11:46:00,10:59:00,11:56:00,10,HIGH
TRN-12010,Synthetic Corridor Express 10,EXPRESS,SEC-NDLS-RE,2025-01-15,08:33:00,09:25:00,08:37:00,09:29:00,4,HIGH
TRN-12010,Synthetic Corridor Express 10,EXPRESS,SEC-RE-AWR,2025-01-15,09:31:00,10:21:00,09:37:00,10:28:00,7,HIGH
TRN-12010,Synthetic Corridor Express 10,EXPRESS,SEC-AWR-BKI,2025-01-15,10:27:00,11:12:00,10:34:00,11:20:00,8,HIGH
TRN-12010,Synthetic Corridor Express 10,EXPRESS,SEC-BKI-JP,2025-01-15,11:18:00,12:13:00,11:26:00,12:23:00,10,HIGH
TRN-12011,Synthetic Corridor Passenger 11,PASSENGER,SEC-NDLS-RE,2025-01-15,09:00:00,10:02:00,09:06:00,10:10:00,8,MEDIUM
TRN-12011,Synthetic Corridor Passenger 11,PASSENGER,SEC-RE-AWR,2025-01-15,10:11:00,11:10:00,10:19:00,11:19:00,9,MEDIUM
TRN-12011,Synthetic Corridor Passenger 11,PASSENGER,SEC-AWR-BKI,2025-01-15,11:19:00,12:12:00,11:28:00,12:24:00,12,MEDIUM
TRN-12011,Synthetic Corridor Passenger 11,PASSENGER,SEC-BKI-JP,2025-01-15,12:21:00,13:27:00,12:33:00,13:40:00,13,MEDIUM
TRN-12012,Synthetic Corridor Passenger 12,PASSENGER,SEC-NDLS-RE,2025-01-15,09:27:00,10:29:00,09:36:00,10:40:00,11,MEDIUM
TRN-12012,Synthetic Corridor Passenger 12,PASSENGER,SEC-RE-AWR,2025-01-15,10:38:00,11:37:00,10:51:00,11:50:00,13,MEDIUM
TRN-12012,Synthetic Corridor Passenger 12,PASSENGER,SEC-AWR-BKI,2025-01-15,11:46:00,12:39:00,12:02:00,12:55:00,16,MEDIUM
TRN-12012,Synthetic Corridor Passenger 12,PASSENGER,SEC-BKI-JP,2025-01-15,12:48:00,13:54:00,13:06:00,14:13:00,19,MEDIUM
TRN-12013,Synthetic Corridor Passenger 13,PASSENGER,SEC-NDLS-RE,2025-01-15,09:54:00,10:56:00,09:57:00,11:02:00,6,MEDIUM
TRN-12013,Synthetic Corridor Passenger 13,PASSENGER,SEC-RE-AWR,2025-01-15,11:05:00,12:04:00,11:11:00,12:10:00,6,MEDIUM
TRN-12013,Synthetic Corridor Passenger 13,PASSENGER,SEC-AWR-BKI,2025-01-15,12:13:00,13:06:00,12:20:00,13:16:00,10,MEDIUM
TRN-12013,Synthetic Corridor Passenger 13,PASSENGER,SEC-BKI-JP,2025-01-15,13:15:00,14:21:00,13:25:00,14:31:00,10,MEDIUM
TRN-12014,Synthetic Corridor Passenger 14,PASSENGER,SEC-NDLS-RE,2025-01-15,10:21:00,11:23:00,10:22:00,11:25:00,2,MEDIUM
TRN-12014,Synthetic Corridor Passenger 14,PASSENGER,SEC-RE-AWR,2025-01-15,11:32:00,12:31:00,11:34:00,12:36:00,5,MEDIUM
TRN-12014,Synthetic Corridor Passenger 14,PASSENGER,SEC-AWR-BKI,2025-01-15,12:40:00,13:33:00,12:45:00,13:41:00,8,MEDIUM
TRN-12014,Synthetic Corridor Passenger 14,PASSENGER,SEC-BKI-JP,2025-01-15,13:42:00,14:48:00,13:50:00,14:58:00,10,MEDIUM
TRN-12015,Synthetic Corridor Passenger 15,PASSENGER,SEC-NDLS-RE,2025-01-15,10:48:00,11:50:00,10:51:00,11:55:00,5,MEDIUM
TRN-12015,Synthetic Corridor Passenger 15,PASSENGER,SEC-RE-AWR,2025-01-15,11:59:00,12:58:00,12:04:00,13:05:00,7,MEDIUM
TRN-12015,Synthetic Corridor Passenger 15,PASSENGER,SEC-AWR-BKI,2025-01-15,13:07:00,14:00:00,13:14:00,14:09:00,9,MEDIUM
TRN-12015,Synthetic Corridor Passenger 15,PASSENGER,SEC-BKI-JP,2025-01-15,14:09:00,15:15:00,14:18:00,15:25:00,10,MEDIUM
TRN-12016,Synthetic Corridor Passenger 16,PASSENGER,SEC-NDLS-RE,2025-01-15,11:15:00,12:17:00,11:18:00,12:21:00,4,MEDIUM
TRN-12016,Synthetic Corridor Passenger 16,PASSENGER,SEC-RE-AWR,2025-01-15,12:26:00,13:25:00,12:30:00,13:29:00,4,MEDIUM
TRN-12016,Synthetic Corridor Passenger 16,PASSENGER,SEC-AWR-BKI,2025-01-15,13:34:00,14:27:00,13:38:00,14:33:00,6,MEDIUM
TRN-12016,Synthetic Corridor Passenger 16,PASSENGER,SEC-BKI-JP,2025-01-15,14:36:00,15:42:00,14:42:00,15:48:00,6,MEDIUM
TRN-12017,Synthetic Corridor Passenger 17,PASSENGER,SEC-NDLS-RE,2025-01-15,11:42:00,12:44:00,11:44:00,12:47:00,3,MEDIUM
TRN-12017,Synthetic Corridor Passenger 17,PASSENGER,SEC-RE-AWR,2025-01-15,12:53:00,13:52:00,12:56:00,13:55:00,3,MEDIUM
TRN-12017,Synthetic Corridor Passenger 17,PASSENGER,SEC-AWR-BKI,2025-01-15,14:01:00,14:54:00,14:04:00,14:58:00,4,MEDIUM
TRN-12017,Synthetic Corridor Passenger 17,PASSENGER,SEC-BKI-JP,2025-01-15,15:03:00,16:09:00,15:07:00,16:14:00,5,MEDIUM
TRN-12018,Synthetic Corridor Passenger 18,PASSENGER,SEC-NDLS-RE,2025-01-15,12:09:00,13:11:00,12:12:00,13:14:00,3,MEDIUM
TRN-12018,Synthetic Corridor Passenger 18,PASSENGER,SEC-RE-AWR,2025-01-15,13:20:00,14:19:00,13:23:00,14:23:00,4,MEDIUM
TRN-12018,Synthetic Corridor Passenger 18,PASSENGER,SEC-AWR-BKI,2025-01-15,14:28:00,15:21:00,14:33:00,15:26:00,5,MEDIUM
TRN-12018,Synthetic Corridor Passenger 18,PASSENGER,SEC-BKI-JP,2025-01-15,15:30:00,16:36:00,15:37:00,16:43:00,7,MEDIUM
TRN-12019,Synthetic Corridor Freight 19,FREIGHT,SEC-NDLS-RE,2025-01-15,12:36:00,13:58:00,12:37:00,14:01:00,3,LOW
TRN-12019,Synthetic Corridor Freight 19,FREIGHT,SEC-RE-AWR,2025-01-15,14:10:00,15:28:00,14:13:00,15:31:00,3,LOW
TRN-12019,Synthetic Corridor Freight 19,FREIGHT,SEC-AWR-BKI,2025-01-15,15:40:00,16:51:00,15:43:00,16:54:00,3,LOW
TRN-12019,Synthetic Corridor Freight 19,FREIGHT,SEC-BKI-JP,2025-01-15,17:03:00,18:31:00,17:06:00,18:36:00,5,LOW
TRN-12021,Synthetic Corridor Freight 21,FREIGHT,SEC-NDLS-RE,2025-01-15,13:30:00,14:52:00,13:33:00,14:56:00,4,LOW
TRN-12021,Synthetic Corridor Freight 21,FREIGHT,SEC-RE-AWR,2025-01-15,15:04:00,16:22:00,15:08:00,16:26:00,4,LOW
TRN-12021,Synthetic Corridor Freight 21,FREIGHT,SEC-AWR-BKI,2025-01-15,16:34:00,17:45:00,16:38:00,17:50:00,5,LOW
TRN-12021,Synthetic Corridor Freight 21,FREIGHT,SEC-BKI-JP,2025-01-15,17:57:00,19:25:00,18:02:00,19:31:00,6,LOW
TRN-12022,Synthetic Corridor Freight 22,FREIGHT,SEC-NDLS-RE,2025-01-15,13:57:00,15:19:00,14:02:00,15:24:00,5,LOW
TRN-12022,Synthetic Corridor Freight 22,FREIGHT,SEC-RE-AWR,2025-01-15,15:31:00,16:49:00,15:36:00,16:55:00,6,LOW
TRN-12022,Synthetic Corridor Freight 22,FREIGHT,SEC-AWR-BKI,2025-01-15,17:01:00,18:12:00,17:08:00,18:21:00,9,LOW
TRN-12022,Synthetic Corridor Freight 22,FREIGHT,SEC-BKI-JP,2025-01-15,18:24:00,19:52:00,18:34:00,20:04:00,12,LOW
TRN-12023,Synthetic Corridor Freight 23,FREIGHT,SEC-NDLS-RE,2025-01-15,14:24:00,15:46:00,14:26:00,15:50:00,4,LOW
TRN-12023,Synthetic Corridor Freight 23,FREIGHT,SEC-RE-AWR,2025-01-15,15:58:00,17:16:00,16:02:00,17:21:00,5,LOW
TRN-12023,Synthetic Corridor Freight 23,FREIGHT,SEC-AWR-BKI,2025-01-15,17:28:00,18:39:00,17:33:00,18:45:00,6,LOW
TRN-12023,Synthetic Corridor Freight 23,FREIGHT,SEC-BKI-JP,2025-01-15,18:51:00,20:19:00,18:57:00,20:25:00,6,LOW
TRN-12001,Synthetic Corridor Express 01,EXPRESS,SEC-NDLS-RE,2025-01-16,04:30:00,05:22:00,04:32:00,05:25:00,3,HIGH
TRN-12001,Synthetic Corridor Express 01,EXPRESS,SEC-RE-AWR,2025-01-16,05:28:00,06:18:00,05:31:00,06:21:00,3,HIGH
TRN-12001,Synthetic Corridor Express 01,EXPRESS,SEC-AWR-BKI,2025-01-16,06:24:00,07:09:00,06:27:00,07:13:00,4,HIGH
TRN-12001,Synthetic Corridor Express 01,EXPRESS,SEC-BKI-JP,2025-01-16,07:15:00,08:10:00,07:19:00,08:14:00,4,HIGH
TRN-12002,Synthetic Corridor Express 02,EXPRESS,SEC-NDLS-RE,2025-01-16,04:57:00,05:49:00,05:00:00,05:53:00,4,HIGH
TRN-12002,Synthetic Corridor Express 02,EXPRESS,SEC-RE-AWR,2025-01-16,05:55:00,06:45:00,05:59:00,06:49:00,4,HIGH
TRN-12002,Synthetic Corridor Express 02,EXPRESS,SEC-AWR-BKI,2025-01-16,06:51:00,07:36:00,06:55:00,07:40:00,4,HIGH
TRN-12002,Synthetic Corridor Express 02,EXPRESS,SEC-BKI-JP,2025-01-16,07:42:00,08:37:00,07:46:00,08:41:00,4,HIGH
TRN-12004,Synthetic Corridor Express 04,EXPRESS,SEC-NDLS-RE,2025-01-16,05:51:00,06:43:00,05:55:00,06:48:00,5,HIGH
TRN-12004,Synthetic Corridor Express 04,EXPRESS,SEC-RE-AWR,2025-01-16,06:49:00,07:39:00,06:54:00,07:44:00,5,HIGH
TRN-12004,Synthetic Corridor Express 04,EXPRESS,SEC-AWR-BKI,2025-01-16,07:45:00,08:30:00,07:50:00,08:35:00,5,HIGH
TRN-12004,Synthetic Corridor Express 04,EXPRESS,SEC-BKI-JP,2025-01-16,08:36:00,09:31:00,08:41:00,09:36:00,5,HIGH
TRN-12005,Synthetic Corridor Express 05,EXPRESS,SEC-NDLS-RE,2025-01-16,06:18:00,07:10:00,06:20:00,07:12:00,2,HIGH
TRN-12005,Synthetic Corridor Express 05,EXPRESS,SEC-RE-AWR,2025-01-16,07:16:00,08:06:00,07:18:00,08:08:00,2,HIGH
TRN-12005,Synthetic Corridor Express 05,EXPRESS,SEC-AWR-BKI,2025-01-16,08:12:00,08:57:00,08:14:00,08:59:00,2,HIGH
TRN-12005,Synthetic Corridor Express 05,EXPRESS,SEC-BKI-JP,2025-01-16,09:03:00,09:58:00,09:05:00,10:00:00,2,HIGH
TRN-12006,Synthetic Corridor Express 06,EXPRESS,SEC-NDLS-RE,2025-01-16,06:45:00,07:37:00,06:46:00,07:38:00,1,HIGH
TRN-12006,Synthetic Corridor Express 06,EXPRESS,SEC-RE-AWR,2025-01-16,07:43:00,08:33:00,07:44:00,08:34:00,1,HIGH
TRN-12006,Synthetic Corridor Express 06,EXPRESS,SEC-AWR-BKI,2025-01-16,08:39:00,09:24:00,08:40:00,09:25:00,1,HIGH
TRN-12006,Synthetic Corridor Express 06,EXPRESS,SEC-BKI-JP,2025-01-16,09:30:00,10:25:00,09:31:00,10:27:00,2,HIGH
TRN-12008,Synthetic Corridor Express 08,EXPRESS,SEC-NDLS-RE,2025-01-16,07:39:00,08:31:00,07:43:00,08:36:00,5,HIGH
TRN-12008,Synthetic Corridor Express 08,EXPRESS,SEC-RE-AWR,2025-01-16,08:37:00,09:27:00,08:42:00,09:32:00,5,HIGH
TRN-12008,Synthetic Corridor Express 08,EXPRESS,SEC-AWR-BKI,2025-01-16,09:33:00,10:18:00,09:38:00,10:23:00,5,HIGH
TRN-12008,Synthetic Corridor Express 08,EXPRESS,SEC-BKI-JP,2025-01-16,10:24:00,11:19:00,10:30:00,11:25:00,6,HIGH
TRN-12009,Synthetic Corridor Express 09,EXPRESS,SEC-NDLS-RE,2025-01-16,08:06:00,08:58:00,08:07:00,08:59:00,1,HIGH
TRN-12009,Synthetic Corridor Express 09,EXPRESS,SEC-RE-AWR,2025-01-16,09:04:00,09:54:00,09:06:00,09:56:00,2,HIGH
TRN-12009,Synthetic Corridor Express 09,EXPRESS,SEC-AWR-BKI,2025-01-16,10:00:00,10:45:00,10:04:00,10:49:00,4,HIGH
TRN-12009,Synthetic Corridor Express 09,EXPRESS,SEC-BKI-JP,2025-01-16,10:51:00,11:46:00,10:55:00,11:50:00,4,HIGH
TRN-12010,Synthetic Corridor Express 10,EXPRESS,SEC-NDLS-RE,2025-01-16,08:33:00,09:25:00,08:38:00,09:30:00,5,HIGH
TRN-12010,Synthetic Corridor Express 10,EXPRESS,SEC-RE-AWR,2025-01-16,09:31:00,10:21:00,09:36:00,10:26:00,5,HIGH
TRN-12010,Synthetic Corridor Express 10,EXPRESS,SEC-AWR-BKI,2025-01-16,10:27:00,11:12:00,10:33:00,11:19:00,7,HIGH
TRN-12010,Synthetic Corridor Express 10,EXPRESS,SEC-BKI-JP,2025-01-16,11:18:00,12:13:00,11:26:00,12:21:00,8,HIGH
TRN-12011,Synthetic Corridor Passenger 11,PASSENGER,SEC-NDLS-RE,2025-01-16,09:00:00,10:02:00,09:02:00,10:04:00,2,MEDIUM
TRN-12011,Synthetic Corridor Passenger 11,PASSENGER,SEC-RE-AWR,2025-01-16,10:11:00,11:10:00,10:14:00,11:16:00,6,MEDIUM
TRN-12011,Synthetic Corridor Passenger 11,PASSENGER,SEC-AWR-BKI,2025-01-16,11:19:00,12:12:00,11:28:00,12:21:00,9,MEDIUM
TRN-12011,Synthetic Corridor Passenger 11,PASSENGER,SEC-BKI-JP,2025-01-16,12:21:00,13:27:00,12:31:00,13:37:00,10,MEDIUM
TRN-12012,Synthetic Corridor Passenger 12,PASSENGER,SEC-NDLS-RE,2025-01-16,09:27:00,10:29:00,09:29:00,10:34:00,5,MEDIUM
TRN-12012,Synthetic Corridor Passenger 12,PASSENGER,SEC-RE-AWR,2025-01-16,10:38:00,11:37:00,10:43:00,11:42:00,5,MEDIUM
TRN-12012,Synthetic Corridor Passenger 12,PASSENGER,SEC-AWR-BKI,2025-01-16,11:46:00,12:39:00,11:51:00,12:44:00,5,MEDIUM
TRN-12012,Synthetic Corridor Passenger 12,PASSENGER,SEC-BKI-JP,2025-01-16,12:48:00,13:54:00,12:55:00,14:01:00,7,MEDIUM
TRN-12013,Synthetic Corridor Passenger 13,PASSENGER,SEC-NDLS-RE,2025-01-16,09:54:00,10:56:00,09:56:00,10:58:00,2,MEDIUM
TRN-12013,Synthetic Corridor Passenger 13,PASSENGER,SEC-RE-AWR,2025-01-16,11:05:00,12:04:00,11:07:00,12:06:00,2,MEDIUM
TRN-12013,Synthetic Corridor Passenger 13,PASSENGER,SEC-AWR-BKI,2025-01-16,12:13:00,13:06:00,12:16:00,13:09:00,3,MEDIUM
TRN-12013,Synthetic Corridor Passenger 13,PASSENGER,SEC-BKI-JP,2025-01-16,13:15:00,14:21:00,13:18:00,14:24:00,3,MEDIUM
TRN-12014,Synthetic Corridor Passenger 14,PASSENGER,SEC-NDLS-RE,2025-01-16,10:21:00,11:23:00,10:26:00,11:28:00,5,MEDIUM
TRN-12014,Synthetic Corridor Passenger 14,PASSENGER,SEC-RE-AWR,2025-01-16,11:32:00,12:31:00,11:37:00,12:37:00,6,MEDIUM
TRN-12014,Synthetic Corridor Passenger 14,PASSENGER,SEC-AWR-BKI,2025-01-16,12:40:00,13:33:00,12:46:00,13:39:00,6,MEDIUM
TRN-12014,Synthetic Corridor Passenger 14,PASSENGER,SEC-BKI-JP,2025-01-16,13:42:00,14:48:00,13:48:00,14:55:00,7,MEDIUM
TRN-12015,Synthetic Corridor Passenger 15,PASSENGER,SEC-NDLS-RE,2025-01-16,10:48:00,11:50:00,10:48:00,11:50:00,0,MEDIUM
TRN-12015,Synthetic Corridor Passenger 15,PASSENGER,SEC-RE-AWR,2025-01-16,11:59:00,12:58:00,12:00:00,13:00:00,2,MEDIUM
TRN-12015,Synthetic Corridor Passenger 15,PASSENGER,SEC-AWR-BKI,2025-01-16,13:07:00,14:00:00,13:09:00,14:03:00,3,MEDIUM
TRN-12015,Synthetic Corridor Passenger 15,PASSENGER,SEC-BKI-JP,2025-01-16,14:09:00,15:15:00,14:12:00,15:19:00,4,MEDIUM
TRN-12016,Synthetic Corridor Passenger 16,PASSENGER,SEC-NDLS-RE,2025-01-16,11:15:00,12:17:00,11:17:00,12:19:00,2,MEDIUM
TRN-12016,Synthetic Corridor Passenger 16,PASSENGER,SEC-RE-AWR,2025-01-16,12:26:00,13:25:00,12:28:00,13:28:00,3,MEDIUM
TRN-12016,Synthetic Corridor Passenger 16,PASSENGER,SEC-AWR-BKI,2025-01-16,13:34:00,14:27:00,13:37:00,14:31:00,4,MEDIUM
TRN-12016,Synthetic Corridor Passenger 16,PASSENGER,SEC-BKI-JP,2025-01-16,14:36:00,15:42:00,14:41:00,15:47:00,5,MEDIUM
TRN-12017,Synthetic Corridor Passenger 17,PASSENGER,SEC-NDLS-RE,2025-01-16,11:42:00,12:44:00,11:44:00,12:46:00,2,MEDIUM
TRN-12017,Synthetic Corridor Passenger 17,PASSENGER,SEC-RE-AWR,2025-01-16,12:53:00,13:52:00,12:55:00,13:56:00,4,MEDIUM
TRN-12017,Synthetic Corridor Passenger 17,PASSENGER,SEC-AWR-BKI,2025-01-16,14:01:00,14:54:00,14:07:00,15:00:00,6,MEDIUM
TRN-12017,Synthetic Corridor Passenger 17,PASSENGER,SEC-BKI-JP,2025-01-16,15:03:00,16:09:00,15:09:00,16:15:00,6,MEDIUM
TRN-12018,Synthetic Corridor Passenger 18,PASSENGER,SEC-NDLS-RE,2025-01-16,12:09:00,13:11:00,12:12:00,13:15:00,4,MEDIUM
TRN-12018,Synthetic Corridor Passenger 18,PASSENGER,SEC-RE-AWR,2025-01-16,13:20:00,14:19:00,13:24:00,14:24:00,5,MEDIUM
TRN-12018,Synthetic Corridor Passenger 18,PASSENGER,SEC-AWR-BKI,2025-01-16,14:28:00,15:21:00,14:33:00,15:26:00,5,MEDIUM
TRN-12018,Synthetic Corridor Passenger 18,PASSENGER,SEC-BKI-JP,2025-01-16,15:30:00,16:36:00,15:35:00,16:41:00,5,MEDIUM
TRN-12020,Synthetic Corridor Freight 20,FREIGHT,SEC-NDLS-RE,2025-01-16,13:03:00,14:25:00,13:04:00,14:26:00,1,LOW
TRN-12020,Synthetic Corridor Freight 20,FREIGHT,SEC-RE-AWR,2025-01-16,14:37:00,15:55:00,14:38:00,15:57:00,2,LOW
TRN-12020,Synthetic Corridor Freight 20,FREIGHT,SEC-AWR-BKI,2025-01-16,16:07:00,17:18:00,16:09:00,17:22:00,4,LOW
TRN-12020,Synthetic Corridor Freight 20,FREIGHT,SEC-BKI-JP,2025-01-16,17:30:00,18:58:00,17:34:00,19:02:00,4,LOW
TRN-12021,Synthetic Corridor Freight 21,FREIGHT,SEC-NDLS-RE,2025-01-16,13:30:00,14:52:00,13:33:00,14:55:00,3,LOW
TRN-12021,Synthetic Corridor Freight 21,FREIGHT,SEC-RE-AWR,2025-01-16,15:04:00,16:22:00,15:07:00,16:25:00,3,LOW
TRN-12021,Synthetic Corridor Freight 21,FREIGHT,SEC-AWR-BKI,2025-01-16,16:34:00,17:45:00,16:37:00,17:49:00,4,LOW
TRN-12021,Synthetic Corridor Freight 21,FREIGHT,SEC-BKI-JP,2025-01-16,17:57:00,19:25:00,18:01:00,19:29:00,4,LOW
TRN-12022,Synthetic Corridor Freight 22,FREIGHT,SEC-NDLS-RE,2025-01-16,13:57:00,15:19:00,14:03:00,15:25:00,6,LOW
TRN-12022,Synthetic Corridor Freight 22,FREIGHT,SEC-RE-AWR,2025-01-16,15:31:00,16:49:00,15:37:00,16:55:00,6,LOW
TRN-12022,Synthetic Corridor Freight 22,FREIGHT,SEC-AWR-BKI,2025-01-16,17:01:00,18:12:00,17:07:00,18:20:00,8,LOW
TRN-12022,Synthetic Corridor Freight 22,FREIGHT,SEC-BKI-JP,2025-01-16,18:24:00,19:52:00,18:32:00,20:02:00,10,LOW
TRN-12024,Synthetic Corridor Freight 24,FREIGHT,SEC-NDLS-RE,2025-01-16,14:51:00,16:13:00,14:57:00,16:19:00,6,LOW
TRN-12024,Synthetic Corridor Freight 24,FREIGHT,SEC-RE-AWR,2025-01-16,16:25:00,17:43:00,16:31:00,17:51:00,8,LOW
TRN-12024,Synthetic Corridor Freight 24,FREIGHT,SEC-AWR-BKI,2025-01-16,17:55:00,19:06:00,18:03:00,19:14:00,8,LOW
TRN-12024,Synthetic Corridor Freight 24,FREIGHT,SEC-BKI-JP,2025-01-16,19:18:00,20:46:00,19:26:00,20:55:00,9,LOW
TRN-12001,Synthetic Corridor Express 01,EXPRESS,SEC-NDLS-RE,2025-01-17,04:30:00,05:22:00,04:33:00,05:25:00,3,HIGH
TRN-12001,Synthetic Corridor Express 01,EXPRESS,SEC-RE-AWR,2025-01-17,05:28:00,06:18:00,05:31:00,06:22:00,4,HIGH
TRN-12001,Synthetic Corridor Express 01,EXPRESS,SEC-AWR-BKI,2025-01-17,06:24:00,07:09:00,06:28:00,07:13:00,4,HIGH
TRN-12001,Synthetic Corridor Express 01,EXPRESS,SEC-BKI-JP,2025-01-17,07:15:00,08:10:00,07:19:00,08:14:00,4,HIGH
TRN-12002,Synthetic Corridor Express 02,EXPRESS,SEC-NDLS-RE,2025-01-17,04:57:00,05:49:00,04:59:00,05:51:00,2,HIGH
TRN-12002,Synthetic Corridor Express 02,EXPRESS,SEC-RE-AWR,2025-01-17,05:55:00,06:45:00,05:58:00,06:48:00,3,HIGH
TRN-12002,Synthetic Corridor Express 02,EXPRESS,SEC-AWR-BKI,2025-01-17,06:51:00,07:36:00,06:54:00,07:39:00,3,HIGH
TRN-12002,Synthetic Corridor Express 02,EXPRESS,SEC-BKI-JP,2025-01-17,07:42:00,08:37:00,07:45:00,08:41:00,4,HIGH
TRN-12003,Synthetic Corridor Express 03,EXPRESS,SEC-NDLS-RE,2025-01-17,05:24:00,06:16:00,05:25:00,06:18:00,2,HIGH
TRN-12003,Synthetic Corridor Express 03,EXPRESS,SEC-RE-AWR,2025-01-17,06:22:00,07:12:00,06:25:00,07:16:00,4,HIGH
TRN-12003,Synthetic Corridor Express 03,EXPRESS,SEC-AWR-BKI,2025-01-17,07:18:00,08:03:00,07:22:00,08:07:00,4,HIGH
TRN-12003,Synthetic Corridor Express 03,EXPRESS,SEC-BKI-JP,2025-01-17,08:09:00,09:04:00,08:13:00,09:08:00,4,HIGH
TRN-12005,Synthetic Corridor Express 05,EXPRESS,SEC-NDLS-RE,2025-01-17,06:18:00,07:10:00,06:20:00,07:13:00,3,HIGH
TRN-12005,Synthetic Corridor Express 05,EXPRESS,SEC-RE-AWR,2025-01-17,07:16:00,08:06:00,07:19:00,08:09:00,3,HIGH
TRN-12005,Synthetic Corridor Express 05,EXPRESS,SEC-AWR-BKI,2025-01-17,08:12:00,08:57:00,08:15:00,09:00:00,3,HIGH
TRN-12005,Synthetic Corridor Express 05,EXPRESS,SEC-BKI-JP,2025-01-17,09:03:00,09:58:00,09:06:00,10:01:00,3,HIGH
TRN-12006,Synthetic Corridor Express 06,EXPRESS,SEC-NDLS-RE,2025-01-17,06:45:00,07:37:00,06:49:00,07:41:00,4,HIGH
TRN-12006,Synthetic Corridor Express 06,EXPRESS,SEC-RE-AWR,2025-01-17,07:43:00,08:33:00,07:47:00,08:39:00,6,HIGH
TRN-12006,Synthetic Corridor Express 06,EXPRESS,SEC-AWR-BKI,2025-01-17,08:39:00,09:24:00,08:45:00,09:30:00,6,HIGH
TRN-12006,Synthetic Corridor Express 06,EXPRESS,SEC-BKI-JP,2025-01-17,09:30:00,10:25:00,09:36:00,10:32:00,7,HIGH
TRN-12007,Synthetic Corridor Express 07,EXPRESS,SEC-NDLS-RE,2025-01-17,07:12:00,08:04:00,07:18:00,08:10:00,6,HIGH
TRN-12007,Synthetic Corridor Express 07,EXPRESS,SEC-RE-AWR,2025-01-17,08:10:00,09:00:00,08:16:00,09:08:00,8,HIGH
TRN-12007,Synthetic Corridor Express 07,EXPRESS,SEC-AWR-BKI,2025-01-17,09:06:00,09:51:00,09:14:00,09:59:00,8,HIGH
TRN-12007,Synthetic Corridor Express 07,EXPRESS,SEC-BKI-JP,2025-01-17,09:57:00,10:52:00,10:05:00,11:01:00,9,HIGH
TRN-12009,Synthetic Corridor Express 09,EXPRESS,SEC-NDLS-RE,2025-01-17,08:06:00,08:58:00,08:10:00,09:03:00,5,HIGH
TRN-12009,Synthetic Corridor Express 09,EXPRESS,SEC-RE-AWR,2025-01-17,09:04:00,09:54:00,09:09:00,09:59:00,5,HIGH
TRN-12009,Synthetic Corridor Express 09,EXPRESS,SEC-AWR-BKI,2025-01-17,10:00:00,10:45:00,10:05:00,10:51:00,6,HIGH
TRN-12009,Synthetic Corridor Express 09,EXPRESS,SEC-BKI-JP,2025-01-17,10:51:00,11:46:00,10:57:00,11:53:00,7,HIGH
TRN-12010,Synthetic Corridor Express 10,EXPRESS,SEC-NDLS-RE,2025-01-17,08:33:00,09:25:00,08:37:00,09:29:00,4,HIGH
TRN-12010,Synthetic Corridor Express 10,EXPRESS,SEC-RE-AWR,2025-01-17,09:31:00,10:21:00,09:35:00,10:26:00,5,HIGH
TRN-12010,Synthetic Corridor Express 10,EXPRESS,SEC-AWR-BKI,2025-01-17,10:27:00,11:12:00,10:32:00,11:18:00,6,HIGH
TRN-12010,Synthetic Corridor Express 10,EXPRESS,SEC-BKI-JP,2025-01-17,11:18:00,12:13:00,11:27:00,12:23:00,10,HIGH
TRN-12011,Synthetic Corridor Passenger 11,PASSENGER,SEC-NDLS-RE,2025-01-17,09:00:00,10:02:00,09:08:00,10:11:00,9,MEDIUM
TRN-12011,Synthetic Corridor Passenger 11,PASSENGER,SEC-RE-AWR,2025-01-17,10:11:00,11:10:00,10:22:00,11:22:00,12,MEDIUM
TRN-12011,Synthetic Corridor Passenger 11,PASSENGER,SEC-AWR-BKI,2025-01-17,11:19:00,12:12:00,11:33:00,12:27:00,15,MEDIUM
TRN-12011,Synthetic Corridor Passenger 11,PASSENGER,SEC-BKI-JP,2025-01-17,12:21:00,13:27:00,12:36:00,13:43:00,16,MEDIUM
TRN-12012,Synthetic Corridor Passenger 12,PASSENGER,SEC-NDLS-RE,2025-01-17,09:27:00,10:29:00,09:31:00,10:34:00,5,MEDIUM
TRN-12012,Synthetic Corridor Passenger 12,PASSENGER,SEC-RE-AWR,2025-01-17,10:38:00,11:37:00,10:44:00,11:43:00,6,MEDIUM
TRN-12012,Synthetic Corridor Passenger 12,PASSENGER,SEC-AWR-BKI,2025-01-17,11:46:00,12:39:00,11:52:00,12:45:00,6,MEDIUM
TRN-12012,Synthetic Corridor Passenger 12,PASSENGER,SEC-BKI-JP,2025-01-17,12:48:00,13:54:00,12:55:00,14:02:00,8,MEDIUM
TRN-12013,Synthetic Corridor Passenger 13,PASSENGER,SEC-NDLS-RE,2025-01-17,09:54:00,10:56:00,09:59:00,11:03:00,7,MEDIUM
TRN-12013,Synthetic Corridor Passenger 13,PASSENGER,SEC-RE-AWR,2025-01-17,11:05:00,12:04:00,11:12:00,12:13:00,9,MEDIUM
TRN-12013,Synthetic Corridor Passenger 13,PASSENGER,SEC-AWR-BKI,2025-01-17,12:13:00,13:06:00,12:22:00,13:18:00,12,MEDIUM
TRN-12013,Synthetic Corridor Passenger 13,PASSENGER,SEC-BKI-JP,2025-01-17,13:15:00,14:21:00,13:27:00,14:33:00,12,MEDIUM
TRN-12014,Synthetic Corridor Passenger 14,PASSENGER,SEC-NDLS-RE,2025-01-17,10:21:00,11:23:00,10:26:00,11:29:00,6,MEDIUM
TRN-12014,Synthetic Corridor Passenger 14,PASSENGER,SEC-RE-AWR,2025-01-17,11:32:00,12:31:00,11:38:00,12:38:00,7,MEDIUM
TRN-12014,Synthetic Corridor Passenger 14,PASSENGER,SEC-AWR-BKI,2025-01-17,12:40:00,13:33:00,12:47:00,13:40:00,7,MEDIUM
TRN-12014,Synthetic Corridor Passenger 14,PASSENGER,SEC-BKI-JP,2025-01-17,13:42:00,14:48:00,13:49:00,14:57:00,9,MEDIUM
TRN-12015,Synthetic Corridor Passenger 15,PASSENGER,SEC-NDLS-RE,2025-01-17,10:48:00,11:50:00,10:52:00,11:55:00,5,MEDIUM
TRN-12015,Synthetic Corridor Passenger 15,PASSENGER,SEC-RE-AWR,2025-01-17,11:59:00,12:58:00,12:04:00,13:05:00,7,MEDIUM
TRN-12015,Synthetic Corridor Passenger 15,PASSENGER,SEC-AWR-BKI,2025-01-17,13:07:00,14:00:00,13:15:00,14:09:00,9,MEDIUM
TRN-12015,Synthetic Corridor Passenger 15,PASSENGER,SEC-BKI-JP,2025-01-17,14:09:00,15:15:00,14:18:00,15:25:00,10,MEDIUM
TRN-12016,Synthetic Corridor Passenger 16,PASSENGER,SEC-NDLS-RE,2025-01-17,11:15:00,12:17:00,11:17:00,12:19:00,2,MEDIUM
TRN-12016,Synthetic Corridor Passenger 16,PASSENGER,SEC-RE-AWR,2025-01-17,12:26:00,13:25:00,12:28:00,13:29:00,4,MEDIUM
TRN-12016,Synthetic Corridor Passenger 16,PASSENGER,SEC-AWR-BKI,2025-01-17,13:34:00,14:27:00,13:38:00,14:32:00,5,MEDIUM
TRN-12016,Synthetic Corridor Passenger 16,PASSENGER,SEC-BKI-JP,2025-01-17,14:36:00,15:42:00,14:41:00,15:47:00,5,MEDIUM
TRN-12017,Synthetic Corridor Passenger 17,PASSENGER,SEC-NDLS-RE,2025-01-17,11:42:00,12:44:00,11:46:00,12:49:00,5,MEDIUM
TRN-12017,Synthetic Corridor Passenger 17,PASSENGER,SEC-RE-AWR,2025-01-17,12:53:00,13:52:00,12:58:00,13:58:00,6,MEDIUM
TRN-12017,Synthetic Corridor Passenger 17,PASSENGER,SEC-AWR-BKI,2025-01-17,14:01:00,14:54:00,14:08:00,15:01:00,7,MEDIUM
TRN-12017,Synthetic Corridor Passenger 17,PASSENGER,SEC-BKI-JP,2025-01-17,15:03:00,16:09:00,15:10:00,16:16:00,7,MEDIUM
TRN-12018,Synthetic Corridor Passenger 18,PASSENGER,SEC-NDLS-RE,2025-01-17,12:09:00,13:11:00,12:15:00,13:17:00,6,MEDIUM
TRN-12018,Synthetic Corridor Passenger 18,PASSENGER,SEC-RE-AWR,2025-01-17,13:20:00,14:19:00,13:26:00,14:25:00,6,MEDIUM
TRN-12018,Synthetic Corridor Passenger 18,PASSENGER,SEC-AWR-BKI,2025-01-17,14:28:00,15:21:00,14:34:00,15:27:00,6,MEDIUM
TRN-12018,Synthetic Corridor Passenger 18,PASSENGER,SEC-BKI-JP,2025-01-17,15:30:00,16:36:00,15:36:00,16:42:00,6,MEDIUM
TRN-12019,Synthetic Corridor Freight 19,FREIGHT,SEC-NDLS-RE,2025-01-17,12:36:00,13:58:00,12:40:00,14:02:00,4,LOW
TRN-12019,Synthetic Corridor Freight 19,FREIGHT,SEC-RE-AWR,2025-01-17,14:10:00,15:28:00,14:15:00,15:36:00,8,LOW
TRN-12019,Synthetic Corridor Freight 19,FREIGHT,SEC-AWR-BKI,2025-01-17,15:40:00,16:51:00,15:48:00,16:59:00,8,LOW
TRN-12019,Synthetic Corridor Freight 19,FREIGHT,SEC-BKI-JP,2025-01-17,17:03:00,18:31:00,17:11:00,18:40:00,9,LOW
TRN-12021,Synthetic Corridor Freight 21,FREIGHT,SEC-NDLS-RE,2025-01-17,13:30:00,14:52:00,13:34:00,14:58:00,6,LOW
TRN-12021,Synthetic Corridor Freight 21,FREIGHT,SEC-RE-AWR,2025-01-17,15:04:00,16:22:00,15:10:00,16:29:00,7,LOW
TRN-12021,Synthetic Corridor Freight 21,FREIGHT,SEC-AWR-BKI,2025-01-17,16:34:00,17:45:00,16:41:00,17:54:00,9,LOW
TRN-12021,Synthetic Corridor Freight 21,FREIGHT,SEC-BKI-JP,2025-01-17,17:57:00,19:25:00,18:06:00,19:35:00,10,LOW
TRN-12022,Synthetic Corridor Freight 22,FREIGHT,SEC-NDLS-RE,2025-01-17,13:57:00,15:19:00,14:04:00,15:26:00,7,LOW
TRN-12022,Synthetic Corridor Freight 22,FREIGHT,SEC-RE-AWR,2025-01-17,15:31:00,16:49:00,15:39:00,16:57:00,8,LOW
TRN-12022,Synthetic Corridor Freight 22,FREIGHT,SEC-AWR-BKI,2025-01-17,17:01:00,18:12:00,17:09:00,18:21:00,9,LOW
TRN-12022,Synthetic Corridor Freight 22,FREIGHT,SEC-BKI-JP,2025-01-17,18:24:00,19:52:00,18:34:00,20:04:00,12,LOW
TRN-12023,Synthetic Corridor Freight 23,FREIGHT,SEC-NDLS-RE,2025-01-17,14:24:00,15:46:00,14:25:00,15:48:00,2,LOW
TRN-12023,Synthetic Corridor Freight 23,FREIGHT,SEC-RE-AWR,2025-01-17,15:58:00,17:16:00,16:00:00,17:19:00,3,LOW
TRN-12023,Synthetic Corridor Freight 23,FREIGHT,SEC-AWR-BKI,2025-01-17,17:28:00,18:39:00,17:32:00,18:44:00,5,LOW
TRN-12023,Synthetic Corridor Freight 23,FREIGHT,SEC-BKI-JP,2025-01-17,18:51:00,20:19:00,18:56:00,20:26:00,7,LOW
TRN-12001,Synthetic Corridor Express 01,EXPRESS,SEC-NDLS-RE,2025-01-18,04:30:00,05:22:00,04:33:00,05:26:00,4,HIGH
TRN-12001,Synthetic Corridor Express 01,EXPRESS,SEC-RE-AWR,2025-01-18,05:28:00,06:18:00,05:32:00,06:22:00,4,HIGH
TRN-12001,Synthetic Corridor Express 01,EXPRESS,SEC-AWR-BKI,2025-01-18,06:24:00,07:09:00,06:28:00,07:13:00,4,HIGH
TRN-12001,Synthetic Corridor Express 01,EXPRESS,SEC-BKI-JP,2025-01-18,07:15:00,08:10:00,07:19:00,08:15:00,5,HIGH
TRN-12004,Synthetic Corridor Express 04,EXPRESS,SEC-NDLS-RE,2025-01-18,05:51:00,06:43:00,05:54:00,06:46:00,3,HIGH
TRN-12004,Synthetic Corridor Express 04,EXPRESS,SEC-RE-AWR,2025-01-18,06:49:00,07:39:00,06:53:00,07:43:00,4,HIGH
TRN-12004,Synthetic Corridor Express 04,EXPRESS,SEC-AWR-BKI,2025-01-18,07:45:00,08:30:00,07:49:00,08:34:00,4,HIGH
TRN-12004,Synthetic Corridor Express 04,EXPRESS,SEC-BKI-JP,2025-01-18,08:36:00,09:31:00,08:41:00,09:36:00,5,HIGH
TRN-12005,Synthetic Corridor Express 05,EXPRESS,SEC-NDLS-RE,2025-01-18,06:18:00,07:10:00,06:19:00,07:11:00,1,HIGH
TRN-12005,Synthetic Corridor Express 05,EXPRESS,SEC-RE-AWR,2025-01-18,07:16:00,08:06:00,07:18:00,08:08:00,2,HIGH
TRN-12005,Synthetic Corridor Express 05,EXPRESS,SEC-AWR-BKI,2025-01-18,08:12:00,08:57:00,08:14:00,08:59:00,2,HIGH
TRN-12005,Synthetic Corridor Express 05,EXPRESS,SEC-BKI-JP,2025-01-18,09:03:00,09:58:00,09:05:00,10:00:00,2,HIGH
TRN-12008,Synthetic Corridor Express 08,EXPRESS,SEC-NDLS-RE,2025-01-18,07:39:00,08:31:00,07:45:00,08:38:00,7,HIGH
TRN-12008,Synthetic Corridor Express 08,EXPRESS,SEC-RE-AWR,2025-01-18,08:37:00,09:27:00,08:44:00,09:35:00,8,HIGH
TRN-12008,Synthetic Corridor Express 08,EXPRESS,SEC-AWR-BKI,2025-01-18,09:33:00,10:18:00,09:42:00,10:28:00,10,HIGH
TRN-12008,Synthetic Corridor Express 08,EXPRESS,SEC-BKI-JP,2025-01-18,10:24:00,11:19:00,10:34:00,11:29:00,10,HIGH
TRN-12009,Synthetic Corridor Express 09,EXPRESS,SEC-NDLS-RE,2025-01-18,08:06:00,08:58:00,08:10:00,09:02:00,4,HIGH
TRN-12009,Synthetic Corridor Express 09,EXPRESS,SEC-RE-AWR,2025-01-18,09:04:00,09:54:00,09:08:00,09:59:00,5,HIGH
TRN-12009,Synthetic Corridor Express 09,EXPRESS,SEC-AWR-BKI,2025-01-18,10:00:00,10:45:00,10:06:00,10:51:00,6,HIGH
TRN-12009,Synthetic Corridor Express 09,EXPRESS,SEC-BKI-JP,2025-01-18,10:51:00,11:46:00,10:57:00,11:53:00,7,HIGH
TRN-12011,Synthetic Corridor Passenger 11,PASSENGER,SEC-NDLS-RE,2025-01-18,09:00:00,10:02:00,09:10:00,10:13:00,11,MEDIUM
TRN-12011,Synthetic Corridor Passenger 11,PASSENGER,SEC-RE-AWR,2025-01-18,10:11:00,11:10:00,10:22:00,11:21:00,11,MEDIUM
TRN-12011,Synthetic Corridor Passenger 11,PASSENGER,SEC-AWR-BKI,2025-01-18,11:19:00,12:12:00,11:30:00,12:25:00,13,MEDIUM
TRN-12011,Synthetic Corridor Passenger 11,PASSENGER,SEC-BKI-JP,2025-01-18,12:21:00,13:27:00,12:34:00,13:41:00,14,MEDIUM
TRN-12012,Synthetic Corridor Passenger 12,PASSENGER,SEC-NDLS-RE,2025-01-18,09:27:00,10:29:00,09:32:00,10:34:00,5,MEDIUM
TRN-12012,Synthetic Corridor Passenger 12,PASSENGER,SEC-RE-AWR,2025-01-18,10:38:00,11:37:00,10:43:00,11:42:00,5,MEDIUM
TRN-12012,Synthetic Corridor Passenger 12,PASSENGER,SEC-AWR-BKI,2025-01-18,11:46:00,12:39:00,11:51:00,12:44:00,5,MEDIUM
TRN-12012,Synthetic Corridor Passenger 12,PASSENGER,SEC-BKI-JP,2025-01-18,12:48:00,13:54:00,12:54:00,14:01:00,7,MEDIUM
TRN-12013,Synthetic Corridor Passenger 13,PASSENGER,SEC-NDLS-RE,2025-01-18,09:54:00,10:56:00,09:55:00,10:58:00,2,MEDIUM
TRN-12013,Synthetic Corridor Passenger 13,PASSENGER,SEC-RE-AWR,2025-01-18,11:05:00,12:04:00,11:07:00,12:06:00,2,MEDIUM
TRN-12013,Synthetic Corridor Passenger 13,PASSENGER,SEC-AWR-BKI,2025-01-18,12:13:00,13:06:00,12:16:00,13:09:00,3,MEDIUM
TRN-12013,Synthetic Corridor Passenger 13,PASSENGER,SEC-BKI-JP,2025-01-18,13:15:00,14:21:00,13:19:00,14:25:00,4,MEDIUM
TRN-12014,Synthetic Corridor Passenger 14,PASSENGER,SEC-NDLS-RE,2025-01-18,10:21:00,11:23:00,10:23:00,11:25:00,2,MEDIUM
TRN-12014,Synthetic Corridor Passenger 14,PASSENGER,SEC-RE-AWR,2025-01-18,11:32:00,12:31:00,11:34:00,12:35:00,4,MEDIUM
TRN-12014,Synthetic Corridor Passenger 14,PASSENGER,SEC-AWR-BKI,2025-01-18,12:40:00,13:33:00,12:44:00,13:38:00,5,MEDIUM
TRN-12014,Synthetic Corridor Passenger 14,PASSENGER,SEC-BKI-JP,2025-01-18,13:42:00,14:48:00,13:47:00,14:54:00,6,MEDIUM
TRN-12015,Synthetic Corridor Passenger 15,PASSENGER,SEC-NDLS-RE,2025-01-18,10:48:00,11:50:00,10:50:00,11:54:00,4,MEDIUM
TRN-12015,Synthetic Corridor Passenger 15,PASSENGER,SEC-RE-AWR,2025-01-18,11:59:00,12:58:00,12:03:00,13:03:00,5,MEDIUM
TRN-12015,Synthetic Corridor Passenger 15,PASSENGER,SEC-AWR-BKI,2025-01-18,13:07:00,14:00:00,13:12:00,14:06:00,6,MEDIUM
TRN-12015,Synthetic Corridor Passenger 15,PASSENGER,SEC-BKI-JP,2025-01-18,14:09:00,15:15:00,14:15:00,15:21:00,6,MEDIUM
TRN-12016,Synthetic Corridor Passenger 16,PASSENGER,SEC-NDLS-RE,2025-01-18,11:15:00,12:17:00,11:21:00,12:23:00,6,MEDIUM
TRN-12016,Synthetic Corridor Passenger 16,PASSENGER,SEC-RE-AWR,2025-01-18,12:26:00,13:25:00,12:32:00,13:33:00,8,MEDIUM
TRN-12016,Synthetic Corridor Passenger 16,PASSENGER,SEC-AWR-BKI,2025-01-18,13:34:00,14:27:00,13:42:00,14:36:00,9,MEDIUM
TRN-12016,Synthetic Corridor Passenger 16,PASSENGER,SEC-BKI-JP,2025-01-18,14:36:00,15:42:00,14:46:00,15:54:00,12,MEDIUM
TRN-12017,Synthetic Corridor Passenger 17,PASSENGER,SEC-NDLS-RE,2025-01-18,11:42:00,12:44:00,11:44:00,12:46:00,2,MEDIUM
TRN-12017,Synthetic Corridor Passenger 17,PASSENGER,SEC-RE-AWR,2025-01-18,12:53:00,13:52:00,12:55:00,13:54:00,2,MEDIUM
TRN-12017,Synthetic Corridor Passenger 17,PASSENGER,SEC-AWR-BKI,2025-01-18,14:01:00,14:54:00,14:03:00,14:56:00,2,MEDIUM
TRN-12017,Synthetic Corridor Passenger 17,PASSENGER,SEC-BKI-JP,2025-01-18,15:03:00,16:09:00,15:05:00,16:12:00,3,MEDIUM
TRN-12018,Synthetic Corridor Passenger 18,PASSENGER,SEC-NDLS-RE,2025-01-18,12:09:00,13:11:00,12:14:00,13:16:00,5,MEDIUM
TRN-12018,Synthetic Corridor Passenger 18,PASSENGER,SEC-RE-AWR,2025-01-18,13:20:00,14:19:00,13:27:00,14:26:00,7,MEDIUM
TRN-12018,Synthetic Corridor Passenger 18,PASSENGER,SEC-AWR-BKI,2025-01-18,14:28:00,15:21:00,14:35:00,15:28:00,7,MEDIUM
TRN-12018,Synthetic Corridor Passenger 18,PASSENGER,SEC-BKI-JP,2025-01-18,15:30:00,16:36:00,15:38:00,16:44:00,8,MEDIUM
TRN-12020,Synthetic Corridor Freight 20,FREIGHT,SEC-NDLS-RE,2025-01-18,13:03:00,14:25:00,13:05:00,14:28:00,3,LOW
TRN-12020,Synthetic Corridor Freight 20,FREIGHT,SEC-RE-AWR,2025-01-18,14:37:00,15:55:00,14:40:00,16:00:00,5,LOW
TRN-12020,Synthetic Corridor Freight 20,FREIGHT,SEC-AWR-BKI,2025-01-18,16:07:00,17:18:00,16:12:00,17:24:00,6,LOW
TRN-12020,Synthetic Corridor Freight 20,FREIGHT,SEC-BKI-JP,2025-01-18,17:30:00,18:58:00,17:36:00,19:05:00,7,LOW
TRN-12021,Synthetic Corridor Freight 21,FREIGHT,SEC-NDLS-RE,2025-01-18,13:30:00,14:52:00,13:33:00,14:57:00,5,LOW
TRN-12021,Synthetic Corridor Freight 21,FREIGHT,SEC-RE-AWR,2025-01-18,15:04:00,16:22:00,15:10:00,16:28:00,6,LOW
TRN-12021,Synthetic Corridor Freight 21,FREIGHT,SEC-AWR-BKI,2025-01-18,16:34:00,17:45:00,16:40:00,17:51:00,6,LOW
TRN-12021,Synthetic Corridor Freight 21,FREIGHT,SEC-BKI-JP,2025-01-18,17:57:00,19:25:00,18:03:00,19:31:00,6,LOW
TRN-12024,Synthetic Corridor Freight 24,FREIGHT,SEC-NDLS-RE,2025-01-18,14:51:00,16:13:00,14:53:00,16:15:00,2,LOW
TRN-12024,Synthetic Corridor Freight 24,FREIGHT,SEC-RE-AWR,2025-01-18,16:25:00,17:43:00,16:27:00,17:47:00,4,LOW
TRN-12024,Synthetic Corridor Freight 24,FREIGHT,SEC-AWR-BKI,2025-01-18,17:55:00,19:06:00,18:00:00,19:11:00,5,LOW
TRN-12024,Synthetic Corridor Freight 24,FREIGHT,SEC-BKI-JP,2025-01-18,19:18:00,20:46:00,19:24:00,20:54:00,8,LOW
TRN-12001,Synthetic Corridor Express 01,EXPRESS,SEC-NDLS-RE,2025-01-19,04:30:00,05:22:00,04:33:00,05:25:00,3,HIGH
TRN-12001,Synthetic Corridor Express 01,EXPRESS,SEC-RE-AWR,2025-01-19,05:28:00,06:18:00,05:31:00,06:23:00,5,HIGH
TRN-12001,Synthetic Corridor Express 01,EXPRESS,SEC-AWR-BKI,2025-01-19,06:24:00,07:09:00,06:30:00,07:15:00,6,HIGH
TRN-12001,Synthetic Corridor Express 01,EXPRESS,SEC-BKI-JP,2025-01-19,07:15:00,08:10:00,07:23:00,08:18:00,8,HIGH
TRN-12003,Synthetic Corridor Express 03,EXPRESS,SEC-NDLS-RE,2025-01-19,05:24:00,06:16:00,05:28:00,06:23:00,7,HIGH
TRN-12003,Synthetic Corridor Express 03,EXPRESS,SEC-RE-AWR,2025-01-19,06:22:00,07:12:00,06:31:00,07:23:00,11,HIGH
TRN-12003,Synthetic Corridor Express 03,EXPRESS,SEC-AWR-BKI,2025-01-19,07:18:00,08:03:00,07:30:00,08:17:00,14,HIGH
TRN-12003,Synthetic Corridor Express 03,EXPRESS,SEC-BKI-JP,2025-01-19,08:09:00,09:04:00,08:23:00,09:19:00,15,HIGH
TRN-12005,Synthetic Corridor Express 05,EXPRESS,SEC-NDLS-RE,2025-01-19,06:18:00,07:10:00,06:22:00,07:16:00,6,HIGH
TRN-12005,Synthetic Corridor Express 05,EXPRESS,SEC-RE-AWR,2025-01-19,07:16:00,08:06:00,07:24:00,08:15:00,9,HIGH
TRN-12005,Synthetic Corridor Express 05,EXPRESS,SEC-AWR-BKI,2025-01-19,08:12:00,08:57:00,08:22:00,09:09:00,12,HIGH
TRN-12005,Synthetic Corridor Express 05,EXPRESS,SEC-BKI-JP,2025-01-19,09:03:00,09:58:00,09:15:00,10:11:00,13,HIGH
TRN-12007,Synthetic Corridor Express 07,EXPRESS,SEC-NDLS-RE,2025-01-19,07:12:00,08:04:00,07:22:00,08:15:00,11,HIGH
TRN-12007,Synthetic Corridor Express 07,EXPRESS,SEC-RE-AWR,2025-01-19,08:10:00,09:00:00,08:21:00,09:12:00,12,HIGH
TRN-12007,Synthetic Corridor Express 07,EXPRESS,SEC-AWR-BKI,2025-01-19,09:06:00,09:51:00,09:19:00,10:04:00,13,HIGH
TRN-12007,Synthetic Corridor Express 07,EXPRESS,SEC-BKI-JP,2025-01-19,09:57:00,10:52:00,10:13:00,11:08:00,16,HIGH
TRN-12009,Synthetic Corridor Express 09,EXPRESS,SEC-NDLS-RE,2025-01-19,08:06:00,08:58:00,08:12:00,09:05:00,7,HIGH
TRN-12009,Synthetic Corridor Express 09,EXPRESS,SEC-RE-AWR,2025-01-19,09:04:00,09:54:00,09:13:00,10:03:00,9,HIGH
TRN-12009,Synthetic Corridor Express 09,EXPRESS,SEC-AWR-BKI,2025-01-19,10:00:00,10:45:00,10:14:00,11:00:00,15,HIGH
TRN-12009,Synthetic Corridor Express 09,EXPRESS,SEC-BKI-JP,2025-01-19,10:51:00,11:46:00,11:06:00,12:01:00,15,HIGH
TRN-12011,Synthetic Corridor Passenger 11,PASSENGER,SEC-NDLS-RE,2025-01-19,09:00:00,10:02:00,09:08:00,10:11:00,9,MEDIUM
TRN-12011,Synthetic Corridor Passenger 11,PASSENGER,SEC-RE-AWR,2025-01-19,10:11:00,11:10:00,10:20:00,11:19:00,9,MEDIUM
TRN-12011,Synthetic Corridor Passenger 11,PASSENGER,SEC-AWR-BKI,2025-01-19,11:19:00,12:12:00,11:28:00,12:22:00,10,MEDIUM
TRN-12011,Synthetic Corridor Passenger 11,PASSENGER,SEC-BKI-JP,2025-01-19,12:21:00,13:27:00,12:31:00,13:38:00,11,MEDIUM
TRN-12012,Synthetic Corridor Passenger 12,PASSENGER,SEC-NDLS-RE,2025-01-19,09:27:00,10:29:00,09:34:00,10:37:00,8,MEDIUM
TRN-12012,Synthetic Corridor Passenger 12,PASSENGER,SEC-RE-AWR,2025-01-19,10:38:00,11:37:00,10:46:00,11:46:00,9,MEDIUM
TRN-12012,Synthetic Corridor Passenger 12,PASSENGER,SEC-AWR-BKI,2025-01-19,11:46:00,12:39:00,11:55:00,12:48:00,9,MEDIUM
TRN-12012,Synthetic Corridor Passenger 12,PASSENGER,SEC-BKI-JP,2025-01-19,12:48:00,13:54:00,12:58:00,14:08:00,14,MEDIUM
TRN-12013,Synthetic Corridor Passenger 13,PASSENGER,SEC-NDLS-RE,2025-01-19,09:54:00,10:56:00,10:00:00,11:02:00,6,MEDIUM
TRN-12013,Synthetic Corridor Passenger 13,PASSENGER,SEC-RE-AWR,2025-01-19,11:05:00,12:04:00,11:12:00,12:13:00,9,MEDIUM
TRN-12013,Synthetic Corridor Passenger 13,PASSENGER,SEC-AWR-BKI,2025-01-19,12:13:00,13:06:00,12:23:00,13:17:00,11,MEDIUM
TRN-12013,Synthetic Corridor Passenger 13,PASSENGER,SEC-BKI-JP,2025-01-19,13:15:00,14:21:00,13:30:00,14:39:00,18,MEDIUM
TRN-12014,Synthetic Corridor Passenger 14,PASSENGER,SEC-NDLS-RE,2025-01-19,10:21:00,11:23:00,10:30:00,11:33:00,10,MEDIUM
TRN-12014,Synthetic Corridor Passenger 14,PASSENGER,SEC-RE-AWR,2025-01-19,11:32:00,12:31:00,11:42:00,12:44:00,13,MEDIUM
TRN-12014,Synthetic Corridor Passenger 14,PASSENGER,SEC-AWR-BKI,2025-01-19,12:40:00,13:33:00,12:54:00,13:51:00,18,MEDIUM
TRN-12014,Synthetic Corridor Passenger 14,PASSENGER,SEC-BKI-JP,2025-01-19,13:42:00,14:48:00,14:00:00,15:07:00,19,MEDIUM
TRN-12015,Synthetic Corridor Passenger 15,PASSENGER,SEC-NDLS-RE,2025-01-19,10:48:00,11:50:00,10:59:00,12:03:00,13,MEDIUM
TRN-12015,Synthetic Corridor Passenger 15,PASSENGER,SEC-RE-AWR,2025-01-19,11:59:00,12:58:00,12:12:00,13:12:00,14,MEDIUM
TRN-12015,Synthetic Corridor Passenger 15,PASSENGER,SEC-AWR-BKI,2025-01-19,13:07:00,14:00:00,13:22:00,14:15:00,15,MEDIUM
TRN-12015,Synthetic Corridor Passenger 15,PASSENGER,SEC-BKI-JP,2025-01-19,14:09:00,15:15:00,14:25:00,15:31:00,16,MEDIUM
TRN-12016,Synthetic Corridor Passenger 16,PASSENGER,SEC-NDLS-RE,2025-01-19,11:15:00,12:17:00,11:22:00,12:26:00,9,MEDIUM
TRN-12016,Synthetic Corridor Passenger 16,PASSENGER,SEC-RE-AWR,2025-01-19,12:26:00,13:25:00,12:36:00,13:39:00,14,MEDIUM
TRN-12016,Synthetic Corridor Passenger 16,PASSENGER,SEC-AWR-BKI,2025-01-19,13:34:00,14:27:00,13:49:00,14:44:00,17,MEDIUM
TRN-12016,Synthetic Corridor Passenger 16,PASSENGER,SEC-BKI-JP,2025-01-19,14:36:00,15:42:00,14:53:00,15:59:00,17,MEDIUM
TRN-12017,Synthetic Corridor Passenger 17,PASSENGER,SEC-NDLS-RE,2025-01-19,11:42:00,12:44:00,11:49:00,12:56:00,12,MEDIUM
TRN-12017,Synthetic Corridor Passenger 17,PASSENGER,SEC-RE-AWR,2025-01-19,12:53:00,13:52:00,13:06:00,14:06:00,14,MEDIUM
TRN-12017,Synthetic Corridor Passenger 17,PASSENGER,SEC-AWR-BKI,2025-01-19,14:01:00,14:54:00,14:15:00,15:09:00,15,MEDIUM
TRN-12017,Synthetic Corridor Passenger 17,PASSENGER,SEC-BKI-JP,2025-01-19,15:03:00,16:09:00,15:19:00,16:26:00,17,MEDIUM
TRN-12018,Synthetic Corridor Passenger 18,PASSENGER,SEC-NDLS-RE,2025-01-19,12:09:00,13:11:00,12:12:00,13:17:00,6,MEDIUM
TRN-12018,Synthetic Corridor Passenger 18,PASSENGER,SEC-RE-AWR,2025-01-19,13:20:00,14:19:00,13:26:00,14:25:00,6,MEDIUM
TRN-12018,Synthetic Corridor Passenger 18,PASSENGER,SEC-AWR-BKI,2025-01-19,14:28:00,15:21:00,14:35:00,15:29:00,8,MEDIUM
TRN-12018,Synthetic Corridor Passenger 18,PASSENGER,SEC-BKI-JP,2025-01-19,15:30:00,16:36:00,15:39:00,16:46:00,10,MEDIUM
TRN-12019,Synthetic Corridor Freight 19,FREIGHT,SEC-NDLS-RE,2025-01-19,12:36:00,13:58:00,12:39:00,14:05:00,7,LOW
TRN-12019,Synthetic Corridor Freight 19,FREIGHT,SEC-RE-AWR,2025-01-19,14:10:00,15:28:00,14:17:00,15:38:00,10,LOW
TRN-12019,Synthetic Corridor Freight 19,FREIGHT,SEC-AWR-BKI,2025-01-19,15:40:00,16:51:00,15:50:00,17:02:00,11,LOW
TRN-12019,Synthetic Corridor Freight 19,FREIGHT,SEC-BKI-JP,2025-01-19,17:03:00,18:31:00,17:15:00,18:44:00,13,LOW
TRN-12021,Synthetic Corridor Freight 21,FREIGHT,SEC-NDLS-RE,2025-01-19,13:30:00,14:52:00,13:35:00,14:57:00,5,LOW
TRN-12021,Synthetic Corridor Freight 21,FREIGHT,SEC-RE-AWR,2025-01-19,15:04:00,16:22:00,15:09:00,16:28:00,6,LOW
TRN-12021,Synthetic Corridor Freight 21,FREIGHT,SEC-AWR-BKI,2025-01-19,16:34:00,17:45:00,16:40:00,17:55:00,10,LOW
TRN-12021,Synthetic Corridor Freight 21,FREIGHT,SEC-BKI-JP,2025-01-19,17:57:00,19:25:00,18:08:00,19:37:00,12,LOW
TRN-12023,Synthetic Corridor Freight 23,FREIGHT,SEC-NDLS-RE,2025-01-19,14:24:00,15:46:00,14:33:00,15:58:00,12,LOW
TRN-12023,Synthetic Corridor Freight 23,FREIGHT,SEC-RE-AWR,2025-01-19,15:58:00,17:16:00,16:10:00,17:29:00,13,LOW
TRN-12023,Synthetic Corridor Freight 23,FREIGHT,SEC-AWR-BKI,2025-01-19,17:28:00,18:39:00,17:42:00,18:55:00,16,LOW
TRN-12023,Synthetic Corridor Freight 23,FREIGHT,SEC-BKI-JP,2025-01-19,18:51:00,20:19:00,19:07:00,20:36:00,17,LOW
TRN-12001,Synthetic Corridor Express 01,EXPRESS,SEC-NDLS-RE,2025-01-20,04:30:00,05:22:00,04:30:00,05:22:00,0,HIGH
TRN-12001,Synthetic Corridor Express 01,EXPRESS,SEC-RE-AWR,2025-01-20,05:28:00,06:18:00,05:28:00,06:18:00,0,HIGH
TRN-12001,Synthetic Corridor Express 01,EXPRESS,SEC-AWR-BKI,2025-01-20,06:24:00,07:09:00,06:24:00,07:09:00,0,HIGH
TRN-12001,Synthetic Corridor Express 01,EXPRESS,SEC-BKI-JP,2025-01-20,07:15:00,08:10:00,07:15:00,08:10:00,0,HIGH
TRN-12002,Synthetic Corridor Express 02,EXPRESS,SEC-NDLS-RE,2025-01-20,04:57:00,05:49:00,04:59:00,05:52:00,3,HIGH
TRN-12002,Synthetic Corridor Express 02,EXPRESS,SEC-RE-AWR,2025-01-20,05:55:00,06:45:00,05:58:00,06:48:00,3,HIGH
TRN-12002,Synthetic Corridor Express 02,EXPRESS,SEC-AWR-BKI,2025-01-20,06:51:00,07:36:00,06:54:00,07:40:00,4,HIGH
TRN-12002,Synthetic Corridor Express 02,EXPRESS,SEC-BKI-JP,2025-01-20,07:42:00,08:37:00,07:46:00,08:41:00,4,HIGH
TRN-12003,Synthetic Corridor Express 03,EXPRESS,SEC-NDLS-RE,2025-01-20,05:24:00,06:16:00,05:26:00,06:20:00,4,HIGH
TRN-12003,Synthetic Corridor Express 03,EXPRESS,SEC-RE-AWR,2025-01-20,06:22:00,07:12:00,06:27:00,07:17:00,5,HIGH
TRN-12003,Synthetic Corridor Express 03,EXPRESS,SEC-AWR-BKI,2025-01-20,07:18:00,08:03:00,07:24:00,08:09:00,6,HIGH
TRN-12003,Synthetic Corridor Express 03,EXPRESS,SEC-BKI-JP,2025-01-20,08:09:00,09:04:00,08:15:00,09:10:00,6,HIGH
TRN-12005,Synthetic Corridor Express 05,EXPRESS,SEC-NDLS-RE,2025-01-20,06:18:00,07:10:00,06:19:00,07:11:00,1,HIGH
TRN-12005,Synthetic Corridor Express 05,EXPRESS,SEC-RE-AWR,2025-01-20,07:16:00,08:06:00,07:17:00,08:07:00,1,HIGH
TRN-12005,Synthetic Corridor Express 05,EXPRESS,SEC-AWR-BKI,2025-01-20,08:12:00,08:57:00,08:13:00,08:58:00,1,HIGH
TRN-12005,Synthetic Corridor Express 05,EXPRESS,SEC-BKI-JP,2025-01-20,09:03:00,09:58:00,09:04:00,10:00:00,2,HIGH
TRN-12006,Synthetic Corridor Express 06,EXPRESS,SEC-NDLS-RE,2025-01-20,06:45:00,07:37:00,06:45:00,07:38:00,1,HIGH
TRN-12006,Synthetic Corridor Express 06,EXPRESS,SEC-RE-AWR,2025-01-20,07:43:00,08:33:00,07:44:00,08:35:00,2,HIGH
TRN-12006,Synthetic Corridor Express 06,EXPRESS,SEC-AWR-BKI,2025-01-20,08:39:00,09:24:00,08:41:00,09:26:00,2,HIGH
TRN-12006,Synthetic Corridor Express 06,EXPRESS,SEC-BKI-JP,2025-01-20,09:30:00,10:25:00,09:32:00,10:28:00,3,HIGH
TRN-12007,Synthetic Corridor Express 07,EXPRESS,SEC-NDLS-RE,2025-01-20,07:12:00,08:04:00,07:17:00,08:09:00,5,HIGH
TRN-12007,Synthetic Corridor Express 07,EXPRESS,SEC-RE-AWR,2025-01-20,08:10:00,09:00:00,08:15:00,09:05:00,5,HIGH
TRN-12007,Synthetic Corridor Express 07,EXPRESS,SEC-AWR-BKI,2025-01-20,09:06:00,09:51:00,09:13:00,09:59:00,8,HIGH
TRN-12007,Synthetic Corridor Express 07,EXPRESS,SEC-BKI-JP,2025-01-20,09:57:00,10:52:00,10:05:00,11:00:00,8,HIGH
TRN-12009,Synthetic Corridor Express 09,EXPRESS,SEC-NDLS-RE,2025-01-20,08:06:00,08:58:00,08:11:00,09:03:00,5,HIGH
TRN-12009,Synthetic Corridor Express 09,EXPRESS,SEC-RE-AWR,2025-01-20,09:04:00,09:54:00,09:11:00,10:01:00,7,HIGH
TRN-12009,Synthetic Corridor Express 09,EXPRESS,SEC-AWR-BKI,2025-01-20,10:00:00,10:45:00,10:07:00,10:53:00,8,HIGH
TRN-12009,Synthetic Corridor Express 09,EXPRESS,SEC-BKI-JP,2025-01-20,10:51:00,11:46:00,10:59:00,11:54:00,8,HIGH
TRN-12010,Synthetic Corridor Express 10,EXPRESS,SEC-NDLS-RE,2025-01-20,08:33:00,09:25:00,08:35:00,09:27:00,2,HIGH
TRN-12010,Synthetic Corridor Express 10,EXPRESS,SEC-RE-AWR,2025-01-20,09:31:00,10:21:00,09:33:00,10:23:00,2,HIGH
TRN-12010,Synthetic Corridor Express 10,EXPRESS,SEC-AWR-BKI,2025-01-20,10:27:00,11:12:00,10:29:00,11:14:00,2,HIGH
TRN-12010,Synthetic Corridor Express 10,EXPRESS,SEC-BKI-JP,2025-01-20,11:18:00,12:13:00,11:22:00,12:18:00,5,HIGH
TRN-12011,Synthetic Corridor Passenger 11,PASSENGER,SEC-NDLS-RE,2025-01-20,09:00:00,10:02:00,09:03:00,10:07:00,5,MEDIUM
TRN-12011,Synthetic Corridor Passenger 11,PASSENGER,SEC-RE-AWR,2025-01-20,10:11:00,11:10:00,10:16:00,11:15:00,5,MEDIUM
TRN-12011,Synthetic Corridor Passenger 11,PASSENGER,SEC-AWR-BKI,2025-01-20,11:19:00,12:12:00,11:24:00,12:18:00,6,MEDIUM
TRN-12011,Synthetic Corridor Passenger 11,PASSENGER,SEC-BKI-JP,2025-01-20,12:21:00,13:27:00,12:28:00,13:35:00,8,MEDIUM
TRN-12012,Synthetic Corridor Passenger 12,PASSENGER,SEC-NDLS-RE,2025-01-20,09:27:00,10:29:00,09:30:00,10:32:00,3,MEDIUM
TRN-12012,Synthetic Corridor Passenger 12,PASSENGER,SEC-RE-AWR,2025-01-20,10:38:00,11:37:00,10:41:00,11:40:00,3,MEDIUM
TRN-12012,Synthetic Corridor Passenger 12,PASSENGER,SEC-AWR-BKI,2025-01-20,11:46:00,12:39:00,11:49:00,12:42:00,3,MEDIUM
TRN-12012,Synthetic Corridor Passenger 12,PASSENGER,SEC-BKI-JP,2025-01-20,12:48:00,13:54:00,12:52:00,13:58:00,4,MEDIUM
TRN-12013,Synthetic Corridor Passenger 13,PASSENGER,SEC-NDLS-RE,2025-01-20,09:54:00,10:56:00,09:58:00,11:00:00,4,MEDIUM
TRN-12013,Synthetic Corridor Passenger 13,PASSENGER,SEC-RE-AWR,2025-01-20,11:05:00,12:04:00,11:09:00,12:09:00,5,MEDIUM
TRN-12013,Synthetic Corridor Passenger 13,PASSENGER,SEC-AWR-BKI,2025-01-20,12:13:00,13:06:00,12:18:00,13:12:00,6,MEDIUM
TRN-12013,Synthetic Corridor Passenger 13,PASSENGER,SEC-BKI-JP,2025-01-20,13:15:00,14:21:00,13:22:00,14:28:00,7,MEDIUM
TRN-12014,Synthetic Corridor Passenger 14,PASSENGER,SEC-NDLS-RE,2025-01-20,10:21:00,11:23:00,10:26:00,11:29:00,6,MEDIUM
TRN-12014,Synthetic Corridor Passenger 14,PASSENGER,SEC-RE-AWR,2025-01-20,11:32:00,12:31:00,11:38:00,12:37:00,6,MEDIUM
TRN-12014,Synthetic Corridor Passenger 14,PASSENGER,SEC-AWR-BKI,2025-01-20,12:40:00,13:33:00,12:47:00,13:40:00,7,MEDIUM
TRN-12014,Synthetic Corridor Passenger 14,PASSENGER,SEC-BKI-JP,2025-01-20,13:42:00,14:48:00,13:49:00,14:55:00,7,MEDIUM
TRN-12015,Synthetic Corridor Passenger 15,PASSENGER,SEC-NDLS-RE,2025-01-20,10:48:00,11:50:00,10:50:00,11:54:00,4,MEDIUM
TRN-12015,Synthetic Corridor Passenger 15,PASSENGER,SEC-RE-AWR,2025-01-20,11:59:00,12:58:00,12:03:00,13:03:00,5,MEDIUM
TRN-12015,Synthetic Corridor Passenger 15,PASSENGER,SEC-AWR-BKI,2025-01-20,13:07:00,14:00:00,13:12:00,14:07:00,7,MEDIUM
TRN-12015,Synthetic Corridor Passenger 15,PASSENGER,SEC-BKI-JP,2025-01-20,14:09:00,15:15:00,14:17:00,15:23:00,8,MEDIUM
TRN-12016,Synthetic Corridor Passenger 16,PASSENGER,SEC-NDLS-RE,2025-01-20,11:15:00,12:17:00,11:18:00,12:21:00,4,MEDIUM
TRN-12016,Synthetic Corridor Passenger 16,PASSENGER,SEC-RE-AWR,2025-01-20,12:26:00,13:25:00,12:30:00,13:30:00,5,MEDIUM
TRN-12016,Synthetic Corridor Passenger 16,PASSENGER,SEC-AWR-BKI,2025-01-20,13:34:00,14:27:00,13:39:00,14:32:00,5,MEDIUM
TRN-12016,Synthetic Corridor Passenger 16,PASSENGER,SEC-BKI-JP,2025-01-20,14:36:00,15:42:00,14:43:00,15:49:00,7,MEDIUM
TRN-12017,Synthetic Corridor Passenger 17,PASSENGER,SEC-NDLS-RE,2025-01-20,11:42:00,12:44:00,11:44:00,12:46:00,2,MEDIUM
TRN-12017,Synthetic Corridor Passenger 17,PASSENGER,SEC-RE-AWR,2025-01-20,12:53:00,13:52:00,12:56:00,13:57:00,5,MEDIUM
TRN-12017,Synthetic Corridor Passenger 17,PASSENGER,SEC-AWR-BKI,2025-01-20,14:01:00,14:54:00,14:06:00,15:01:00,7,MEDIUM
TRN-12017,Synthetic Corridor Passenger 17,PASSENGER,SEC-BKI-JP,2025-01-20,15:03:00,16:09:00,15:10:00,16:17:00,8,MEDIUM
TRN-12018,Synthetic Corridor Passenger 18,PASSENGER,SEC-NDLS-RE,2025-01-20,12:09:00,13:11:00,12:11:00,13:14:00,3,MEDIUM
TRN-12018,Synthetic Corridor Passenger 18,PASSENGER,SEC-RE-AWR,2025-01-20,13:20:00,14:19:00,13:23:00,14:22:00,3,MEDIUM
TRN-12018,Synthetic Corridor Passenger 18,PASSENGER,SEC-AWR-BKI,2025-01-20,14:28:00,15:21:00,14:31:00,15:24:00,3,MEDIUM
TRN-12018,Synthetic Corridor Passenger 18,PASSENGER,SEC-BKI-JP,2025-01-20,15:30:00,16:36:00,15:33:00,16:39:00,3,MEDIUM
TRN-12019,Synthetic Corridor Freight 19,FREIGHT,SEC-NDLS-RE,2025-01-20,12:36:00,13:58:00,12:40:00,14:02:00,4,LOW
TRN-12019,Synthetic Corridor Freight 19,FREIGHT,SEC-RE-AWR,2025-01-20,14:10:00,15:28:00,14:14:00,15:32:00,4,LOW
TRN-12019,Synthetic Corridor Freight 19,FREIGHT,SEC-AWR-BKI,2025-01-20,15:40:00,16:51:00,15:45:00,16:56:00,5,LOW
TRN-12019,Synthetic Corridor Freight 19,FREIGHT,SEC-BKI-JP,2025-01-20,17:03:00,18:31:00,17:09:00,18:37:00,6,LOW
TRN-12021,Synthetic Corridor Freight 21,FREIGHT,SEC-NDLS-RE,2025-01-20,13:30:00,14:52:00,13:34:00,14:56:00,4,LOW
TRN-12021,Synthetic Corridor Freight 21,FREIGHT,SEC-RE-AWR,2025-01-20,15:04:00,16:22:00,15:09:00,16:28:00,6,LOW
TRN-12021,Synthetic Corridor Freight 21,FREIGHT,SEC-AWR-BKI,2025-01-20,16:34:00,17:45:00,16:41:00,17:52:00,7,LOW
TRN-12021,Synthetic Corridor Freight 21,FREIGHT,SEC-BKI-JP,2025-01-20,17:57:00,19:25:00,18:05:00,19:33:00,8,LOW
TRN-12022,Synthetic Corridor Freight 22,FREIGHT,SEC-NDLS-RE,2025-01-20,13:57:00,15:19:00,14:00:00,15:22:00,3,LOW
TRN-12022,Synthetic Corridor Freight 22,FREIGHT,SEC-RE-AWR,2025-01-20,15:31:00,16:49:00,15:34:00,16:52:00,3,LOW
TRN-12022,Synthetic Corridor Freight 22,FREIGHT,SEC-AWR-BKI,2025-01-20,17:01:00,18:12:00,17:05:00,18:17:00,5,LOW
TRN-12022,Synthetic Corridor Freight 22,FREIGHT,SEC-BKI-JP,2025-01-20,18:24:00,19:52:00,18:29:00,19:57:00,5,LOW
TRN-12023,Synthetic Corridor Freight 23,FREIGHT,SEC-NDLS-RE,2025-01-20,14:24:00,15:46:00,14:30:00,15:52:00,6,LOW
TRN-12023,Synthetic Corridor Freight 23,FREIGHT,SEC-RE-AWR,2025-01-20,15:58:00,17:16:00,16:04:00,17:25:00,9,LOW
TRN-12023,Synthetic Corridor Freight 23,FREIGHT,SEC-AWR-BKI,2025-01-20,17:28:00,18:39:00,17:38:00,18:50:00,11,LOW
TRN-12023,Synthetic Corridor Freight 23,FREIGHT,SEC-BKI-JP,2025-01-20,18:51:00,20:19:00,19:02:00,20:30:00,11,LOW
TRN-12001,Synthetic Corridor Express 01,EXPRESS,SEC-NDLS-RE,2025-01-21,04:30:00,05:22:00,04:33:00,05:25:00,3,HIGH
TRN-12001,Synthetic Corridor Express 01,EXPRESS,SEC-RE-AWR,2025-01-21,05:28:00,06:18:00,05:32:00,06:22:00,4,HIGH
TRN-12001,Synthetic Corridor Express 01,EXPRESS,SEC-AWR-BKI,2025-01-21,06:24:00,07:09:00,06:29:00,07:14:00,5,HIGH
TRN-12001,Synthetic Corridor Express 01,EXPRESS,SEC-BKI-JP,2025-01-21,07:15:00,08:10:00,07:20:00,08:15:00,5,HIGH
TRN-12002,Synthetic Corridor Express 02,EXPRESS,SEC-NDLS-RE,2025-01-21,04:57:00,05:49:00,04:58:00,05:50:00,1,HIGH
TRN-12002,Synthetic Corridor Express 02,EXPRESS,SEC-RE-AWR,2025-01-21,05:55:00,06:45:00,05:57:00,06:48:00,3,HIGH
TRN-12002,Synthetic Corridor Express 02,EXPRESS,SEC-AWR-BKI,2025-01-21,06:51:00,07:36:00,06:54:00,07:41:00,5,HIGH
TRN-12002,Synthetic Corridor Express 02,EXPRESS,SEC-BKI-JP,2025-01-21,07:42:00,08:37:00,07:47:00,08:42:00,5,HIGH
TRN-12004,Synthetic Corridor Express 04,EXPRESS,SEC-NDLS-RE,2025-01-21,05:51:00,06:43:00,05:53:00,06:47:00,4,HIGH
TRN-12004,Synthetic Corridor Express 04,EXPRESS,SEC-RE-AWR,2025-01-21,06:49:00,07:39:00,06:53:00,07:45:00,6,HIGH
TRN-12004,Synthetic Corridor Express 04,EXPRESS,SEC-AWR-BKI,2025-01-21,07:45:00,08:30:00,07:51:00,08:37:00,7,HIGH
TRN-12004,Synthetic Corridor Express 04,EXPRESS,SEC-BKI-JP,2025-01-21,08:36:00,09:31:00,08:43:00,09:39:00,8,HIGH
TRN-12005,Synthetic Corridor Express 05,EXPRESS,SEC-NDLS-RE,2025-01-21,06:18:00,07:10:00,06:19:00,07:11:00,1,HIGH
TRN-12005,Synthetic Corridor Express 05,EXPRESS,SEC-RE-AWR,2025-01-21,07:16:00,08:06:00,07:17:00,08:07:00,1,HIGH
TRN-12005,Synthetic Corridor Express 05,EXPRESS,SEC-AWR-BKI,2025-01-21,08:12:00,08:57:00,08:14:00,09:00:00,3,HIGH
TRN-12005,Synthetic Corridor Express 05,EXPRESS,SEC-BKI-JP,2025-01-21,09:03:00,09:58:00,09:06:00,10:03:00,5,HIGH
TRN-12006,Synthetic Corridor Express 06,EXPRESS,SEC-NDLS-RE,2025-01-21,06:45:00,07:37:00,06:47:00,07:39:00,2,HIGH
TRN-12006,Synthetic Corridor Express 06,EXPRESS,SEC-RE-AWR,2025-01-21,07:43:00,08:33:00,07:45:00,08:35:00,2,HIGH
TRN-12006,Synthetic Corridor Express 06,EXPRESS,SEC-AWR-BKI,2025-01-21,08:39:00,09:24:00,08:41:00,09:29:00,5,HIGH
TRN-12006,Synthetic Corridor Express 06,EXPRESS,SEC-BKI-JP,2025-01-21,09:30:00,10:25:00,09:35:00,10:30:00,5,HIGH
TRN-12008,Synthetic Corridor Express 08,EXPRESS,SEC-NDLS-RE,2025-01-21,07:39:00,08:31:00,07:44:00,08:36:00,5,HIGH
TRN-12008,Synthetic Corridor Express 08,EXPRESS,SEC-RE-AWR,2025-01-21,08:37:00,09:27:00,08:42:00,09:34:00,7,HIGH
TRN-12008,Synthetic Corridor Express 08,EXPRESS,SEC-AWR-BKI,2025-01-21,09:33:00,10:18:00,09:42:00,10:28:00,10,HIGH
TRN-12008,Synthetic Corridor Express 08,EXPRESS,SEC-BKI-JP,2025-01-21,10:24:00,11:19:00,10:35:00,11:32:00,13,HIGH
TRN-12009,Synthetic Corridor Express 09,EXPRESS,SEC-NDLS-RE,2025-01-21,08:06:00,08:58:00,08:10:00,09:03:00,5,HIGH
TRN-12009,Synthetic Corridor Express 09,EXPRESS,SEC-RE-AWR,2025-01-21,09:04:00,09:54:00,09:09:00,09:59:00,5,HIGH
TRN-12009,Synthetic Corridor Express 09,EXPRESS,SEC-AWR-BKI,2025-01-21,10:00:00,10:45:00,10:05:00,10:50:00,5,HIGH
TRN-12009,Synthetic Corridor Express 09,EXPRESS,SEC-BKI-JP,2025-01-21,10:51:00,11:46:00,10:56:00,11:51:00,5,HIGH
TRN-12010,Synthetic Corridor Express 10,EXPRESS,SEC-NDLS-RE,2025-01-21,08:33:00,09:25:00,08:40:00,09:32:00,7,HIGH
TRN-12010,Synthetic Corridor Express 10,EXPRESS,SEC-RE-AWR,2025-01-21,09:31:00,10:21:00,09:38:00,10:28:00,7,HIGH
TRN-12010,Synthetic Corridor Express 10,EXPRESS,SEC-AWR-BKI,2025-01-21,10:27:00,11:12:00,10:37:00,11:24:00,12,HIGH
TRN-12010,Synthetic Corridor Express 10,EXPRESS,SEC-BKI-JP,2025-01-21,11:18:00,12:13:00,11:30:00,12:26:00,13,HIGH
TRN-12011,Synthetic Corridor Passenger 11,PASSENGER,SEC-NDLS-RE,2025-01-21,09:00:00,10:02:00,09:09:00,10:12:00,10,MEDIUM
TRN-12011,Synthetic Corridor Passenger 11,PASSENGER,SEC-RE-AWR,2025-01-21,10:11:00,11:10:00,10:21:00,11:22:00,12,MEDIUM
TRN-12011,Synthetic Corridor Passenger 11,PASSENGER,SEC-AWR-BKI,2025-01-21,11:19:00,12:12:00,11:33:00,12:26:00,14,MEDIUM
TRN-12011,Synthetic Corridor Passenger 11,PASSENGER,SEC-BKI-JP,2025-01-21,12:21:00,13:27:00,12:35:00,13:41:00,14,MEDIUM
TRN-12012,Synthetic Corridor Passenger 12,PASSENGER,SEC-NDLS-RE,2025-01-21,09:27:00,10:29:00,09:30:00,10:34:00,5,MEDIUM
TRN-12012,Synthetic Corridor Passenger 12,PASSENGER,SEC-RE-AWR,2025-01-21,10:38:00,11:37:00,10:43:00,11:42:00,5,MEDIUM
TRN-12012,Synthetic Corridor Passenger 12,PASSENGER,SEC-AWR-BKI,2025-01-21,11:46:00,12:39:00,11:51:00,12:44:00,5,MEDIUM
TRN-12012,Synthetic Corridor Passenger 12,PASSENGER,SEC-BKI-JP,2025-01-21,12:48:00,13:54:00,12:53:00,13:59:00,5,MEDIUM
TRN-12013,Synthetic Corridor Passenger 13,PASSENGER,SEC-NDLS-RE,2025-01-21,09:54:00,10:56:00,10:00:00,11:04:00,8,MEDIUM
TRN-12013,Synthetic Corridor Passenger 13,PASSENGER,SEC-RE-AWR,2025-01-21,11:05:00,12:04:00,11:13:00,12:13:00,9,MEDIUM
TRN-12013,Synthetic Corridor Passenger 13,PASSENGER,SEC-AWR-BKI,2025-01-21,12:13:00,13:06:00,12:22:00,13:15:00,9,MEDIUM
TRN-12013,Synthetic Corridor Passenger 13,PASSENGER,SEC-BKI-JP,2025-01-21,13:15:00,14:21:00,13:26:00,14:32:00,11,MEDIUM
TRN-12014,Synthetic Corridor Passenger 14,PASSENGER,SEC-NDLS-RE,2025-01-21,10:21:00,11:23:00,10:28:00,11:30:00,7,MEDIUM
TRN-12014,Synthetic Corridor Passenger 14,PASSENGER,SEC-RE-AWR,2025-01-21,11:32:00,12:31:00,11:39:00,12:38:00,7,MEDIUM
TRN-12014,Synthetic Corridor Passenger 14,PASSENGER,SEC-AWR-BKI,2025-01-21,12:40:00,13:33:00,12:48:00,13:44:00,11,MEDIUM
TRN-12014,Synthetic Corridor Passenger 14,PASSENGER,SEC-BKI-JP,2025-01-21,13:42:00,14:48:00,13:54:00,15:00:00,12,MEDIUM
TRN-12015,Synthetic Corridor Passenger 15,PASSENGER,SEC-NDLS-RE,2025-01-21,10:48:00,11:50:00,10:48:00,11:52:00,2,MEDIUM
TRN-12015,Synthetic Corridor Passenger 15,PASSENGER,SEC-RE-AWR,2025-01-21,11:59:00,12:58:00,12:01:00,13:00:00,2,MEDIUM
TRN-12015,Synthetic Corridor Passenger 15,PASSENGER,SEC-AWR-BKI,2025-01-21,13:07:00,14:00:00,13:09:00,14:03:00,3,MEDIUM
TRN-12015,Synthetic Corridor Passenger 15,PASSENGER,SEC-BKI-JP,2025-01-21,14:09:00,15:15:00,14:13:00,15:19:00,4,MEDIUM
TRN-12016,Synthetic Corridor Passenger 16,PASSENGER,SEC-NDLS-RE,2025-01-21,11:15:00,12:17:00,11:19:00,12:24:00,7,MEDIUM
TRN-12016,Synthetic Corridor Passenger 16,PASSENGER,SEC-RE-AWR,2025-01-21,12:26:00,13:25:00,12:34:00,13:34:00,9,MEDIUM
TRN-12016,Synthetic Corridor Passenger 16,PASSENGER,SEC-AWR-BKI,2025-01-21,13:34:00,14:27:00,13:43:00,14:39:00,12,MEDIUM
TRN-12016,Synthetic Corridor Passenger 16,PASSENGER,SEC-BKI-JP,2025-01-21,14:36:00,15:42:00,14:50:00,15:56:00,14,MEDIUM
TRN-12017,Synthetic Corridor Passenger 17,PASSENGER,SEC-NDLS-RE,2025-01-21,11:42:00,12:44:00,11:48:00,12:51:00,7,MEDIUM
TRN-12017,Synthetic Corridor Passenger 17,PASSENGER,SEC-RE-AWR,2025-01-21,12:53:00,13:52:00,13:00:00,14:01:00,9,MEDIUM
TRN-12017,Synthetic Corridor Passenger 17,PASSENGER,SEC-AWR-BKI,2025-01-21,14:01:00,14:54:00,14:11:00,15:04:00,10,MEDIUM
TRN-12017,Synthetic Corridor Passenger 17,PASSENGER,SEC-BKI-JP,2025-01-21,15:03:00,16:09:00,15:13:00,16:19:00,10,MEDIUM
TRN-12018,Synthetic Corridor Passenger 18,PASSENGER,SEC-NDLS-RE,2025-01-21,12:09:00,13:11:00,12:13:00,13:17:00,6,MEDIUM
TRN-12018,Synthetic Corridor Passenger 18,PASSENGER,SEC-RE-AWR,2025-01-21,13:20:00,14:19:00,13:26:00,14:25:00,6,MEDIUM
TRN-12018,Synthetic Corridor Passenger 18,PASSENGER,SEC-AWR-BKI,2025-01-21,14:28:00,15:21:00,14:34:00,15:29:00,8,MEDIUM
TRN-12018,Synthetic Corridor Passenger 18,PASSENGER,SEC-BKI-JP,2025-01-21,15:30:00,16:36:00,15:38:00,16:45:00,9,MEDIUM
TRN-12020,Synthetic Corridor Freight 20,FREIGHT,SEC-NDLS-RE,2025-01-21,13:03:00,14:25:00,13:06:00,14:29:00,4,LOW
TRN-12020,Synthetic Corridor Freight 20,FREIGHT,SEC-RE-AWR,2025-01-21,14:37:00,15:55:00,14:41:00,16:00:00,5,LOW
TRN-12020,Synthetic Corridor Freight 20,FREIGHT,SEC-AWR-BKI,2025-01-21,16:07:00,17:18:00,16:12:00,17:23:00,5,LOW
TRN-12020,Synthetic Corridor Freight 20,FREIGHT,SEC-BKI-JP,2025-01-21,17:30:00,18:58:00,17:35:00,19:06:00,8,LOW
TRN-12021,Synthetic Corridor Freight 21,FREIGHT,SEC-NDLS-RE,2025-01-21,13:30:00,14:52:00,13:36:00,14:59:00,7,LOW
TRN-12021,Synthetic Corridor Freight 21,FREIGHT,SEC-RE-AWR,2025-01-21,15:04:00,16:22:00,15:11:00,16:31:00,9,LOW
TRN-12021,Synthetic Corridor Freight 21,FREIGHT,SEC-AWR-BKI,2025-01-21,16:34:00,17:45:00,16:44:00,17:56:00,11,LOW
TRN-12021,Synthetic Corridor Freight 21,FREIGHT,SEC-BKI-JP,2025-01-21,17:57:00,19:25:00,18:08:00,19:41:00,16,LOW
TRN-12022,Synthetic Corridor Freight 22,FREIGHT,SEC-NDLS-RE,2025-01-21,13:57:00,15:19:00,14:00:00,15:23:00,4,LOW
TRN-12022,Synthetic Corridor Freight 22,FREIGHT,SEC-RE-AWR,2025-01-21,15:31:00,16:49:00,15:35:00,16:53:00,4,LOW
TRN-12022,Synthetic Corridor Freight 22,FREIGHT,SEC-AWR-BKI,2025-01-21,17:01:00,18:12:00,17:05:00,18:17:00,5,LOW
TRN-12022,Synthetic Corridor Freight 22,FREIGHT,SEC-BKI-JP,2025-01-21,18:24:00,19:52:00,18:29:00,19:58:00,6,LOW
TRN-12024,Synthetic Corridor Freight 24,FREIGHT,SEC-NDLS-RE,2025-01-21,14:51:00,16:13:00,14:54:00,16:17:00,4,LOW
TRN-12024,Synthetic Corridor Freight 24,FREIGHT,SEC-RE-AWR,2025-01-21,16:25:00,17:43:00,16:29:00,17:48:00,5,LOW
TRN-12024,Synthetic Corridor Freight 24,FREIGHT,SEC-AWR-BKI,2025-01-21,17:55:00,19:06:00,18:00:00,19:12:00,6,LOW
TRN-12024,Synthetic Corridor Freight 24,FREIGHT,SEC-BKI-JP,2025-01-21,19:18:00,20:46:00,19:24:00,20:53:00,7,LOW
TRN-12001,Synthetic Corridor Express 01,EXPRESS,SEC-NDLS-RE,2025-01-22,04:30:00,05:22:00,04:31:00,05:23:00,1,HIGH
TRN-12001,Synthetic Corridor Express 01,EXPRESS,SEC-RE-AWR,2025-01-22,05:28:00,06:18:00,05:29:00,06:19:00,1,HIGH
TRN-12001,Synthetic Corridor Express 01,EXPRESS,SEC-AWR-BKI,2025-01-22,06:24:00,07:09:00,06:26:00,07:11:00,2,HIGH
TRN-12001,Synthetic Corridor Express 01,EXPRESS,SEC-BKI-JP,2025-01-22,07:15:00,08:10:00,07:17:00,08:13:00,3,HIGH
TRN-12002,Synthetic Corridor Express 02,EXPRESS,SEC-NDLS-RE,2025-01-22,04:57:00,05:49:00,04:59:00,05:51:00,2,HIGH
TRN-12002,Synthetic Corridor Express 02,EXPRESS,SEC-RE-AWR,2025-01-22,05:55:00,06:45:00,05:57:00,06:47:00,2,HIGH
TRN-12002,Synthetic Corridor Express 02,EXPRESS,SEC-AWR-BKI,2025-01-22,06:51:00,07:36:00,06:53:00,07:38:00,2,HIGH
TRN-12002,Synthetic Corridor Express 02,EXPRESS,SEC-BKI-JP,2025-01-22,07:42:00,08:37:00,07:44:00,08:39:00,2,HIGH
TRN-12003,Synthetic Corridor Express 03,EXPRESS,SEC-NDLS-RE,2025-01-22,05:24:00,06:16:00,05:26:00,06:19:00,3,HIGH
TRN-12003,Synthetic Corridor Express 03,EXPRESS,SEC-RE-AWR,2025-01-22,06:22:00,07:12:00,06:25:00,07:15:00,3,HIGH
TRN-12003,Synthetic Corridor Express 03,EXPRESS,SEC-AWR-BKI,2025-01-22,07:18:00,08:03:00,07:21:00,08:06:00,3,HIGH
TRN-12003,Synthetic Corridor Express 03,EXPRESS,SEC-BKI-JP,2025-01-22,08:09:00,09:04:00,08:13:00,09:09:00,5,HIGH
TRN-12005,Synthetic Corridor Express 05,EXPRESS,SEC-NDLS-RE,2025-01-22,06:18:00,07:10:00,06:20:00,07:14:00,4,HIGH
TRN-12005,Synthetic Corridor Express 05,EXPRESS,SEC-RE-AWR,2025-01-22,07:16:00,08:06:00,07:21:00,08:11:00,5,HIGH
TRN-12005,Synthetic Corridor Express 05,EXPRESS,SEC-AWR-BKI,2025-01-22,08:12:00,08:57:00,08:18:00,09:03:00,6,HIGH
TRN-12005,Synthetic Corridor Express 05,EXPRESS,SEC-BKI-JP,2025-01-22,09:03:00,09:58:00,09:09:00,10:04:00,6,HIGH
TRN-12006,Synthetic Corridor Express 06,EXPRESS,SEC-NDLS-RE,2025-01-22,06:45:00,07:37:00,06:47:00,07:39:00,2,HIGH
TRN-12006,Synthetic Corridor Express 06,EXPRESS,SEC-RE-AWR,2025-01-22,07:43:00,08:33:00,07:45:00,08:35:00,2,HIGH
TRN-12006,Synthetic Corridor Express 06,EXPRESS,SEC-AWR-BKI,2025-01-22,08:39:00,09:24:00,08:41:00,09:26:00,2,HIGH
TRN-12006,Synthetic Corridor Express 06,EXPRESS,SEC-BKI-JP,2025-01-22,09:30:00,10:25:00,09:33:00,10:28:00,3,HIGH
TRN-12007,Synthetic Corridor Express 07,EXPRESS,SEC-NDLS-RE,2025-01-22,07:12:00,08:04:00,07:13:00,08:06:00,2,HIGH
TRN-12007,Synthetic Corridor Express 07,EXPRESS,SEC-RE-AWR,2025-01-22,08:10:00,09:00:00,08:12:00,09:02:00,2,HIGH
TRN-12007,Synthetic Corridor Express 07,EXPRESS,SEC-AWR-BKI,2025-01-22,09:06:00,09:51:00,09:09:00,09:55:00,4,HIGH
TRN-12007,Synthetic Corridor Express 07,EXPRESS,SEC-BKI-JP,2025-01-22,09:57:00,10:52:00,10:01:00,10:56:00,4,HIGH
TRN-12009,Synthetic Corridor Express 09,EXPRESS,SEC-NDLS-RE,2025-01-22,08:06:00,08:58:00,08:12:00,09:05:00,7,HIGH
TRN-12009,Synthetic Corridor Express 09,EXPRESS,SEC-RE-AWR,2025-01-22,09:04:00,09:54:00,09:11:00,10:01:00,7,HIGH
TRN-12009,Synthetic Corridor Express 09,EXPRESS,SEC-AWR-BKI,2025-01-22,10:00:00,10:45:00,10:08:00,10:53:00,8,HIGH
TRN-12009,Synthetic Corridor Express 09,EXPRESS,SEC-BKI-JP,2025-01-22,10:51:00,11:46:00,11:00:00,11:55:00,9,HIGH
TRN-12010,Synthetic Corridor Express 10,EXPRESS,SEC-NDLS-RE,2025-01-22,08:33:00,09:25:00,08:37:00,09:30:00,5,HIGH
TRN-12010,Synthetic Corridor Express 10,EXPRESS,SEC-RE-AWR,2025-01-22,09:31:00,10:21:00,09:36:00,10:27:00,6,HIGH
TRN-12010,Synthetic Corridor Express 10,EXPRESS,SEC-AWR-BKI,2025-01-22,10:27:00,11:12:00,10:33:00,11:18:00,6,HIGH
TRN-12010,Synthetic Corridor Express 10,EXPRESS,SEC-BKI-JP,2025-01-22,11:18:00,12:13:00,11:25:00,12:20:00,7,HIGH
TRN-12011,Synthetic Corridor Passenger 11,PASSENGER,SEC-NDLS-RE,2025-01-22,09:00:00,10:02:00,09:07:00,10:09:00,7,MEDIUM
TRN-12011,Synthetic Corridor Passenger 11,PASSENGER,SEC-RE-AWR,2025-01-22,10:11:00,11:10:00,10:19:00,11:19:00,9,MEDIUM
TRN-12011,Synthetic Corridor Passenger 11,PASSENGER,SEC-AWR-BKI,2025-01-22,11:19:00,12:12:00,11:29:00,12:24:00,12,MEDIUM
TRN-12011,Synthetic Corridor Passenger 11,PASSENGER,SEC-BKI-JP,2025-01-22,12:21:00,13:27:00,12:34:00,13:40:00,13,MEDIUM
TRN-12012,Synthetic Corridor Passenger 12,PASSENGER,SEC-NDLS-RE,2025-01-22,09:27:00,10:29:00,09:33:00,10:36:00,7,MEDIUM
TRN-12012,Synthetic Corridor Passenger 12,PASSENGER,SEC-RE-AWR,2025-01-22,10:38:00,11:37:00,10:45:00,11:44:00,7,MEDIUM
TRN-12012,Synthetic Corridor Passenger 12,PASSENGER,SEC-AWR-BKI,2025-01-22,11:46:00,12:39:00,11:53:00,12:46:00,7,MEDIUM
TRN-12012,Synthetic Corridor Passenger 12,PASSENGER,SEC-BKI-JP,2025-01-22,12:48:00,13:54:00,12:56:00,14:03:00,9,MEDIUM
TRN-12013,Synthetic Corridor Passenger 13,PASSENGER,SEC-NDLS-RE,2025-01-22,09:54:00,10:56:00,09:58:00,11:02:00,6,MEDIUM
TRN-12013,Synthetic Corridor Passenger 13,PASSENGER,SEC-RE-AWR,2025-01-22,11:05:00,12:04:00,11:11:00,12:10:00,6,MEDIUM
TRN-12013,Synthetic Corridor Passenger 13,PASSENGER,SEC-AWR-BKI,2025-01-22,12:13:00,13:06:00,12:19:00,13:13:00,7,MEDIUM
TRN-12013,Synthetic Corridor Passenger 13,PASSENGER,SEC-BKI-JP,2025-01-22,13:15:00,14:21:00,13:22:00,14:28:00,7,MEDIUM
TRN-12014,Synthetic Corridor Passenger 14,PASSENGER,SEC-NDLS-RE,2025-01-22,10:21:00,11:23:00,10:23:00,11:25:00,2,MEDIUM
TRN-12014,Synthetic Corridor Passenger 14,PASSENGER,SEC-RE-AWR,2025-01-22,11:32:00,12:31:00,11:34:00,12:33:00,2,MEDIUM
TRN-12014,Synthetic Corridor Passenger 14,PASSENGER,SEC-AWR-BKI,2025-01-22,12:40:00,13:33:00,12:42:00,13:35:00,2,MEDIUM
TRN-12014,Synthetic Corridor Passenger 14,PASSENGER,SEC-BKI-JP,2025-01-22,13:42:00,14:48:00,13:44:00,14:53:00,5,MEDIUM
TRN-12015,Synthetic Corridor Passenger 15,PASSENGER,SEC-NDLS-RE,2025-01-22,10:48:00,11:50:00,10:48:00,11:50:00,0,MEDIUM
TRN-12015,Synthetic Corridor Passenger 15,PASSENGER,SEC-RE-AWR,2025-01-22,11:59:00,12:58:00,11:59:00,12:58:00,0,MEDIUM
TRN-12015,Synthetic Corridor Passenger 15,PASSENGER,SEC-AWR-BKI,2025-01-22,13:07:00,14:00:00,13:07:00,14:00:00,0,MEDIUM
TRN-12015,Synthetic Corridor Passenger 15,PASSENGER,SEC-BKI-JP,2025-01-22,14:09:00,15:15:00,14:09:00,15:16:00,1,MEDIUM
TRN-12016,Synthetic Corridor Passenger 16,PASSENGER,SEC-NDLS-RE,2025-01-22,11:15:00,12:17:00,11:17:00,12:19:00,2,MEDIUM
TRN-12016,Synthetic Corridor Passenger 16,PASSENGER,SEC-RE-AWR,2025-01-22,12:26:00,13:25:00,12:28:00,13:28:00,3,MEDIUM
TRN-12016,Synthetic Corridor Passenger 16,PASSENGER,SEC-AWR-BKI,2025-01-22,13:34:00,14:27:00,13:37:00,14:31:00,4,MEDIUM
TRN-12016,Synthetic Corridor Passenger 16,PASSENGER,SEC-BKI-JP,2025-01-22,14:36:00,15:42:00,14:40:00,15:48:00,6,MEDIUM
TRN-12017,Synthetic Corridor Passenger 17,PASSENGER,SEC-NDLS-RE,2025-01-22,11:42:00,12:44:00,11:46:00,12:48:00,4,MEDIUM
TRN-12017,Synthetic Corridor Passenger 17,PASSENGER,SEC-RE-AWR,2025-01-22,12:53:00,13:52:00,12:58:00,13:57:00,5,MEDIUM
TRN-12017,Synthetic Corridor Passenger 17,PASSENGER,SEC-AWR-BKI,2025-01-22,14:01:00,14:54:00,14:07:00,15:02:00,8,MEDIUM
TRN-12017,Synthetic Corridor Passenger 17,PASSENGER,SEC-BKI-JP,2025-01-22,15:03:00,16:09:00,15:12:00,16:19:00,10,MEDIUM
TRN-12018,Synthetic Corridor Passenger 18,PASSENGER,SEC-NDLS-RE,2025-01-22,12:09:00,13:11:00,12:13:00,13:15:00,4,MEDIUM
TRN-12018,Synthetic Corridor Passenger 18,PASSENGER,SEC-RE-AWR,2025-01-22,13:20:00,14:19:00,13:24:00,14:24:00,5,MEDIUM
TRN-12018,Synthetic Corridor Passenger 18,PASSENGER,SEC-AWR-BKI,2025-01-22,14:28:00,15:21:00,14:33:00,15:26:00,5,MEDIUM
TRN-12018,Synthetic Corridor Passenger 18,PASSENGER,SEC-BKI-JP,2025-01-22,15:30:00,16:36:00,15:35:00,16:42:00,6,MEDIUM
TRN-12019,Synthetic Corridor Freight 19,FREIGHT,SEC-NDLS-RE,2025-01-22,12:36:00,13:58:00,12:38:00,14:01:00,3,LOW
TRN-12019,Synthetic Corridor Freight 19,FREIGHT,SEC-RE-AWR,2025-01-22,14:10:00,15:28:00,14:13:00,15:32:00,4,LOW
TRN-12019,Synthetic Corridor Freight 19,FREIGHT,SEC-AWR-BKI,2025-01-22,15:40:00,16:51:00,15:44:00,16:55:00,4,LOW
TRN-12019,Synthetic Corridor Freight 19,FREIGHT,SEC-BKI-JP,2025-01-22,17:03:00,18:31:00,17:08:00,18:36:00,5,LOW
TRN-12021,Synthetic Corridor Freight 21,FREIGHT,SEC-NDLS-RE,2025-01-22,13:30:00,14:52:00,13:34:00,14:58:00,6,LOW
TRN-12021,Synthetic Corridor Freight 21,FREIGHT,SEC-RE-AWR,2025-01-22,15:04:00,16:22:00,15:10:00,16:28:00,6,LOW
TRN-12021,Synthetic Corridor Freight 21,FREIGHT,SEC-AWR-BKI,2025-01-22,16:34:00,17:45:00,16:41:00,17:52:00,7,LOW
TRN-12021,Synthetic Corridor Freight 21,FREIGHT,SEC-BKI-JP,2025-01-22,17:57:00,19:25:00,18:04:00,19:33:00,8,LOW
TRN-12022,Synthetic Corridor Freight 22,FREIGHT,SEC-NDLS-RE,2025-01-22,13:57:00,15:19:00,14:01:00,15:24:00,5,LOW
TRN-12022,Synthetic Corridor Freight 22,FREIGHT,SEC-RE-AWR,2025-01-22,15:31:00,16:49:00,15:36:00,16:54:00,5,LOW
TRN-12022,Synthetic Corridor Freight 22,FREIGHT,SEC-AWR-BKI,2025-01-22,17:01:00,18:12:00,17:06:00,18:21:00,9,LOW
TRN-12022,Synthetic Corridor Freight 22,FREIGHT,SEC-BKI-JP,2025-01-22,18:24:00,19:52:00,18:33:00,20:05:00,13,LOW
TRN-12023,Synthetic Corridor Freight 23,FREIGHT,SEC-NDLS-RE,2025-01-22,14:24:00,15:46:00,14:30:00,15:53:00,7,LOW
TRN-12023,Synthetic Corridor Freight 23,FREIGHT,SEC-RE-AWR,2025-01-22,15:58:00,17:16:00,16:05:00,17:23:00,7,LOW
TRN-12023,Synthetic Corridor Freight 23,FREIGHT,SEC-AWR-BKI,2025-01-22,17:28:00,18:39:00,17:35:00,18:46:00,7,LOW
TRN-12023,Synthetic Corridor Freight 23,FREIGHT,SEC-BKI-JP,2025-01-22,18:51:00,20:19:00,18:59:00,20:28:00,9,LOW
TRN-12001,Synthetic Corridor Express 01,EXPRESS,SEC-NDLS-RE,2025-01-23,04:30:00,05:22:00,04:30:00,05:23:00,1,HIGH
TRN-12001,Synthetic Corridor Express 01,EXPRESS,SEC-RE-AWR,2025-01-23,05:28:00,06:18:00,05:29:00,06:21:00,3,HIGH
TRN-12001,Synthetic Corridor Express 01,EXPRESS,SEC-AWR-BKI,2025-01-23,06:24:00,07:09:00,06:28:00,07:13:00,4,HIGH
TRN-12001,Synthetic Corridor Express 01,EXPRESS,SEC-BKI-JP,2025-01-23,07:15:00,08:10:00,07:19:00,08:14:00,4,HIGH
TRN-12002,Synthetic Corridor Express 02,EXPRESS,SEC-NDLS-RE,2025-01-23,04:57:00,05:49:00,04:59:00,05:51:00,2,HIGH
TRN-12002,Synthetic Corridor Express 02,EXPRESS,SEC-RE-AWR,2025-01-23,05:55:00,06:45:00,05:57:00,06:47:00,2,HIGH
TRN-12002,Synthetic Corridor Express 02,EXPRESS,SEC-AWR-BKI,2025-01-23,06:51:00,07:36:00,06:53:00,07:39:00,3,HIGH
TRN-12002,Synthetic Corridor Express 02,EXPRESS,SEC-BKI-JP,2025-01-23,07:42:00,08:37:00,07:45:00,08:40:00,3,HIGH
TRN-12004,Synthetic Corridor Express 04,EXPRESS,SEC-NDLS-RE,2025-01-23,05:51:00,06:43:00,05:55:00,06:47:00,4,HIGH
TRN-12004,Synthetic Corridor Express 04,EXPRESS,SEC-RE-AWR,2025-01-23,06:49:00,07:39:00,06:53:00,07:43:00,4,HIGH
TRN-12004,Synthetic Corridor Express 04,EXPRESS,SEC-AWR-BKI,2025-01-23,07:45:00,08:30:00,07:49:00,08:35:00,5,HIGH
TRN-12004,Synthetic Corridor Express 04,EXPRESS,SEC-BKI-JP,2025-01-23,08:36:00,09:31:00,08:41:00,09:36:00,5,HIGH
TRN-12005,Synthetic Corridor Express 05,EXPRESS,SEC-NDLS-RE,2025-01-23,06:18:00,07:10:00,06:20:00,07:13:00,3,HIGH
TRN-12005,Synthetic Corridor Express 05,EXPRESS,SEC-RE-AWR,2025-01-23,07:16:00,08:06:00,07:20:00,08:12:00,6,HIGH
TRN-12005,Synthetic Corridor Express 05,EXPRESS,SEC-AWR-BKI,2025-01-23,08:12:00,08:57:00,08:18:00,09:03:00,6,HIGH
TRN-12005,Synthetic Corridor Express 05,EXPRESS,SEC-BKI-JP,2025-01-23,09:03:00,09:58:00,09:09:00,10:05:00,7,HIGH
TRN-12006,Synthetic Corridor Express 06,EXPRESS,SEC-NDLS-RE,2025-01-23,06:45:00,07:37:00,06:48:00,07:41:00,4,HIGH
TRN-12006,Synthetic Corridor Express 06,EXPRESS,SEC-RE-AWR,2025-01-23,07:43:00,08:33:00,07:47:00,08:37:00,4,HIGH
TRN-12006,Synthetic Corridor Express 06,EXPRESS,SEC-AWR-BKI,2025-01-23,08:39:00,09:24:00,08:43:00,09:30:00,6,HIGH
TRN-12006,Synthetic Corridor Express 06,EXPRESS,SEC-BKI-JP,2025-01-23,09:30:00,10:25:00,09:36:00,10:31:00,6,HIGH
TRN-12008,Synthetic Corridor Express 08,EXPRESS,SEC-NDLS-RE,2025-01-23,07:39:00,08:31:00,07:43:00,08:35:00,4,HIGH
TRN-12008,Synthetic Corridor Express 08,EXPRESS,SEC-RE-AWR,2025-01-23,08:37:00,09:27:00,08:42:00,09:32:00,5,HIGH
TRN-12008,Synthetic Corridor Express 08,EXPRESS,SEC-AWR-BKI,2025-01-23,09:33:00,10:18:00,09:38:00,10:25:00,7,HIGH
TRN-12008,Synthetic Corridor Express 08,EXPRESS,SEC-BKI-JP,2025-01-23,10:24:00,11:19:00,10:31:00,11:26:00,7,HIGH
TRN-12009,Synthetic Corridor Express 09,EXPRESS,SEC-NDLS-RE,2025-01-23,08:06:00,08:58:00,08:10:00,09:02:00,4,HIGH
TRN-12009,Synthetic Corridor Express 09,EXPRESS,SEC-RE-AWR,2025-01-23,09:04:00,09:54:00,09:08:00,09:58:00,4,HIGH
TRN-12009,Synthetic Corridor Express 09,EXPRESS,SEC-AWR-BKI,2025-01-23,10:00:00,10:45:00,10:04:00,10:49:00,4,HIGH
TRN-12009,Synthetic Corridor Express 09,EXPRESS,SEC-BKI-JP,2025-01-23,10:51:00,11:46:00,10:56:00,11:52:00,6,HIGH
TRN-12010,Synthetic Corridor Express 10,EXPRESS,SEC-NDLS-RE,2025-01-23,08:33:00,09:25:00,08:37:00,09:30:00,5,HIGH
TRN-12010,Synthetic Corridor Express 10,EXPRESS,SEC-RE-AWR,2025-01-23,09:31:00,10:21:00,09:37:00,10:27:00,6,HIGH
TRN-12010,Synthetic Corridor Express 10,EXPRESS,SEC-AWR-BKI,2025-01-23,10:27:00,11:12:00,10:34:00,11:19:00,7,HIGH
TRN-12010,Synthetic Corridor Express 10,EXPRESS,SEC-BKI-JP,2025-01-23,11:18:00,12:13:00,11:25:00,12:20:00,7,HIGH
TRN-12011,Synthetic Corridor Passenger 11,PASSENGER,SEC-NDLS-RE,2025-01-23,09:00:00,10:02:00,09:06:00,10:09:00,7,MEDIUM
TRN-12011,Synthetic Corridor Passenger 11,PASSENGER,SEC-RE-AWR,2025-01-23,10:11:00,11:10:00,10:18:00,11:18:00,8,MEDIUM
TRN-12011,Synthetic Corridor Passenger 11,PASSENGER,SEC-AWR-BKI,2025-01-23,11:19:00,12:12:00,11:28:00,12:21:00,9,MEDIUM
TRN-12011,Synthetic Corridor Passenger 11,PASSENGER,SEC-BKI-JP,2025-01-23,12:21:00,13:27:00,12:31:00,13:37:00,10,MEDIUM
TRN-12012,Synthetic Corridor Passenger 12,PASSENGER,SEC-NDLS-RE,2025-01-23,09:27:00,10:29:00,09:34:00,10:37:00,8,MEDIUM
TRN-12012,Synthetic Corridor Passenger 12,PASSENGER,SEC-RE-AWR,2025-01-23,10:38:00,11:37:00,10:46:00,11:45:00,8,MEDIUM
TRN-12012,Synthetic Corridor Passenger 12,PASSENGER,SEC-AWR-BKI,2025-01-23,11:46:00,12:39:00,11:54:00,12:47:00,8,MEDIUM
TRN-12012,Synthetic Corridor Passenger 12,PASSENGER,SEC-BKI-JP,2025-01-23,12:48:00,13:54:00,12:56:00,14:03:00,9,MEDIUM
TRN-12013,Synthetic Corridor Passenger 13,PASSENGER,SEC-NDLS-RE,2025-01-23,09:54:00,10:56:00,09:57:00,10:59:00,3,MEDIUM
TRN-12013,Synthetic Corridor Passenger 13,PASSENGER,SEC-RE-AWR,2025-01-23,11:05:00,12:04:00,11:08:00,12:08:00,4,MEDIUM
TRN-12013,Synthetic Corridor Passenger 13,PASSENGER,SEC-AWR-BKI,2025-01-23,12:13:00,13:06:00,12:19:00,13:12:00,6,MEDIUM
TRN-12013,Synthetic Corridor Passenger 13,PASSENGER,SEC-BKI-JP,2025-01-23,13:15:00,14:21:00,13:21:00,14:27:00,6,MEDIUM
TRN-12014,Synthetic Corridor Passenger 14,PASSENGER,SEC-NDLS-RE,2025-01-23,10:21:00,11:23:00,10:23:00,11:25:00,2,MEDIUM
TRN-12014,Synthetic Corridor Passenger 14,PASSENGER,SEC-RE-AWR,2025-01-23,11:32:00,12:31:00,11:34:00,12:35:00,4,MEDIUM
TRN-12014,Synthetic Corridor Passenger 14,PASSENGER,SEC-AWR-BKI,2025-01-23,12:40:00,13:33:00,12:44:00,13:39:00,6,MEDIUM
TRN-12014,Synthetic Corridor Passenger 14,PASSENGER,SEC-BKI-JP,2025-01-23,13:42:00,14:48:00,13:48:00,14:54:00,6,MEDIUM
TRN-12015,Synthetic Corridor Passenger 15,PASSENGER,SEC-NDLS-RE,2025-01-23,10:48:00,11:50:00,10:53:00,11:56:00,6,MEDIUM
TRN-12015,Synthetic Corridor Passenger 15,PASSENGER,SEC-RE-AWR,2025-01-23,11:59:00,12:58:00,12:05:00,13:04:00,6,MEDIUM
TRN-12015,Synthetic Corridor Passenger 15,PASSENGER,SEC-AWR-BKI,2025-01-23,13:07:00,14:00:00,13:14:00,14:07:00,7,MEDIUM
TRN-12015,Synthetic Corridor Passenger 15,PASSENGER,SEC-BKI-JP,2025-01-23,14:09:00,15:15:00,14:16:00,15:23:00,8,MEDIUM
TRN-12016,Synthetic Corridor Passenger 16,PASSENGER,SEC-NDLS-RE,2025-01-23,11:15:00,12:17:00,11:19:00,12:22:00,5,MEDIUM
TRN-12016,Synthetic Corridor Passenger 16,PASSENGER,SEC-RE-AWR,2025-01-23,12:26:00,13:25:00,12:31:00,13:30:00,5,MEDIUM
TRN-12016,Synthetic Corridor Passenger 16,PASSENGER,SEC-AWR-BKI,2025-01-23,13:34:00,14:27:00,13:39:00,14:33:00,6,MEDIUM
TRN-12016,Synthetic Corridor Passenger 16,PASSENGER,SEC-BKI-JP,2025-01-23,14:36:00,15:42:00,14:42:00,15:48:00,6,MEDIUM
TRN-12017,Synthetic Corridor Passenger 17,PASSENGER,SEC-NDLS-RE,2025-01-23,11:42:00,12:44:00,11:44:00,12:48:00,4,MEDIUM
TRN-12017,Synthetic Corridor Passenger 17,PASSENGER,SEC-RE-AWR,2025-01-23,12:53:00,13:52:00,12:58:00,13:58:00,6,MEDIUM
TRN-12017,Synthetic Corridor Passenger 17,PASSENGER,SEC-AWR-BKI,2025-01-23,14:01:00,14:54:00,14:07:00,15:01:00,7,MEDIUM
TRN-12017,Synthetic Corridor Passenger 17,PASSENGER,SEC-BKI-JP,2025-01-23,15:03:00,16:09:00,15:10:00,16:17:00,8,MEDIUM
TRN-12018,Synthetic Corridor Passenger 18,PASSENGER,SEC-NDLS-RE,2025-01-23,12:09:00,13:11:00,12:13:00,13:16:00,5,MEDIUM
TRN-12018,Synthetic Corridor Passenger 18,PASSENGER,SEC-RE-AWR,2025-01-23,13:20:00,14:19:00,13:26:00,14:25:00,6,MEDIUM
TRN-12018,Synthetic Corridor Passenger 18,PASSENGER,SEC-AWR-BKI,2025-01-23,14:28:00,15:21:00,14:34:00,15:29:00,8,MEDIUM
TRN-12018,Synthetic Corridor Passenger 18,PASSENGER,SEC-BKI-JP,2025-01-23,15:30:00,16:36:00,15:38:00,16:45:00,9,MEDIUM
TRN-12020,Synthetic Corridor Freight 20,FREIGHT,SEC-NDLS-RE,2025-01-23,13:03:00,14:25:00,13:05:00,14:29:00,4,LOW
TRN-12020,Synthetic Corridor Freight 20,FREIGHT,SEC-RE-AWR,2025-01-23,14:37:00,15:55:00,14:42:00,16:00:00,5,LOW
TRN-12020,Synthetic Corridor Freight 20,FREIGHT,SEC-AWR-BKI,2025-01-23,16:07:00,17:18:00,16:12:00,17:23:00,5,LOW
TRN-12020,Synthetic Corridor Freight 20,FREIGHT,SEC-BKI-JP,2025-01-23,17:30:00,18:58:00,17:35:00,19:03:00,5,LOW
TRN-12021,Synthetic Corridor Freight 21,FREIGHT,SEC-NDLS-RE,2025-01-23,13:30:00,14:52:00,13:34:00,14:57:00,5,LOW
TRN-12021,Synthetic Corridor Freight 21,FREIGHT,SEC-RE-AWR,2025-01-23,15:04:00,16:22:00,15:09:00,16:28:00,6,LOW
TRN-12021,Synthetic Corridor Freight 21,FREIGHT,SEC-AWR-BKI,2025-01-23,16:34:00,17:45:00,16:40:00,17:56:00,11,LOW
TRN-12021,Synthetic Corridor Freight 21,FREIGHT,SEC-BKI-JP,2025-01-23,17:57:00,19:25:00,18:08:00,19:36:00,11,LOW
TRN-12022,Synthetic Corridor Freight 22,FREIGHT,SEC-NDLS-RE,2025-01-23,13:57:00,15:19:00,14:01:00,15:23:00,4,LOW
TRN-12022,Synthetic Corridor Freight 22,FREIGHT,SEC-RE-AWR,2025-01-23,15:31:00,16:49:00,15:35:00,16:55:00,6,LOW
TRN-12022,Synthetic Corridor Freight 22,FREIGHT,SEC-AWR-BKI,2025-01-23,17:01:00,18:12:00,17:07:00,18:19:00,7,LOW
TRN-12022,Synthetic Corridor Freight 22,FREIGHT,SEC-BKI-JP,2025-01-23,18:24:00,19:52:00,18:31:00,19:59:00,7,LOW
TRN-12024,Synthetic Corridor Freight 24,FREIGHT,SEC-NDLS-RE,2025-01-23,14:51:00,16:13:00,14:54:00,16:16:00,3,LOW
TRN-12024,Synthetic Corridor Freight 24,FREIGHT,SEC-RE-AWR,2025-01-23,16:25:00,17:43:00,16:28:00,17:47:00,4,LOW
TRN-12024,Synthetic Corridor Freight 24,FREIGHT,SEC-AWR-BKI,2025-01-23,17:55:00,19:06:00,17:59:00,19:11:00,5,LOW
TRN-12024,Synthetic Corridor Freight 24,FREIGHT,SEC-BKI-JP,2025-01-23,19:18:00,20:46:00,19:23:00,20:51:00,5,LOW
TRN-12001,Synthetic Corridor Express 01,EXPRESS,SEC-NDLS-RE,2025-01-24,04:30:00,05:22:00,04:30:00,05:22:00,0,HIGH
TRN-12001,Synthetic Corridor Express 01,EXPRESS,SEC-RE-AWR,2025-01-24,05:28:00,06:18:00,05:28:00,06:18:00,0,HIGH
TRN-12001,Synthetic Corridor Express 01,EXPRESS,SEC-AWR-BKI,2025-01-24,06:24:00,07:09:00,06:24:00,07:09:00,0,HIGH
TRN-12001,Synthetic Corridor Express 01,EXPRESS,SEC-BKI-JP,2025-01-24,07:15:00,08:10:00,07:15:00,08:10:00,0,HIGH
TRN-12002,Synthetic Corridor Express 02,EXPRESS,SEC-NDLS-RE,2025-01-24,04:57:00,05:49:00,05:02:00,05:54:00,5,HIGH
TRN-12002,Synthetic Corridor Express 02,EXPRESS,SEC-RE-AWR,2025-01-24,05:55:00,06:45:00,06:00:00,06:50:00,5,HIGH
TRN-12002,Synthetic Corridor Express 02,EXPRESS,SEC-AWR-BKI,2025-01-24,06:51:00,07:36:00,06:56:00,07:43:00,7,HIGH
TRN-12002,Synthetic Corridor Express 02,EXPRESS,SEC-BKI-JP,2025-01-24,07:42:00,08:37:00,07:49:00,08:44:00,7,HIGH
TRN-12003,Synthetic Corridor Express 03,EXPRESS,SEC-NDLS-RE,2025-01-24,05:24:00,06:16:00,05:25:00,06:19:00,3,HIGH
TRN-12003,Synthetic Corridor Express 03,EXPRESS,SEC-RE-AWR,2025-01-24,06:22:00,07:12:00,06:25:00,07:15:00,3,HIGH
TRN-12003,Synthetic Corridor Express 03,EXPRESS,SEC-AWR-BKI,2025-01-24,07:18:00,08:03:00,07:21:00,08:06:00,3,HIGH
TRN-12003,Synthetic Corridor Express 03,EXPRESS,SEC-BKI-JP,2025-01-24,08:09:00,09:04:00,08:12:00,09:07:00,3,HIGH
TRN-12005,Synthetic Corridor Express 05,EXPRESS,SEC-NDLS-RE,2025-01-24,06:18:00,07:10:00,06:18:00,07:10:00,0,HIGH
TRN-12005,Synthetic Corridor Express 05,EXPRESS,SEC-RE-AWR,2025-01-24,07:16:00,08:06:00,07:16:00,08:07:00,1,HIGH
TRN-12005,Synthetic Corridor Express 05,EXPRESS,SEC-AWR-BKI,2025-01-24,08:12:00,08:57:00,08:13:00,08:58:00,1,HIGH
TRN-12005,Synthetic Corridor Express 05,EXPRESS,SEC-BKI-JP,2025-01-24,09:03:00,09:58:00,09:04:00,09:59:00,1,HIGH
TRN-12006,Synthetic Corridor Express 06,EXPRESS,SEC-NDLS-RE,2025-01-24,06:45:00,07:37:00,06:47:00,07:40:00,3,HIGH
TRN-12006,Synthetic Corridor Express 06,EXPRESS,SEC-RE-AWR,2025-01-24,07:43:00,08:33:00,07:46:00,08:36:00,3,HIGH
TRN-12006,Synthetic Corridor Express 06,EXPRESS,SEC-AWR-BKI,2025-01-24,08:39:00,09:24:00,08:42:00,09:27:00,3,HIGH
TRN-12006,Synthetic Corridor Express 06,EXPRESS,SEC-BKI-JP,2025-01-24,09:30:00,10:25:00,09:34:00,10:30:00,5,HIGH
TRN-12007,Synthetic Corridor Express 07,EXPRESS,SEC-NDLS-RE,2025-01-24,07:12:00,08:04:00,07:17:00,08:09:00,5,HIGH
TRN-12007,Synthetic Corridor Express 07,EXPRESS,SEC-RE-AWR,2025-01-24,08:10:00,09:00:00,08:16:00,09:06:00,6,HIGH
TRN-12007,Synthetic Corridor Express 07,EXPRESS,SEC-AWR-BKI,2025-01-24,09:06:00,09:51:00,09:12:00,09:58:00,7,HIGH
TRN-12007,Synthetic Corridor Express 07,EXPRESS,SEC-BKI-JP,2025-01-24,09:57:00,10:52:00,10:05:00,11:00:00,8,HIGH
TRN-12009,Synthetic Corridor Express 09,EXPRESS,SEC-NDLS-RE,2025-01-24,08:06:00,08:58:00,08:09:00,09:01:00,3,HIGH
TRN-12009,Synthetic Corridor Express 09,EXPRESS,SEC-RE-AWR,2025-01-24,09:04:00,09:54:00,09:07:00,09:58:00,4,HIGH
TRN-12009,Synthetic Corridor Express 09,EXPRESS,SEC-AWR-BKI,2025-01-24,10:00:00,10:45:00,10:04:00,10:49:00,4,HIGH
TRN-12009,Synthetic Corridor Express 09,EXPRESS,SEC-BKI-JP,2025-01-24,10:51:00,11:46:00,10:55:00,11:50:00,4,HIGH
TRN-12010,Synthetic Corridor Express 10,EXPRESS,SEC-NDLS-RE,2025-01-24,08:33:00,09:25:00,08:35:00,09:27:00,2,HIGH
TRN-12010,Synthetic Corridor Express 10,EXPRESS,SEC-RE-AWR,2025-01-24,09:31:00,10:21:00,09:34:00,10:24:00,3,HIGH
TRN-12010,Synthetic Corridor Express 10,EXPRESS,SEC-AWR-BKI,2025-01-24,10:27:00,11:12:00,10:30:00,11:15:00,3,HIGH
TRN-12010,Synthetic Corridor Express 10,EXPRESS,SEC-BKI-JP,2025-01-24,11:18:00,12:13:00,11:21:00,12:16:00,3,HIGH
TRN-12011,Synthetic Corridor Passenger 11,PASSENGER,SEC-NDLS-RE,2025-01-24,09:00:00,10:02:00,09:04:00,10:08:00,6,MEDIUM
TRN-12011,Synthetic Corridor Passenger 11,PASSENGER,SEC-RE-AWR,2025-01-24,10:11:00,11:10:00,10:17:00,11:17:00,7,MEDIUM
TRN-12011,Synthetic Corridor Passenger 11,PASSENGER,SEC-AWR-BKI,2025-01-24,11:19:00,12:12:00,11:28:00,12:23:00,11,MEDIUM
TRN-12011,Synthetic Corridor Passenger 11,PASSENGER,SEC-BKI-JP,2025-01-24,12:21:00,13:27:00,12:33:00,13:40:00,13,MEDIUM
TRN-12012,Synthetic Corridor Passenger 12,PASSENGER,SEC-NDLS-RE,2025-01-24,09:27:00,10:29:00,09:32:00,10:34:00,5,MEDIUM
TRN-12012,Synthetic Corridor Passenger 12,PASSENGER,SEC-RE-AWR,2025-01-24,10:38:00,11:37:00,10:44:00,11:44:00,7,MEDIUM
TRN-12012,Synthetic Corridor Passenger 12,PASSENGER,SEC-AWR-BKI,2025-01-24,11:46:00,12:39:00,11:53:00,12:47:00,8,MEDIUM
TRN-12012,Synthetic Corridor Passenger 12,PASSENGER,SEC-BKI-JP,2025-01-24,12:48:00,13:54:00,12:57:00,14:03:00,9,MEDIUM
TRN-12013,Synthetic Corridor Passenger 13,PASSENGER,SEC-NDLS-RE,2025-01-24,09:54:00,10:56:00,09:58:00,11:00:00,4,MEDIUM
TRN-12013,Synthetic Corridor Passenger 13,PASSENGER,SEC-RE-AWR,2025-01-24,11:05:00,12:04:00,11:11:00,12:11:00,7,MEDIUM
TRN-12013,Synthetic Corridor Passenger 13,PASSENGER,SEC-AWR-BKI,2025-01-24,12:13:00,13:06:00,12:20:00,13:13:00,7,MEDIUM
TRN-12013,Synthetic Corridor Passenger 13,PASSENGER,SEC-BKI-JP,2025-01-24,13:15:00,14:21:00,13:23:00,14:29:00,8,MEDIUM
TRN-12014,Synthetic Corridor Passenger 14,PASSENGER,SEC-NDLS-RE,2025-01-24,10:21:00,11:23:00,10:23:00,11:26:00,3,MEDIUM
TRN-12014,Synthetic Corridor Passenger 14,PASSENGER,SEC-RE-AWR,2025-01-24,11:32:00,12:31:00,11:35:00,12:35:00,4,MEDIUM
TRN-12014,Synthetic Corridor Passenger 14,PASSENGER,SEC-AWR-BKI,2025-01-24,12:40:00,13:33:00,12:44:00,13:40:00,7,MEDIUM
TRN-12014,Synthetic Corridor Passenger 14,PASSENGER,SEC-BKI-JP,2025-01-24,13:42:00,14:48:00,13:50:00,14:57:00,9,MEDIUM
TRN-12015,Synthetic Corridor Passenger 15,PASSENGER,SEC-NDLS-RE,2025-01-24,10:48:00,11:50:00,10:52:00,11:54:00,4,MEDIUM
TRN-12015,Synthetic Corridor Passenger 15,PASSENGER,SEC-RE-AWR,2025-01-24,11:59:00,12:58:00,12:03:00,13:03:00,5,MEDIUM
TRN-12015,Synthetic Corridor Passenger 15,PASSENGER,SEC-AWR-BKI,2025-01-24,13:07:00,14:00:00,13:12:00,14:05:00,5,MEDIUM
TRN-12015,Synthetic Corridor Passenger 15,PASSENGER,SEC-BKI-JP,2025-01-24,14:09:00,15:15:00,14:14:00,15:21:00,6,MEDIUM
TRN-12016,Synthetic Corridor Passenger 16,PASSENGER,SEC-NDLS-RE,2025-01-24,11:15:00,12:17:00,11:17:00,12:19:00,2,MEDIUM
TRN-12016,Synthetic Corridor Passenger 16,PASSENGER,SEC-RE-AWR,2025-01-24,12:26:00,13:25:00,12:29:00,13:31:00,6,MEDIUM
TRN-12016,Synthetic Corridor Passenger 16,PASSENGER,SEC-AWR-BKI,2025-01-24,13:34:00,14:27:00,13:40:00,14:34:00,7,MEDIUM
TRN-12016,Synthetic Corridor Passenger 16,PASSENGER,SEC-BKI-JP,2025-01-24,14:36:00,15:42:00,14:44:00,15:51:00,9,MEDIUM
TRN-12017,Synthetic Corridor Passenger 17,PASSENGER,SEC-NDLS-RE,2025-01-24,11:42:00,12:44:00,11:45:00,12:47:00,3,MEDIUM
TRN-12017,Synthetic Corridor Passenger 17,PASSENGER,SEC-RE-AWR,2025-01-24,12:53:00,13:52:00,12:56:00,13:56:00,4,MEDIUM
TRN-12017,Synthetic Corridor Passenger 17,PASSENGER,SEC-AWR-BKI,2025-01-24,14:01:00,14:54:00,14:05:00,14:59:00,5,MEDIUM
TRN-12017,Synthetic Corridor Passenger 17,PASSENGER,SEC-BKI-JP,2025-01-24,15:03:00,16:09:00,15:08:00,16:14:00,5,MEDIUM
TRN-12018,Synthetic Corridor Passenger 18,PASSENGER,SEC-NDLS-RE,2025-01-24,12:09:00,13:11:00,12:14:00,13:16:00,5,MEDIUM
TRN-12018,Synthetic Corridor Passenger 18,PASSENGER,SEC-RE-AWR,2025-01-24,13:20:00,14:19:00,13:25:00,14:25:00,6,MEDIUM
TRN-12018,Synthetic Corridor Passenger 18,PASSENGER,SEC-AWR-BKI,2025-01-24,14:28:00,15:21:00,14:34:00,15:27:00,6,MEDIUM
TRN-12018,Synthetic Corridor Passenger 18,PASSENGER,SEC-BKI-JP,2025-01-24,15:30:00,16:36:00,15:36:00,16:42:00,6,MEDIUM
TRN-12019,Synthetic Corridor Freight 19,FREIGHT,SEC-NDLS-RE,2025-01-24,12:36:00,13:58:00,12:41:00,14:04:00,6,LOW
TRN-12019,Synthetic Corridor Freight 19,FREIGHT,SEC-RE-AWR,2025-01-24,14:10:00,15:28:00,14:16:00,15:34:00,6,LOW
TRN-12019,Synthetic Corridor Freight 19,FREIGHT,SEC-AWR-BKI,2025-01-24,15:40:00,16:51:00,15:46:00,16:59:00,8,LOW
TRN-12019,Synthetic Corridor Freight 19,FREIGHT,SEC-BKI-JP,2025-01-24,17:03:00,18:31:00,17:11:00,18:40:00,9,LOW
TRN-12021,Synthetic Corridor Freight 21,FREIGHT,SEC-NDLS-RE,2025-01-24,13:30:00,14:52:00,13:32:00,14:54:00,2,LOW
TRN-12021,Synthetic Corridor Freight 21,FREIGHT,SEC-RE-AWR,2025-01-24,15:04:00,16:22:00,15:07:00,16:26:00,4,LOW
TRN-12021,Synthetic Corridor Freight 21,FREIGHT,SEC-AWR-BKI,2025-01-24,16:34:00,17:45:00,16:38:00,17:51:00,6,LOW
TRN-12021,Synthetic Corridor Freight 21,FREIGHT,SEC-BKI-JP,2025-01-24,17:57:00,19:25:00,18:03:00,19:33:00,8,LOW
TRN-12022,Synthetic Corridor Freight 22,FREIGHT,SEC-NDLS-RE,2025-01-24,13:57:00,15:19:00,14:00:00,15:23:00,4,LOW
TRN-12022,Synthetic Corridor Freight 22,FREIGHT,SEC-RE-AWR,2025-01-24,15:31:00,16:49:00,15:35:00,16:54:00,5,LOW
TRN-12022,Synthetic Corridor Freight 22,FREIGHT,SEC-AWR-BKI,2025-01-24,17:01:00,18:12:00,17:06:00,18:17:00,5,LOW
TRN-12022,Synthetic Corridor Freight 22,FREIGHT,SEC-BKI-JP,2025-01-24,18:24:00,19:52:00,18:30:00,20:00:00,8,LOW
TRN-12023,Synthetic Corridor Freight 23,FREIGHT,SEC-NDLS-RE,2025-01-24,14:24:00,15:46:00,14:29:00,15:51:00,5,LOW
TRN-12023,Synthetic Corridor Freight 23,FREIGHT,SEC-RE-AWR,2025-01-24,15:58:00,17:16:00,16:03:00,17:21:00,5,LOW
TRN-12023,Synthetic Corridor Freight 23,FREIGHT,SEC-AWR-BKI,2025-01-24,17:28:00,18:39:00,17:33:00,18:44:00,5,LOW
TRN-12023,Synthetic Corridor Freight 23,FREIGHT,SEC-BKI-JP,2025-01-24,18:51:00,20:19:00,18:56:00,20:24:00,5,LOW
TRN-12001,Synthetic Corridor Express 01,EXPRESS,SEC-NDLS-RE,2025-01-25,04:30:00,05:22:00,04:32:00,05:24:00,2,HIGH
TRN-12001,Synthetic Corridor Express 01,EXPRESS,SEC-RE-AWR,2025-01-25,05:28:00,06:18:00,05:30:00,06:21:00,3,HIGH
TRN-12001,Synthetic Corridor Express 01,EXPRESS,SEC-AWR-BKI,2025-01-25,06:24:00,07:09:00,06:27:00,07:13:00,4,HIGH
TRN-12001,Synthetic Corridor Express 01,EXPRESS,SEC-BKI-JP,2025-01-25,07:15:00,08:10:00,07:19:00,08:15:00,5,HIGH
TRN-12004,Synthetic Corridor Express 04,EXPRESS,SEC-NDLS-RE,2025-01-25,05:51:00,06:43:00,05:54:00,06:46:00,3,HIGH
TRN-12004,Synthetic Corridor Express 04,EXPRESS,SEC-RE-AWR,2025-01-25,06:49:00,07:39:00,06:52:00,07:44:00,5,HIGH
TRN-12004,Synthetic Corridor Express 04,EXPRESS,SEC-AWR-BKI,2025-01-25,07:45:00,08:30:00,07:50:00,08:36:00,6,HIGH
TRN-12004,Synthetic Corridor Express 04,EXPRESS,SEC-BKI-JP,2025-01-25,08:36:00,09:31:00,08:42:00,09:37:00,6,HIGH
TRN-12005,Synthetic Corridor Express 05,EXPRESS,SEC-NDLS-RE,2025-01-25,06:18:00,07:10:00,06:20:00,07:12:00,2,HIGH
TRN-12005,Synthetic Corridor Express 05,EXPRESS,SEC-RE-AWR,2025-01-25,07:16:00,08:06:00,07:18:00,08:09:00,3,HIGH
TRN-12005,Synthetic Corridor Express 05,EXPRESS,SEC-AWR-BKI,2025-01-25,08:12:00,08:57:00,08:15:00,09:02:00,5,HIGH
TRN-12005,Synthetic Corridor Express 05,EXPRESS,SEC-BKI-JP,2025-01-25,09:03:00,09:58:00,09:08:00,10:04:00,6,HIGH
TRN-12008,Synthetic Corridor Express 08,EXPRESS,SEC-NDLS-RE,2025-01-25,07:39:00,08:31:00,07:42:00,08:35:00,4,HIGH
TRN-12008,Synthetic Corridor Express 08,EXPRESS,SEC-RE-AWR,2025-01-25,08:37:00,09:27:00,08:41:00,09:31:00,4,HIGH
TRN-12008,Synthetic Corridor Express 08,EXPRESS,SEC-AWR-BKI,2025-01-25,09:33:00,10:18:00,09:38:00,10:23:00,5,HIGH
TRN-12008,Synthetic Corridor Express 08,EXPRESS,SEC-BKI-JP,2025-01-25,10:24:00,11:19:00,10:29:00,11:24:00,5,HIGH
TRN-12009,Synthetic Corridor Express 09,EXPRESS,SEC-NDLS-RE,2025-01-25,08:06:00,08:58:00,08:07:00,08:59:00,1,HIGH
TRN-12009,Synthetic Corridor Express 09,EXPRESS,SEC-RE-AWR,2025-01-25,09:04:00,09:54:00,09:06:00,09:56:00,2,HIGH
TRN-12009,Synthetic Corridor Express 09,EXPRESS,SEC-AWR-BKI,2025-01-25,10:00:00,10:45:00,10:02:00,10:47:00,2,HIGH
TRN-12009,Synthetic Corridor Express 09,EXPRESS,SEC-BKI-JP,2025-01-25,10:51:00,11:46:00,10:54:00,11:49:00,3,HIGH
TRN-12011,Synthetic Corridor Passenger 11,PASSENGER,SEC-NDLS-RE,2025-01-25,09:00:00,10:02:00,09:06:00,10:08:00,6,MEDIUM
TRN-12011,Synthetic Corridor Passenger 11,PASSENGER,SEC-RE-AWR,2025-01-25,10:11:00,11:10:00,10:17:00,11:17:00,7,MEDIUM
TRN-12011,Synthetic Corridor Passenger 11,PASSENGER,SEC-AWR-BKI,2025-01-25,11:19:00,12:12:00,11:26:00,12:19:00,7,MEDIUM
TRN-12011,Synthetic Corridor Passenger 11,PASSENGER,SEC-BKI-JP,2025-01-25,12:21:00,13:27:00,12:30:00,13:37:00,10,MEDIUM
TRN-12012,Synthetic Corridor Passenger 12,PASSENGER,SEC-NDLS-RE,2025-01-25,09:27:00,10:29:00,09:33:00,10:35:00,6,MEDIUM
TRN-12012,Synthetic Corridor Passenger 12,PASSENGER,SEC-RE-AWR,2025-01-25,10:38:00,11:37:00,10:46:00,11:47:00,10,MEDIUM
TRN-12012,Synthetic Corridor Passenger 12,PASSENGER,SEC-AWR-BKI,2025-01-25,11:46:00,12:39:00,11:57:00,12:51:00,12,MEDIUM
TRN-12012,Synthetic Corridor Passenger 12,PASSENGER,SEC-BKI-JP,2025-01-25,12:48:00,13:54:00,13:00:00,14:07:00,13,MEDIUM
TRN-12013,Synthetic Corridor Passenger 13,PASSENGER,SEC-NDLS-RE,2025-01-25,09:54:00,10:56:00,09:57:00,10:59:00,3,MEDIUM
TRN-12013,Synthetic Corridor Passenger 13,PASSENGER,SEC-RE-AWR,2025-01-25,11:05:00,12:04:00,11:08:00,12:08:00,4,MEDIUM
TRN-12013,Synthetic Corridor Passenger 13,PASSENGER,SEC-AWR-BKI,2025-01-25,12:13:00,13:06:00,12:17:00,13:10:00,4,MEDIUM
TRN-12013,Synthetic Corridor Passenger 13,PASSENGER,SEC-BKI-JP,2025-01-25,13:15:00,14:21:00,13:19:00,14:25:00,4,MEDIUM
TRN-12014,Synthetic Corridor Passenger 14,PASSENGER,SEC-NDLS-RE,2025-01-25,10:21:00,11:23:00,10:23:00,11:25:00,2,MEDIUM
TRN-12014,Synthetic Corridor Passenger 14,PASSENGER,SEC-RE-AWR,2025-01-25,11:32:00,12:31:00,11:34:00,12:33:00,2,MEDIUM
TRN-12014,Synthetic Corridor Passenger 14,PASSENGER,SEC-AWR-BKI,2025-01-25,12:40:00,13:33:00,12:42:00,13:35:00,2,MEDIUM
TRN-12014,Synthetic Corridor Passenger 14,PASSENGER,SEC-BKI-JP,2025-01-25,13:42:00,14:48:00,13:44:00,14:50:00,2,MEDIUM
TRN-12015,Synthetic Corridor Passenger 15,PASSENGER,SEC-NDLS-RE,2025-01-25,10:48:00,11:50:00,10:52:00,11:54:00,4,MEDIUM
TRN-12015,Synthetic Corridor Passenger 15,PASSENGER,SEC-RE-AWR,2025-01-25,11:59:00,12:58:00,12:03:00,13:02:00,4,MEDIUM
TRN-12015,Synthetic Corridor Passenger 15,PASSENGER,SEC-AWR-BKI,2025-01-25,13:07:00,14:00:00,13:11:00,14:04:00,4,MEDIUM
TRN-12015,Synthetic Corridor Passenger 15,PASSENGER,SEC-BKI-JP,2025-01-25,14:09:00,15:15:00,14:14:00,15:22:00,7,MEDIUM
TRN-12016,Synthetic Corridor Passenger 16,PASSENGER,SEC-NDLS-RE,2025-01-25,11:15:00,12:17:00,11:19:00,12:21:00,4,MEDIUM
TRN-12016,Synthetic Corridor Passenger 16,PASSENGER,SEC-RE-AWR,2025-01-25,12:26:00,13:25:00,12:30:00,13:29:00,4,MEDIUM
TRN-12016,Synthetic Corridor Passenger 16,PASSENGER,SEC-AWR-BKI,2025-01-25,13:34:00,14:27:00,13:38:00,14:32:00,5,MEDIUM
TRN-12016,Synthetic Corridor Passenger 16,PASSENGER,SEC-BKI-JP,2025-01-25,14:36:00,15:42:00,14:41:00,15:47:00,5,MEDIUM
TRN-12017,Synthetic Corridor Passenger 17,PASSENGER,SEC-NDLS-RE,2025-01-25,11:42:00,12:44:00,11:44:00,12:47:00,3,MEDIUM
TRN-12017,Synthetic Corridor Passenger 17,PASSENGER,SEC-RE-AWR,2025-01-25,12:53:00,13:52:00,12:56:00,13:56:00,4,MEDIUM
TRN-12017,Synthetic Corridor Passenger 17,PASSENGER,SEC-AWR-BKI,2025-01-25,14:01:00,14:54:00,14:05:00,15:00:00,6,MEDIUM
TRN-12017,Synthetic Corridor Passenger 17,PASSENGER,SEC-BKI-JP,2025-01-25,15:03:00,16:09:00,15:09:00,16:15:00,6,MEDIUM
TRN-12018,Synthetic Corridor Passenger 18,PASSENGER,SEC-NDLS-RE,2025-01-25,12:09:00,13:11:00,12:12:00,13:14:00,3,MEDIUM
TRN-12018,Synthetic Corridor Passenger 18,PASSENGER,SEC-RE-AWR,2025-01-25,13:20:00,14:19:00,13:23:00,14:22:00,3,MEDIUM
TRN-12018,Synthetic Corridor Passenger 18,PASSENGER,SEC-AWR-BKI,2025-01-25,14:28:00,15:21:00,14:31:00,15:25:00,4,MEDIUM
TRN-12018,Synthetic Corridor Passenger 18,PASSENGER,SEC-BKI-JP,2025-01-25,15:30:00,16:36:00,15:34:00,16:41:00,5,MEDIUM
TRN-12020,Synthetic Corridor Freight 20,FREIGHT,SEC-NDLS-RE,2025-01-25,13:03:00,14:25:00,13:07:00,14:29:00,4,LOW
TRN-12020,Synthetic Corridor Freight 20,FREIGHT,SEC-RE-AWR,2025-01-25,14:37:00,15:55:00,14:42:00,16:02:00,7,LOW
TRN-12020,Synthetic Corridor Freight 20,FREIGHT,SEC-AWR-BKI,2025-01-25,16:07:00,17:18:00,16:14:00,17:27:00,9,LOW
TRN-12020,Synthetic Corridor Freight 20,FREIGHT,SEC-BKI-JP,2025-01-25,17:30:00,18:58:00,17:39:00,19:07:00,9,LOW
TRN-12021,Synthetic Corridor Freight 21,FREIGHT,SEC-NDLS-RE,2025-01-25,13:30:00,14:52:00,13:36:00,15:01:00,9,LOW
TRN-12021,Synthetic Corridor Freight 21,FREIGHT,SEC-RE-AWR,2025-01-25,15:04:00,16:22:00,15:14:00,16:33:00,11,LOW
TRN-12021,Synthetic Corridor Freight 21,FREIGHT,SEC-AWR-BKI,2025-01-25,16:34:00,17:45:00,16:45:00,17:56:00,11,LOW
TRN-12021,Synthetic Corridor Freight 21,FREIGHT,SEC-BKI-JP,2025-01-25,17:57:00,19:25:00,18:08:00,19:36:00,11,LOW
TRN-12024,Synthetic Corridor Freight 24,FREIGHT,SEC-NDLS-RE,2025-01-25,14:51:00,16:13:00,14:53:00,16:17:00,4,LOW
TRN-12024,Synthetic Corridor Freight 24,FREIGHT,SEC-RE-AWR,2025-01-25,16:25:00,17:43:00,16:30:00,17:54:00,11,LOW
TRN-12024,Synthetic Corridor Freight 24,FREIGHT,SEC-AWR-BKI,2025-01-25,17:55:00,19:06:00,18:07:00,19:20:00,14,LOW
TRN-12024,Synthetic Corridor Freight 24,FREIGHT,SEC-BKI-JP,2025-01-25,19:18:00,20:46:00,19:32:00,21:03:00,17,LOW
TRN-12001,Synthetic Corridor Express 01,EXPRESS,SEC-NDLS-RE,2025-01-26,04:30:00,05:22:00,04:32:00,05:25:00,3,HIGH
TRN-12001,Synthetic Corridor Express 01,EXPRESS,SEC-RE-AWR,2025-01-26,05:28:00,06:18:00,05:31:00,06:21:00,3,HIGH
TRN-12001,Synthetic Corridor Express 01,EXPRESS,SEC-AWR-BKI,2025-01-26,06:24:00,07:09:00,06:27:00,07:12:00,3,HIGH
TRN-12001,Synthetic Corridor Express 01,EXPRESS,SEC-BKI-JP,2025-01-26,07:15:00,08:10:00,07:18:00,08:13:00,3,HIGH
TRN-12003,Synthetic Corridor Express 03,EXPRESS,SEC-NDLS-RE,2025-01-26,05:24:00,06:16:00,05:25:00,06:18:00,2,HIGH
TRN-12003,Synthetic Corridor Express 03,EXPRESS,SEC-RE-AWR,2025-01-26,06:22:00,07:12:00,06:24:00,07:14:00,2,HIGH
TRN-12003,Synthetic Corridor Express 03,EXPRESS,SEC-AWR-BKI,2025-01-26,07:18:00,08:03:00,07:20:00,08:06:00,3,HIGH
TRN-12003,Synthetic Corridor Express 03,EXPRESS,SEC-BKI-JP,2025-01-26,08:09:00,09:04:00,08:13:00,09:10:00,6,HIGH
TRN-12005,Synthetic Corridor Express 05,EXPRESS,SEC-NDLS-RE,2025-01-26,06:18:00,07:10:00,06:19:00,07:11:00,1,HIGH
TRN-12005,Synthetic Corridor Express 05,EXPRESS,SEC-RE-AWR,2025-01-26,07:16:00,08:06:00,07:17:00,08:07:00,1,HIGH
TRN-12005,Synthetic Corridor Express 05,EXPRESS,SEC-AWR-BKI,2025-01-26,08:12:00,08:57:00,08:15:00,09:00:00,3,HIGH
TRN-12005,Synthetic Corridor Express 05,EXPRESS,SEC-BKI-JP,2025-01-26,09:03:00,09:58:00,09:06:00,10:01:00,3,HIGH
TRN-12007,Synthetic Corridor Express 07,EXPRESS,SEC-NDLS-RE,2025-01-26,07:12:00,08:04:00,07:15:00,08:07:00,3,HIGH
TRN-12007,Synthetic Corridor Express 07,EXPRESS,SEC-RE-AWR,2025-01-26,08:10:00,09:00:00,08:13:00,09:03:00,3,HIGH
TRN-12007,Synthetic Corridor Express 07,EXPRESS,SEC-AWR-BKI,2025-01-26,09:06:00,09:51:00,09:10:00,09:56:00,5,HIGH
TRN-12007,Synthetic Corridor Express 07,EXPRESS,SEC-BKI-JP,2025-01-26,09:57:00,10:52:00,10:03:00,10:58:00,6,HIGH
TRN-12009,Synthetic Corridor Express 09,EXPRESS,SEC-NDLS-RE,2025-01-26,08:06:00,08:58:00,08:12:00,09:04:00,6,HIGH
TRN-12009,Synthetic Corridor Express 09,EXPRESS,SEC-RE-AWR,2025-01-26,09:04:00,09:54:00,09:10:00,10:00:00,6,HIGH
TRN-12009,Synthetic Corridor Express 09,EXPRESS,SEC-AWR-BKI,2025-01-26,10:00:00,10:45:00,10:06:00,10:51:00,6,HIGH
TRN-12009,Synthetic Corridor Express 09,EXPRESS,SEC-BKI-JP,2025-01-26,10:51:00,11:46:00,10:58:00,11:54:00,8,HIGH
TRN-12011,Synthetic Corridor Passenger 11,PASSENGER,SEC-NDLS-RE,2025-01-26,09:00:00,10:02:00,09:03:00,10:05:00,3,MEDIUM
TRN-12011,Synthetic Corridor Passenger 11,PASSENGER,SEC-RE-AWR,2025-01-26,10:11:00,11:10:00,10:14:00,11:13:00,3,MEDIUM
TRN-12011,Synthetic Corridor Passenger 11,PASSENGER,SEC-AWR-BKI,2025-01-26,11:19:00,12:12:00,11:22:00,12:15:00,3,MEDIUM
TRN-12011,Synthetic Corridor Passenger 11,PASSENGER,SEC-BKI-JP,2025-01-26,12:21:00,13:27:00,12:26:00,13:33:00,6,MEDIUM
TRN-12012,Synthetic Corridor Passenger 12,PASSENGER,SEC-NDLS-RE,2025-01-26,09:27:00,10:29:00,09:32:00,10:35:00,6,MEDIUM
TRN-12012,Synthetic Corridor Passenger 12,PASSENGER,SEC-RE-AWR,2025-01-26,10:38:00,11:37:00,10:44:00,11:43:00,6,MEDIUM
TRN-12012,Synthetic Corridor Passenger 12,PASSENGER,SEC-AWR-BKI,2025-01-26,11:46:00,12:39:00,11:52:00,12:45:00,6,MEDIUM
TRN-12012,Synthetic Corridor Passenger 12,PASSENGER,SEC-BKI-JP,2025-01-26,12:48:00,13:54:00,12:56:00,14:03:00,9,MEDIUM
TRN-12013,Synthetic Corridor Passenger 13,PASSENGER,SEC-NDLS-RE,2025-01-26,09:54:00,10:56:00,10:00:00,11:03:00,7,MEDIUM
TRN-12013,Synthetic Corridor Passenger 13,PASSENGER,SEC-RE-AWR,2025-01-26,11:05:00,12:04:00,11:12:00,12:14:00,10,MEDIUM
TRN-12013,Synthetic Corridor Passenger 13,PASSENGER,SEC-AWR-BKI,2025-01-26,12:13:00,13:06:00,12:23:00,13:16:00,10,MEDIUM
TRN-12013,Synthetic Corridor Passenger 13,PASSENGER,SEC-BKI-JP,2025-01-26,13:15:00,14:21:00,13:26:00,14:32:00,11,MEDIUM
TRN-12014,Synthetic Corridor Passenger 14,PASSENGER,SEC-NDLS-RE,2025-01-26,10:21:00,11:23:00,10:22:00,11:25:00,2,MEDIUM
TRN-12014,Synthetic Corridor Passenger 14,PASSENGER,SEC-RE-AWR,2025-01-26,11:32:00,12:31:00,11:34:00,12:34:00,3,MEDIUM
TRN-12014,Synthetic Corridor Passenger 14,PASSENGER,SEC-AWR-BKI,2025-01-26,12:40:00,13:33:00,12:43:00,13:36:00,3,MEDIUM
TRN-12014,Synthetic Corridor Passenger 14,PASSENGER,SEC-BKI-JP,2025-01-26,13:42:00,14:48:00,13:45:00,14:51:00,3,MEDIUM
TRN-12015,Synthetic Corridor Passenger 15,PASSENGER,SEC-NDLS-RE,2025-01-26,10:48:00,11:50:00,10:53:00,11:56:00,6,MEDIUM
TRN-12015,Synthetic Corridor Passenger 15,PASSENGER,SEC-RE-AWR,2025-01-26,11:59:00,12:58:00,12:05:00,13:05:00,7,MEDIUM
TRN-12015,Synthetic Corridor Passenger 15,PASSENGER,SEC-AWR-BKI,2025-01-26,13:07:00,14:00:00,13:14:00,14:07:00,7,MEDIUM
TRN-12015,Synthetic Corridor Passenger 15,PASSENGER,SEC-BKI-JP,2025-01-26,14:09:00,15:15:00,14:16:00,15:22:00,7,MEDIUM
TRN-12016,Synthetic Corridor Passenger 16,PASSENGER,SEC-NDLS-RE,2025-01-26,11:15:00,12:17:00,11:20:00,12:22:00,5,MEDIUM
TRN-12016,Synthetic Corridor Passenger 16,PASSENGER,SEC-RE-AWR,2025-01-26,12:26:00,13:25:00,12:31:00,13:30:00,5,MEDIUM
TRN-12016,Synthetic Corridor Passenger 16,PASSENGER,SEC-AWR-BKI,2025-01-26,13:34:00,14:27:00,13:40:00,14:34:00,7,MEDIUM
TRN-12016,Synthetic Corridor Passenger 16,PASSENGER,SEC-BKI-JP,2025-01-26,14:36:00,15:42:00,14:43:00,15:50:00,8,MEDIUM
TRN-12017,Synthetic Corridor Passenger 17,PASSENGER,SEC-NDLS-RE,2025-01-26,11:42:00,12:44:00,11:46:00,12:48:00,4,MEDIUM
TRN-12017,Synthetic Corridor Passenger 17,PASSENGER,SEC-RE-AWR,2025-01-26,12:53:00,13:52:00,12:58:00,13:57:00,5,MEDIUM
TRN-12017,Synthetic Corridor Passenger 17,PASSENGER,SEC-AWR-BKI,2025-01-26,14:01:00,14:54:00,14:06:00,14:59:00,5,MEDIUM
TRN-12017,Synthetic Corridor Passenger 17,PASSENGER,SEC-BKI-JP,2025-01-26,15:03:00,16:09:00,15:09:00,16:15:00,6,MEDIUM
TRN-12018,Synthetic Corridor Passenger 18,PASSENGER,SEC-NDLS-RE,2025-01-26,12:09:00,13:11:00,12:14:00,13:16:00,5,MEDIUM
TRN-12018,Synthetic Corridor Passenger 18,PASSENGER,SEC-RE-AWR,2025-01-26,13:20:00,14:19:00,13:25:00,14:24:00,5,MEDIUM
TRN-12018,Synthetic Corridor Passenger 18,PASSENGER,SEC-AWR-BKI,2025-01-26,14:28:00,15:21:00,14:33:00,15:27:00,6,MEDIUM
TRN-12018,Synthetic Corridor Passenger 18,PASSENGER,SEC-BKI-JP,2025-01-26,15:30:00,16:36:00,15:36:00,16:44:00,8,MEDIUM
TRN-12019,Synthetic Corridor Freight 19,FREIGHT,SEC-NDLS-RE,2025-01-26,12:36:00,13:58:00,12:45:00,14:08:00,10,LOW
TRN-12019,Synthetic Corridor Freight 19,FREIGHT,SEC-RE-AWR,2025-01-26,14:10:00,15:28:00,14:20:00,15:39:00,11,LOW
TRN-12019,Synthetic Corridor Freight 19,FREIGHT,SEC-AWR-BKI,2025-01-26,15:40:00,16:51:00,15:51:00,17:02:00,11,LOW
TRN-12019,Synthetic Corridor Freight 19,FREIGHT,SEC-BKI-JP,2025-01-26,17:03:00,18:31:00,17:15:00,18:44:00,13,LOW
TRN-12021,Synthetic Corridor Freight 21,FREIGHT,SEC-NDLS-RE,2025-01-26,13:30:00,14:52:00,13:34:00,14:56:00,4,LOW
TRN-12021,Synthetic Corridor Freight 21,FREIGHT,SEC-RE-AWR,2025-01-26,15:04:00,16:22:00,15:08:00,16:26:00,4,LOW
TRN-12021,Synthetic Corridor Freight 21,FREIGHT,SEC-AWR-BKI,2025-01-26,16:34:00,17:45:00,16:38:00,17:49:00,4,LOW
TRN-12021,Synthetic Corridor Freight 21,FREIGHT,SEC-BKI-JP,2025-01-26,17:57:00,19:25:00,18:01:00,19:29:00,4,LOW
TRN-12023,Synthetic Corridor Freight 23,FREIGHT,SEC-NDLS-RE,2025-01-26,14:24:00,15:46:00,14:27:00,15:51:00,5,LOW
TRN-12023,Synthetic Corridor Freight 23,FREIGHT,SEC-RE-AWR,2025-01-26,15:58:00,17:16:00,16:04:00,17:24:00,8,LOW
TRN-12023,Synthetic Corridor Freight 23,FREIGHT,SEC-AWR-BKI,2025-01-26,17:28:00,18:39:00,17:37:00,18:49:00,10,LOW
TRN-12023,Synthetic Corridor Freight 23,FREIGHT,SEC-BKI-JP,2025-01-26,18:51:00,20:19:00,19:01:00,20:29:00,10,LOW
TRN-12001,Synthetic Corridor Express 01,EXPRESS,SEC-NDLS-RE,2025-01-27,04:30:00,05:22:00,04:40:00,05:34:00,12,HIGH
TRN-12001,Synthetic Corridor Express 01,EXPRESS,SEC-RE-AWR,2025-01-27,05:28:00,06:18:00,05:41:00,06:32:00,14,HIGH
TRN-12001,Synthetic Corridor Express 01,EXPRESS,SEC-AWR-BKI,2025-01-27,06:24:00,07:09:00,06:38:00,07:23:00,14,HIGH
TRN-12001,Synthetic Corridor Express 01,EXPRESS,SEC-BKI-JP,2025-01-27,07:15:00,08:10:00,07:29:00,08:27:00,17,HIGH
TRN-12002,Synthetic Corridor Express 02,EXPRESS,SEC-NDLS-RE,2025-01-27,04:57:00,05:49:00,05:05:00,06:01:00,12,HIGH
TRN-12002,Synthetic Corridor Express 02,EXPRESS,SEC-RE-AWR,2025-01-27,05:55:00,06:45:00,06:09:00,07:03:00,18,HIGH
TRN-12002,Synthetic Corridor Express 02,EXPRESS,SEC-AWR-BKI,2025-01-27,06:51:00,07:36:00,07:10:00,07:57:00,21,HIGH
TRN-12002,Synthetic Corridor Express 02,EXPRESS,SEC-BKI-JP,2025-01-27,07:42:00,08:37:00,08:06:00,09:06:00,29,HIGH
TRN-12003,Synthetic Corridor Express 03,EXPRESS,SEC-NDLS-RE,2025-01-27,05:24:00,06:16:00,05:31:00,06:26:00,10,HIGH
TRN-12003,Synthetic Corridor Express 03,EXPRESS,SEC-RE-AWR,2025-01-27,06:22:00,07:12:00,06:32:00,07:25:00,13,HIGH
TRN-12003,Synthetic Corridor Express 03,EXPRESS,SEC-AWR-BKI,2025-01-27,07:18:00,08:03:00,07:31:00,08:19:00,16,HIGH
TRN-12003,Synthetic Corridor Express 03,EXPRESS,SEC-BKI-JP,2025-01-27,08:09:00,09:04:00,08:25:00,09:22:00,18,HIGH
TRN-12005,Synthetic Corridor Express 05,EXPRESS,SEC-NDLS-RE,2025-01-27,06:18:00,07:10:00,06:28:00,07:23:00,13,HIGH
TRN-12005,Synthetic Corridor Express 05,EXPRESS,SEC-RE-AWR,2025-01-27,07:16:00,08:06:00,07:29:00,08:20:00,14,HIGH
TRN-12005,Synthetic Corridor Express 05,EXPRESS,SEC-AWR-BKI,2025-01-27,08:12:00,08:57:00,08:27:00,09:15:00,18,HIGH
TRN-12005,Synthetic Corridor Express 05,EXPRESS,SEC-BKI-JP,2025-01-27,09:03:00,09:58:00,09:23:00,10:19:00,21,HIGH
TRN-12006,Synthetic Corridor Express 06,EXPRESS,SEC-NDLS-RE,2025-01-27,06:45:00,07:37:00,06:58:00,07:52:00,15,HIGH
TRN-12006,Synthetic Corridor Express 06,EXPRESS,SEC-RE-AWR,2025-01-27,07:43:00,08:33:00,07:59:00,08:52:00,19,HIGH
TRN-12006,Synthetic Corridor Express 06,EXPRESS,SEC-AWR-BKI,2025-01-27,08:39:00,09:24:00,09:00:00,09:48:00,24,HIGH
TRN-12006,Synthetic Corridor Express 06,EXPRESS,SEC-BKI-JP,2025-01-27,09:30:00,10:25:00,09:54:00,10:50:00,25,HIGH
TRN-12007,Synthetic Corridor Express 07,EXPRESS,SEC-NDLS-RE,2025-01-27,07:12:00,08:04:00,07:20:00,08:13:00,9,HIGH
TRN-12007,Synthetic Corridor Express 07,EXPRESS,SEC-RE-AWR,2025-01-27,08:10:00,09:00:00,08:23:00,09:13:00,13,HIGH
TRN-12007,Synthetic Corridor Express 07,EXPRESS,SEC-AWR-BKI,2025-01-27,09:06:00,09:51:00,09:22:00,10:10:00,19,HIGH
TRN-12007,Synthetic Corridor Express 07,EXPRESS,SEC-BKI-JP,2025-01-27,09:57:00,10:52:00,10:18:00,11:13:00,21,HIGH
TRN-12009,Synthetic Corridor Express 09,EXPRESS,SEC-NDLS-RE,2025-01-27,08:06:00,08:58:00,08:14:00,09:09:00,11,HIGH
TRN-12009,Synthetic Corridor Express 09,EXPRESS,SEC-RE-AWR,2025-01-27,09:04:00,09:54:00,09:17:00,10:11:00,17,HIGH
TRN-12009,Synthetic Corridor Express 09,EXPRESS,SEC-AWR-BKI,2025-01-27,10:00:00,10:45:00,10:19:00,11:07:00,22,HIGH
TRN-12009,Synthetic Corridor Express 09,EXPRESS,SEC-BKI-JP,2025-01-27,10:51:00,11:46:00,11:13:00,12:13:00,27,HIGH
TRN-12010,Synthetic Corridor Express 10,EXPRESS,SEC-NDLS-RE,2025-01-27,08:33:00,09:25:00,08:44:00,09:36:00,11,HIGH
TRN-12010,Synthetic Corridor Express 10,EXPRESS,SEC-RE-AWR,2025-01-27,09:31:00,10:21:00,09:43:00,10:38:00,17,HIGH
TRN-12010,Synthetic Corridor Express 10,EXPRESS,SEC-AWR-BKI,2025-01-27,10:27:00,11:12:00,10:45:00,11:33:00,21,HIGH
TRN-12010,Synthetic Corridor Express 10,EXPRESS,SEC-BKI-JP,2025-01-27,11:18:00,12:13:00,11:42:00,12:38:00,25,HIGH
TRN-12011,Synthetic Corridor Passenger 11,PASSENGER,SEC-NDLS-RE,2025-01-27,09:00:00,10:02:00,09:13:00,10:18:00,16,MEDIUM
TRN-12011,Synthetic Corridor Passenger 11,PASSENGER,SEC-RE-AWR,2025-01-27,10:11:00,11:10:00,10:27:00,11:31:00,21,MEDIUM
TRN-12011,Synthetic Corridor Passenger 11,PASSENGER,SEC-AWR-BKI,2025-01-27,11:19:00,12:12:00,11:41:00,12:38:00,26,MEDIUM
TRN-12011,Synthetic Corridor Passenger 11,PASSENGER,SEC-BKI-JP,2025-01-27,12:21:00,13:27:00,12:48:00,13:56:00,29,MEDIUM
TRN-12012,Synthetic Corridor Passenger 12,PASSENGER,SEC-NDLS-RE,2025-01-27,09:27:00,10:29:00,09:40:00,10:44:00,15,MEDIUM
TRN-12012,Synthetic Corridor Passenger 12,PASSENGER,SEC-RE-AWR,2025-01-27,10:38:00,11:37:00,10:53:00,11:54:00,17,MEDIUM
TRN-12012,Synthetic Corridor Passenger 12,PASSENGER,SEC-AWR-BKI,2025-01-27,11:46:00,12:39:00,12:05:00,13:02:00,23,MEDIUM
TRN-12012,Synthetic Corridor Passenger 12,PASSENGER,SEC-BKI-JP,2025-01-27,12:48:00,13:54:00,13:11:00,14:17:00,23,MEDIUM
TRN-12013,Synthetic Corridor Passenger 13,PASSENGER,SEC-NDLS-RE,2025-01-27,09:54:00,10:56:00,10:09:00,11:16:00,20,MEDIUM
TRN-12013,Synthetic Corridor Passenger 13,PASSENGER,SEC-RE-AWR,2025-01-27,11:05:00,12:04:00,11:27:00,12:32:00,28,MEDIUM
TRN-12013,Synthetic Corridor Passenger 13,PASSENGER,SEC-AWR-BKI,2025-01-27,12:13:00,13:06:00,12:42:00,13:39:00,33,MEDIUM
TRN-12013,Synthetic Corridor Passenger 13,PASSENGER,SEC-BKI-JP,2025-01-27,13:15:00,14:21:00,13:52:00,15:03:00,42,MEDIUM
TRN-12014,Synthetic Corridor Passenger 14,PASSENGER,SEC-NDLS-RE,2025-01-27,10:21:00,11:23:00,10:32:00,11:38:00,15,MEDIUM
TRN-12014,Synthetic Corridor Passenger 14,PASSENGER,SEC-RE-AWR,2025-01-27,11:32:00,12:31:00,11:51:00,12:55:00,24,MEDIUM
TRN-12014,Synthetic Corridor Passenger 14,PASSENGER,SEC-AWR-BKI,2025-01-27,12:40:00,13:33:00,13:05:00,14:01:00,28,MEDIUM
TRN-12014,Synthetic Corridor Passenger 14,PASSENGER,SEC-BKI-JP,2025-01-27,13:42:00,14:48:00,14:10:00,15:23:00,35,MEDIUM
TRN-12015,Synthetic Corridor Passenger 15,PASSENGER,SEC-NDLS-RE,2025-01-27,10:48:00,11:50:00,10:55:00,12:00:00,10,MEDIUM
TRN-12015,Synthetic Corridor Passenger 15,PASSENGER,SEC-RE-AWR,2025-01-27,11:59:00,12:58:00,12:11:00,13:13:00,15,MEDIUM
TRN-12015,Synthetic Corridor Passenger 15,PASSENGER,SEC-AWR-BKI,2025-01-27,13:07:00,14:00:00,13:25:00,14:21:00,21,MEDIUM
TRN-12015,Synthetic Corridor Passenger 15,PASSENGER,SEC-BKI-JP,2025-01-27,14:09:00,15:15:00,14:30:00,15:40:00,25,MEDIUM
TRN-12016,Synthetic Corridor Passenger 16,PASSENGER,SEC-NDLS-RE,2025-01-27,11:15:00,12:17:00,11:22:00,12:25:00,8,MEDIUM
TRN-12016,Synthetic Corridor Passenger 16,PASSENGER,SEC-RE-AWR,2025-01-27,12:26:00,13:25:00,12:35:00,13:37:00,12,MEDIUM
TRN-12016,Synthetic Corridor Passenger 16,PASSENGER,SEC-AWR-BKI,2025-01-27,13:34:00,14:27:00,13:47:00,14:40:00,13,MEDIUM
TRN-12016,Synthetic Corridor Passenger 16,PASSENGER,SEC-BKI-JP,2025-01-27,14:36:00,15:42:00,14:49:00,15:59:00,17,MEDIUM
TRN-12017,Synthetic Corridor Passenger 17,PASSENGER,SEC-NDLS-RE,2025-01-27,11:42:00,12:44:00,11:58:00,13:01:00,17,MEDIUM
TRN-12017,Synthetic Corridor Passenger 17,PASSENGER,SEC-RE-AWR,2025-01-27,12:53:00,13:52:00,13:11:00,14:13:00,21,MEDIUM
TRN-12017,Synthetic Corridor Passenger 17,PASSENGER,SEC-AWR-BKI,2025-01-27,14:01:00,14:54:00,14:24:00,15:19:00,25,MEDIUM
TRN-12017,Synthetic Corridor Passenger 17,PASSENGER,SEC-BKI-JP,2025-01-27,15:03:00,16:09:00,15:30:00,16:40:00,31,MEDIUM
TRN-12018,Synthetic Corridor Passenger 18,PASSENGER,SEC-NDLS-RE,2025-01-27,12:09:00,13:11:00,12:15:00,13:19:00,8,MEDIUM
TRN-12018,Synthetic Corridor Passenger 18,PASSENGER,SEC-RE-AWR,2025-01-27,13:20:00,14:19:00,13:29:00,14:33:00,14,MEDIUM
TRN-12018,Synthetic Corridor Passenger 18,PASSENGER,SEC-AWR-BKI,2025-01-27,14:28:00,15:21:00,14:43:00,15:39:00,18,MEDIUM
TRN-12018,Synthetic Corridor Passenger 18,PASSENGER,SEC-BKI-JP,2025-01-27,15:30:00,16:36:00,15:49:00,16:59:00,23,MEDIUM
TRN-12019,Synthetic Corridor Freight 19,FREIGHT,SEC-NDLS-RE,2025-01-27,12:36:00,13:58:00,12:41:00,14:03:00,5,LOW
TRN-12019,Synthetic Corridor Freight 19,FREIGHT,SEC-RE-AWR,2025-01-27,14:10:00,15:28:00,14:16:00,15:37:00,9,LOW
TRN-12019,Synthetic Corridor Freight 19,FREIGHT,SEC-AWR-BKI,2025-01-27,15:40:00,16:51:00,15:49:00,17:04:00,13,LOW
TRN-12019,Synthetic Corridor Freight 19,FREIGHT,SEC-BKI-JP,2025-01-27,17:03:00,18:31:00,17:16:00,18:47:00,16,LOW
TRN-12021,Synthetic Corridor Freight 21,FREIGHT,SEC-NDLS-RE,2025-01-27,13:30:00,14:52:00,13:42:00,15:07:00,15,LOW
TRN-12021,Synthetic Corridor Freight 21,FREIGHT,SEC-RE-AWR,2025-01-27,15:04:00,16:22:00,15:19:00,16:38:00,16,LOW
TRN-12021,Synthetic Corridor Freight 21,FREIGHT,SEC-AWR-BKI,2025-01-27,16:34:00,17:45:00,16:50:00,18:07:00,22,LOW
TRN-12021,Synthetic Corridor Freight 21,FREIGHT,SEC-BKI-JP,2025-01-27,17:57:00,19:25:00,18:20:00,19:52:00,27,LOW
TRN-12022,Synthetic Corridor Freight 22,FREIGHT,SEC-NDLS-RE,2025-01-27,13:57:00,15:19:00,14:05:00,15:30:00,11,LOW
TRN-12022,Synthetic Corridor Freight 22,FREIGHT,SEC-RE-AWR,2025-01-27,15:31:00,16:49:00,15:43:00,17:08:00,19,LOW
TRN-12022,Synthetic Corridor Freight 22,FREIGHT,SEC-AWR-BKI,2025-01-27,17:01:00,18:12:00,17:20:00,18:32:00,20,LOW
TRN-12022,Synthetic Corridor Freight 22,FREIGHT,SEC-BKI-JP,2025-01-27,18:24:00,19:52:00,18:44:00,20:13:00,21,LOW
TRN-12023,Synthetic Corridor Freight 23,FREIGHT,SEC-NDLS-RE,2025-01-27,14:24:00,15:46:00,14:36:00,16:04:00,18,LOW
TRN-12023,Synthetic Corridor Freight 23,FREIGHT,SEC-RE-AWR,2025-01-27,15:58:00,17:16:00,16:20:00,17:40:00,24,LOW
TRN-12023,Synthetic Corridor Freight 23,FREIGHT,SEC-AWR-BKI,2025-01-27,17:28:00,18:39:00,17:55:00,19:09:00,30,LOW
TRN-12023,Synthetic Corridor Freight 23,FREIGHT,SEC-BKI-JP,2025-01-27,18:51:00,20:19:00,19:23:00,20:53:00,34,LOW
TRN-12001,Synthetic Corridor Express 01,EXPRESS,SEC-NDLS-RE,2025-01-28,04:30:00,05:22:00,04:37:00,05:31:00,9,HIGH
TRN-12001,Synthetic Corridor Express 01,EXPRESS,SEC-RE-AWR,2025-01-28,05:28:00,06:18:00,05:38:00,06:29:00,11,HIGH
TRN-12001,Synthetic Corridor Express 01,EXPRESS,SEC-AWR-BKI,2025-01-28,06:24:00,07:09:00,06:40:00,07:28:00,19,HIGH
TRN-12001,Synthetic Corridor Express 01,EXPRESS,SEC-BKI-JP,2025-01-28,07:15:00,08:10:00,07:34:00,08:31:00,21,HIGH
TRN-12002,Synthetic Corridor Express 02,EXPRESS,SEC-NDLS-RE,2025-01-28,04:57:00,05:49:00,04:59:00,05:53:00,4,HIGH
TRN-12002,Synthetic Corridor Express 02,EXPRESS,SEC-RE-AWR,2025-01-28,05:55:00,06:45:00,05:59:00,06:51:00,6,HIGH
TRN-12002,Synthetic Corridor Express 02,EXPRESS,SEC-AWR-BKI,2025-01-28,06:51:00,07:36:00,06:57:00,07:43:00,7,HIGH
TRN-12002,Synthetic Corridor Express 02,EXPRESS,SEC-BKI-JP,2025-01-28,07:42:00,08:37:00,07:50:00,08:46:00,9,HIGH
TRN-12004,Synthetic Corridor Express 04,EXPRESS,SEC-NDLS-RE,2025-01-28,05:51:00,06:43:00,05:54:00,06:46:00,3,HIGH
TRN-12004,Synthetic Corridor Express 04,EXPRESS,SEC-RE-AWR,2025-01-28,06:49:00,07:39:00,06:52:00,07:43:00,4,HIGH
TRN-12004,Synthetic Corridor Express 04,EXPRESS,SEC-AWR-BKI,2025-01-28,07:45:00,08:30:00,07:49:00,08:34:00,4,HIGH
TRN-12004,Synthetic Corridor Express 04,EXPRESS,SEC-BKI-JP,2025-01-28,08:36:00,09:31:00,08:43:00,09:41:00,10,HIGH
TRN-12005,Synthetic Corridor Express 05,EXPRESS,SEC-NDLS-RE,2025-01-28,06:18:00,07:10:00,06:18:00,07:11:00,1,HIGH
TRN-12005,Synthetic Corridor Express 05,EXPRESS,SEC-RE-AWR,2025-01-28,07:16:00,08:06:00,07:17:00,08:08:00,2,HIGH
TRN-12005,Synthetic Corridor Express 05,EXPRESS,SEC-AWR-BKI,2025-01-28,08:12:00,08:57:00,08:16:00,09:02:00,5,HIGH
TRN-12005,Synthetic Corridor Express 05,EXPRESS,SEC-BKI-JP,2025-01-28,09:03:00,09:58:00,09:09:00,10:04:00,6,HIGH
TRN-12006,Synthetic Corridor Express 06,EXPRESS,SEC-NDLS-RE,2025-01-28,06:45:00,07:37:00,06:51:00,07:44:00,7,HIGH
TRN-12006,Synthetic Corridor Express 06,EXPRESS,SEC-RE-AWR,2025-01-28,07:43:00,08:33:00,07:50:00,08:42:00,9,HIGH
TRN-12006,Synthetic Corridor Express 06,EXPRESS,SEC-AWR-BKI,2025-01-28,08:39:00,09:24:00,08:48:00,09:36:00,12,HIGH
TRN-12006,Synthetic Corridor Express 06,EXPRESS,SEC-BKI-JP,2025-01-28,09:30:00,10:25:00,09:44:00,10:39:00,14,HIGH
TRN-12008,Synthetic Corridor Express 08,EXPRESS,SEC-NDLS-RE,2025-01-28,07:39:00,08:31:00,07:44:00,08:38:00,7,HIGH
TRN-12008,Synthetic Corridor Express 08,EXPRESS,SEC-RE-AWR,2025-01-28,08:37:00,09:27:00,08:44:00,09:35:00,8,HIGH
TRN-12008,Synthetic Corridor Express 08,EXPRESS,SEC-AWR-BKI,2025-01-28,09:33:00,10:18:00,09:42:00,10:28:00,10,HIGH
TRN-12008,Synthetic Corridor Express 08,EXPRESS,SEC-BKI-JP,2025-01-28,10:24:00,11:19:00,10:34:00,11:31:00,12,HIGH
TRN-12009,Synthetic Corridor Express 09,EXPRESS,SEC-NDLS-RE,2025-01-28,08:06:00,08:58:00,08:12:00,09:07:00,9,HIGH
TRN-12009,Synthetic Corridor Express 09,EXPRESS,SEC-RE-AWR,2025-01-28,09:04:00,09:54:00,09:14:00,10:04:00,10,HIGH
TRN-12009,Synthetic Corridor Express 09,EXPRESS,SEC-AWR-BKI,2025-01-28,10:00:00,10:45:00,10:11:00,10:56:00,11,HIGH
TRN-12009,Synthetic Corridor Express 09,EXPRESS,SEC-BKI-JP,2025-01-28,10:51:00,11:46:00,11:02:00,11:57:00,11,HIGH
TRN-12010,Synthetic Corridor Express 10,EXPRESS,SEC-NDLS-RE,2025-01-28,08:33:00,09:25:00,08:36:00,09:28:00,3,HIGH
TRN-12010,Synthetic Corridor Express 10,EXPRESS,SEC-RE-AWR,2025-01-28,09:31:00,10:21:00,09:34:00,10:25:00,4,HIGH
TRN-12010,Synthetic Corridor Express 10,EXPRESS,SEC-AWR-BKI,2025-01-28,10:27:00,11:12:00,10:31:00,11:16:00,4,HIGH
TRN-12010,Synthetic Corridor Express 10,EXPRESS,SEC-BKI-JP,2025-01-28,11:18:00,12:13:00,11:23:00,12:21:00,8,HIGH
TRN-12011,Synthetic Corridor Passenger 11,PASSENGER,SEC-NDLS-RE,2025-01-28,09:00:00,10:02:00,09:08:00,10:11:00,9,MEDIUM
TRN-12011,Synthetic Corridor Passenger 11,PASSENGER,SEC-RE-AWR,2025-01-28,10:11:00,11:10:00,10:20:00,11:19:00,9,MEDIUM
TRN-12011,Synthetic Corridor Passenger 11,PASSENGER,SEC-AWR-BKI,2025-01-28,11:19:00,12:12:00,11:29:00,12:25:00,13,MEDIUM
TRN-12011,Synthetic Corridor Passenger 11,PASSENGER,SEC-BKI-JP,2025-01-28,12:21:00,13:27:00,12:34:00,13:40:00,13,MEDIUM
TRN-12012,Synthetic Corridor Passenger 12,PASSENGER,SEC-NDLS-RE,2025-01-28,09:27:00,10:29:00,09:36:00,10:38:00,9,MEDIUM
TRN-12012,Synthetic Corridor Passenger 12,PASSENGER,SEC-RE-AWR,2025-01-28,10:38:00,11:37:00,10:50:00,11:49:00,12,MEDIUM
TRN-12012,Synthetic Corridor Passenger 12,PASSENGER,SEC-AWR-BKI,2025-01-28,11:46:00,12:39:00,11:58:00,12:52:00,13,MEDIUM
TRN-12012,Synthetic Corridor Passenger 12,PASSENGER,SEC-BKI-JP,2025-01-28,12:48:00,13:54:00,13:03:00,14:10:00,16,MEDIUM
TRN-12013,Synthetic Corridor Passenger 13,PASSENGER,SEC-NDLS-RE,2025-01-28,09:54:00,10:56:00,09:59:00,11:03:00,7,MEDIUM
TRN-12013,Synthetic Corridor Passenger 13,PASSENGER,SEC-RE-AWR,2025-01-28,11:05:00,12:04:00,11:13:00,12:13:00,9,MEDIUM
TRN-12013,Synthetic Corridor Passenger 13,PASSENGER,SEC-AWR-BKI,2025-01-28,12:13:00,13:06:00,12:23:00,13:17:00,11,MEDIUM
TRN-12013,Synthetic Corridor Passenger 13,PASSENGER,SEC-BKI-JP,2025-01-28,13:15:00,14:21:00,13:27:00,14:34:00,13,MEDIUM
TRN-12014,Synthetic Corridor Passenger 14,PASSENGER,SEC-NDLS-RE,2025-01-28,10:21:00,11:23:00,10:28:00,11:31:00,8,MEDIUM
TRN-12014,Synthetic Corridor Passenger 14,PASSENGER,SEC-RE-AWR,2025-01-28,11:32:00,12:31:00,11:40:00,12:40:00,9,MEDIUM
TRN-12014,Synthetic Corridor Passenger 14,PASSENGER,SEC-AWR-BKI,2025-01-28,12:40:00,13:33:00,12:49:00,13:45:00,12,MEDIUM
TRN-12014,Synthetic Corridor Passenger 14,PASSENGER,SEC-BKI-JP,2025-01-28,13:42:00,14:48:00,13:56:00,15:02:00,14,MEDIUM
TRN-12015,Synthetic Corridor Passenger 15,PASSENGER,SEC-NDLS-RE,2025-01-28,10:48:00,11:50:00,10:57:00,12:01:00,11,MEDIUM
TRN-12015,Synthetic Corridor Passenger 15,PASSENGER,SEC-RE-AWR,2025-01-28,11:59:00,12:58:00,12:11:00,13:12:00,14,MEDIUM
TRN-12015,Synthetic Corridor Passenger 15,PASSENGER,SEC-AWR-BKI,2025-01-28,13:07:00,14:00:00,13:23:00,14:17:00,17,MEDIUM
TRN-12015,Synthetic Corridor Passenger 15,PASSENGER,SEC-BKI-JP,2025-01-28,14:09:00,15:15:00,14:27:00,15:33:00,18,MEDIUM
TRN-12016,Synthetic Corridor Passenger 16,PASSENGER,SEC-NDLS-RE,2025-01-28,11:15:00,12:17:00,11:19:00,12:21:00,4,MEDIUM
TRN-12016,Synthetic Corridor Passenger 16,PASSENGER,SEC-RE-AWR,2025-01-28,12:26:00,13:25:00,12:32:00,13:33:00,8,MEDIUM
TRN-12016,Synthetic Corridor Passenger 16,PASSENGER,SEC-AWR-BKI,2025-01-28,13:34:00,14:27:00,13:43:00,14:36:00,9,MEDIUM
TRN-12016,Synthetic Corridor Passenger 16,PASSENGER,SEC-BKI-JP,2025-01-28,14:36:00,15:42:00,14:46:00,15:53:00,11,MEDIUM
TRN-12017,Synthetic Corridor Passenger 17,PASSENGER,SEC-NDLS-RE,2025-01-28,11:42:00,12:44:00,11:49:00,12:52:00,8,MEDIUM
TRN-12017,Synthetic Corridor Passenger 17,PASSENGER,SEC-RE-AWR,2025-01-28,12:53:00,13:52:00,13:02:00,14:01:00,9,MEDIUM
TRN-12017,Synthetic Corridor Passenger 17,PASSENGER,SEC-AWR-BKI,2025-01-28,14:01:00,14:54:00,14:12:00,15:08:00,14,MEDIUM
TRN-12017,Synthetic Corridor Passenger 17,PASSENGER,SEC-BKI-JP,2025-01-28,15:03:00,16:09:00,15:17:00,16:24:00,15,MEDIUM
TRN-12018,Synthetic Corridor Passenger 18,PASSENGER,SEC-NDLS-RE,2025-01-28,12:09:00,13:11:00,12:12:00,13:14:00,3,MEDIUM
TRN-12018,Synthetic Corridor Passenger 18,PASSENGER,SEC-RE-AWR,2025-01-28,13:20:00,14:19:00,13:23:00,14:23:00,4,MEDIUM
TRN-12018,Synthetic Corridor Passenger 18,PASSENGER,SEC-AWR-BKI,2025-01-28,14:28:00,15:21:00,14:33:00,15:26:00,5,MEDIUM
TRN-12018,Synthetic Corridor Passenger 18,PASSENGER,SEC-BKI-JP,2025-01-28,15:30:00,16:36:00,15:36:00,16:43:00,7,MEDIUM
TRN-12020,Synthetic Corridor Freight 20,FREIGHT,SEC-NDLS-RE,2025-01-28,13:03:00,14:25:00,13:08:00,14:36:00,11,LOW
TRN-12020,Synthetic Corridor Freight 20,FREIGHT,SEC-RE-AWR,2025-01-28,14:37:00,15:55:00,14:48:00,16:07:00,12,LOW
TRN-12020,Synthetic Corridor Freight 20,FREIGHT,SEC-AWR-BKI,2025-01-28,16:07:00,17:18:00,16:19:00,17:30:00,12,LOW
TRN-12020,Synthetic Corridor Freight 20,FREIGHT,SEC-BKI-JP,2025-01-28,17:30:00,18:58:00,17:42:00,19:11:00,13,LOW
TRN-12021,Synthetic Corridor Freight 21,FREIGHT,SEC-NDLS-RE,2025-01-28,13:30:00,14:52:00,13:36:00,14:59:00,7,LOW
TRN-12021,Synthetic Corridor Freight 21,FREIGHT,SEC-RE-AWR,2025-01-28,15:04:00,16:22:00,15:11:00,16:30:00,8,LOW
TRN-12021,Synthetic Corridor Freight 21,FREIGHT,SEC-AWR-BKI,2025-01-28,16:34:00,17:45:00,16:42:00,17:55:00,10,LOW
TRN-12021,Synthetic Corridor Freight 21,FREIGHT,SEC-BKI-JP,2025-01-28,17:57:00,19:25:00,18:07:00,19:36:00,11,LOW
TRN-12022,Synthetic Corridor Freight 22,FREIGHT,SEC-NDLS-RE,2025-01-28,13:57:00,15:19:00,14:03:00,15:27:00,8,LOW
TRN-12022,Synthetic Corridor Freight 22,FREIGHT,SEC-RE-AWR,2025-01-28,15:31:00,16:49:00,15:40:00,17:02:00,13,LOW
TRN-12022,Synthetic Corridor Freight 22,FREIGHT,SEC-AWR-BKI,2025-01-28,17:01:00,18:12:00,17:14:00,18:30:00,18,LOW
TRN-12022,Synthetic Corridor Freight 22,FREIGHT,SEC-BKI-JP,2025-01-28,18:24:00,19:52:00,18:42:00,20:13:00,21,LOW
TRN-12024,Synthetic Corridor Freight 24,FREIGHT,SEC-NDLS-RE,2025-01-28,14:51:00,16:13:00,14:56:00,16:18:00,5,LOW
TRN-12024,Synthetic Corridor Freight 24,FREIGHT,SEC-RE-AWR,2025-01-28,16:25:00,17:43:00,16:31:00,17:50:00,7,LOW
TRN-12024,Synthetic Corridor Freight 24,FREIGHT,SEC-AWR-BKI,2025-01-28,17:55:00,19:06:00,18:02:00,19:17:00,11,LOW
TRN-12024,Synthetic Corridor Freight 24,FREIGHT,SEC-BKI-JP,2025-01-28,19:18:00,20:46:00,19:30:00,21:02:00,16,LOW
TRN-12001,Synthetic Corridor Express 01,EXPRESS,SEC-NDLS-RE,2025-01-29,04:30:00,05:22:00,04:30:00,05:22:00,0,HIGH
TRN-12001,Synthetic Corridor Express 01,EXPRESS,SEC-RE-AWR,2025-01-29,05:28:00,06:18:00,05:29:00,06:20:00,2,HIGH
TRN-12001,Synthetic Corridor Express 01,EXPRESS,SEC-AWR-BKI,2025-01-29,06:24:00,07:09:00,06:26:00,07:11:00,2,HIGH
TRN-12001,Synthetic Corridor Express 01,EXPRESS,SEC-BKI-JP,2025-01-29,07:15:00,08:10:00,07:17:00,08:13:00,3,HIGH
TRN-12002,Synthetic Corridor Express 02,EXPRESS,SEC-NDLS-RE,2025-01-29,04:57:00,05:49:00,04:58:00,05:50:00,1,HIGH
TRN-12002,Synthetic Corridor Express 02,EXPRESS,SEC-RE-AWR,2025-01-29,05:55:00,06:45:00,05:57:00,06:48:00,3,HIGH
TRN-12002,Synthetic Corridor Express 02,EXPRESS,SEC-AWR-BKI,2025-01-29,06:51:00,07:36:00,06:55:00,07:40:00,4,HIGH
TRN-12002,Synthetic Corridor Express 02,EXPRESS,SEC-BKI-JP,2025-01-29,07:42:00,08:37:00,07:46:00,08:41:00,4,HIGH
TRN-12003,Synthetic Corridor Express 03,EXPRESS,SEC-NDLS-RE,2025-01-29,05:24:00,06:16:00,05:25:00,06:18:00,2,HIGH
TRN-12003,Synthetic Corridor Express 03,EXPRESS,SEC-RE-AWR,2025-01-29,06:22:00,07:12:00,06:24:00,07:15:00,3,HIGH
TRN-12003,Synthetic Corridor Express 03,EXPRESS,SEC-AWR-BKI,2025-01-29,07:18:00,08:03:00,07:21:00,08:09:00,6,HIGH
TRN-12003,Synthetic Corridor Express 03,EXPRESS,SEC-BKI-JP,2025-01-29,08:09:00,09:04:00,08:15:00,09:10:00,6,HIGH
TRN-12005,Synthetic Corridor Express 05,EXPRESS,SEC-NDLS-RE,2025-01-29,06:18:00,07:10:00,06:21:00,07:13:00,3,HIGH
TRN-12005,Synthetic Corridor Express 05,EXPRESS,SEC-RE-AWR,2025-01-29,07:16:00,08:06:00,07:19:00,08:09:00,3,HIGH
TRN-12005,Synthetic Corridor Express 05,EXPRESS,SEC-AWR-BKI,2025-01-29,08:12:00,08:57:00,08:16:00,09:01:00,4,HIGH
TRN-12005,Synthetic Corridor Express 05,EXPRESS,SEC-BKI-JP,2025-01-29,09:03:00,09:58:00,09:08:00,10:03:00,5,HIGH
TRN-12006,Synthetic Corridor Express 06,EXPRESS,SEC-NDLS-RE,2025-01-29,06:45:00,07:37:00,06:46:00,07:38:00,1,HIGH
TRN-12006,Synthetic Corridor Express 06,EXPRESS,SEC-RE-AWR,2025-01-29,07:43:00,08:33:00,07:44:00,08:34:00,1,HIGH
TRN-12006,Synthetic Corridor Express 06,EXPRESS,SEC-AWR-BKI,2025-01-29,08:39:00,09:24:00,08:40:00,09:25:00,1,HIGH
TRN-12006,Synthetic Corridor Express 06,EXPRESS,SEC-BKI-JP,2025-01-29,09:30:00,10:25:00,09:31:00,10:27:00,2,HIGH
TRN-12007,Synthetic Corridor Express 07,EXPRESS,SEC-NDLS-RE,2025-01-29,07:12:00,08:04:00,07:15:00,08:08:00,4,HIGH
TRN-12007,Synthetic Corridor Express 07,EXPRESS,SEC-RE-AWR,2025-01-29,08:10:00,09:00:00,08:14:00,09:05:00,5,HIGH
TRN-12007,Synthetic Corridor Express 07,EXPRESS,SEC-AWR-BKI,2025-01-29,09:06:00,09:51:00,09:11:00,09:56:00,5,HIGH
TRN-12007,Synthetic Corridor Express 07,EXPRESS,SEC-BKI-JP,2025-01-29,09:57:00,10:52:00,10:02:00,10:58:00,6,HIGH
TRN-12009,Synthetic Corridor Express 09,EXPRESS,SEC-NDLS-RE,2025-01-29,08:06:00,08:58:00,08:09:00,09:01:00,3,HIGH
TRN-12009,Synthetic Corridor Express 09,EXPRESS,SEC-RE-AWR,2025-01-29,09:04:00,09:54:00,09:07:00,09:57:00,3,HIGH
TRN-12009,Synthetic Corridor Express 09,EXPRESS,SEC-AWR-BKI,2025-01-29,10:00:00,10:45:00,10:03:00,10:49:00,4,HIGH
TRN-12009,Synthetic Corridor Express 09,EXPRESS,SEC-BKI-JP,2025-01-29,10:51:00,11:46:00,10:55:00,11:50:00,4,HIGH
TRN-12010,Synthetic Corridor Express 10,EXPRESS,SEC-NDLS-RE,2025-01-29,08:33:00,09:25:00,08:38:00,09:30:00,5,HIGH
TRN-12010,Synthetic Corridor Express 10,EXPRESS,SEC-RE-AWR,2025-01-29,09:31:00,10:21:00,09:36:00,10:26:00,5,HIGH
TRN-12010,Synthetic Corridor Express 10,EXPRESS,SEC-AWR-BKI,2025-01-29,10:27:00,11:12:00,10:32:00,11:20:00,8,HIGH
TRN-12010,Synthetic Corridor Express 10,EXPRESS,SEC-BKI-JP,2025-01-29,11:18:00,12:13:00,11:26:00,12:21:00,8,HIGH
TRN-12011,Synthetic Corridor Passenger 11,PASSENGER,SEC-NDLS-RE,2025-01-29,09:00:00,10:02:00,09:04:00,10:06:00,4,MEDIUM
TRN-12011,Synthetic Corridor Passenger 11,PASSENGER,SEC-RE-AWR,2025-01-29,10:11:00,11:10:00,10:16:00,11:17:00,7,MEDIUM
TRN-12011,Synthetic Corridor Passenger 11,PASSENGER,SEC-AWR-BKI,2025-01-29,11:19:00,12:12:00,11:26:00,12:19:00,7,MEDIUM
TRN-12011,Synthetic Corridor Passenger 11,PASSENGER,SEC-BKI-JP,2025-01-29,12:21:00,13:27:00,12:28:00,13:34:00,7,MEDIUM
TRN-12012,Synthetic Corridor Passenger 12,PASSENGER,SEC-NDLS-RE,2025-01-29,09:27:00,10:29:00,09:32:00,10:34:00,5,MEDIUM
TRN-12012,Synthetic Corridor Passenger 12,PASSENGER,SEC-RE-AWR,2025-01-29,10:38:00,11:37:00,10:43:00,11:42:00,5,MEDIUM
TRN-12012,Synthetic Corridor Passenger 12,PASSENGER,SEC-AWR-BKI,2025-01-29,11:46:00,12:39:00,11:52:00,12:46:00,7,MEDIUM
TRN-12012,Synthetic Corridor Passenger 12,PASSENGER,SEC-BKI-JP,2025-01-29,12:48:00,13:54:00,12:56:00,14:03:00,9,MEDIUM
TRN-12013,Synthetic Corridor Passenger 13,PASSENGER,SEC-NDLS-RE,2025-01-29,09:54:00,10:56:00,09:59:00,11:01:00,5,MEDIUM
TRN-12013,Synthetic Corridor Passenger 13,PASSENGER,SEC-RE-AWR,2025-01-29,11:05:00,12:04:00,11:10:00,12:09:00,5,MEDIUM
TRN-12013,Synthetic Corridor Passenger 13,PASSENGER,SEC-AWR-BKI,2025-01-29,12:13:00,13:06:00,12:18:00,13:12:00,6,MEDIUM
TRN-12013,Synthetic Corridor Passenger 13,PASSENGER,SEC-BKI-JP,2025-01-29,13:15:00,14:21:00,13:21:00,14:28:00,7,MEDIUM
TRN-12014,Synthetic Corridor Passenger 14,PASSENGER,SEC-NDLS-RE,2025-01-29,10:21:00,11:23:00,10:21:00,11:25:00,2,MEDIUM
TRN-12014,Synthetic Corridor Passenger 14,PASSENGER,SEC-RE-AWR,2025-01-29,11:32:00,12:31:00,11:34:00,12:34:00,3,MEDIUM
TRN-12014,Synthetic Corridor Passenger 14,PASSENGER,SEC-AWR-BKI,2025-01-29,12:40:00,13:33:00,12:43:00,13:37:00,4,MEDIUM
TRN-12014,Synthetic Corridor Passenger 14,PASSENGER,SEC-BKI-JP,2025-01-29,13:42:00,14:48:00,13:46:00,14:52:00,4,MEDIUM
TRN-12015,Synthetic Corridor Passenger 15,PASSENGER,SEC-NDLS-RE,2025-01-29,10:48:00,11:50:00,10:51:00,11:54:00,4,MEDIUM
TRN-12015,Synthetic Corridor Passenger 15,PASSENGER,SEC-RE-AWR,2025-01-29,11:59:00,12:58:00,12:04:00,13:03:00,5,MEDIUM
TRN-12015,Synthetic Corridor Passenger 15,PASSENGER,SEC-AWR-BKI,2025-01-29,13:07:00,14:00:00,13:12:00,14:05:00,5,MEDIUM
TRN-12015,Synthetic Corridor Passenger 15,PASSENGER,SEC-BKI-JP,2025-01-29,14:09:00,15:15:00,14:14:00,15:20:00,5,MEDIUM
TRN-12016,Synthetic Corridor Passenger 16,PASSENGER,SEC-NDLS-RE,2025-01-29,11:15:00,12:17:00,11:18:00,12:20:00,3,MEDIUM
TRN-12016,Synthetic Corridor Passenger 16,PASSENGER,SEC-RE-AWR,2025-01-29,12:26:00,13:25:00,12:29:00,13:32:00,7,MEDIUM
TRN-12016,Synthetic Corridor Passenger 16,PASSENGER,SEC-AWR-BKI,2025-01-29,13:34:00,14:27:00,13:41:00,14:34:00,7,MEDIUM
TRN-12016,Synthetic Corridor Passenger 16,PASSENGER,SEC-BKI-JP,2025-01-29,14:36:00,15:42:00,14:44:00,15:50:00,8,MEDIUM
TRN-12017,Synthetic Corridor Passenger 17,PASSENGER,SEC-NDLS-RE,2025-01-29,11:42:00,12:44:00,11:45:00,12:47:00,3,MEDIUM
TRN-12017,Synthetic Corridor Passenger 17,PASSENGER,SEC-RE-AWR,2025-01-29,12:53:00,13:52:00,12:56:00,13:55:00,3,MEDIUM
TRN-12017,Synthetic Corridor Passenger 17,PASSENGER,SEC-AWR-BKI,2025-01-29,14:01:00,14:54:00,14:04:00,14:57:00,3,MEDIUM
TRN-12017,Synthetic Corridor Passenger 17,PASSENGER,SEC-BKI-JP,2025-01-29,15:03:00,16:09:00,15:06:00,16:12:00,3,MEDIUM
TRN-12018,Synthetic Corridor Passenger 18,PASSENGER,SEC-NDLS-RE,2025-01-29,12:09:00,13:11:00,12:13:00,13:15:00,4,MEDIUM
TRN-12018,Synthetic Corridor Passenger 18,PASSENGER,SEC-RE-AWR,2025-01-29,13:20:00,14:19:00,13:24:00,14:23:00,4,MEDIUM
TRN-12018,Synthetic Corridor Passenger 18,PASSENGER,SEC-AWR-BKI,2025-01-29,14:28:00,15:21:00,14:32:00,15:28:00,7,MEDIUM
TRN-12018,Synthetic Corridor Passenger 18,PASSENGER,SEC-BKI-JP,2025-01-29,15:30:00,16:36:00,15:38:00,16:44:00,8,MEDIUM
TRN-12019,Synthetic Corridor Freight 19,FREIGHT,SEC-NDLS-RE,2025-01-29,12:36:00,13:58:00,12:40:00,14:04:00,6,LOW
TRN-12019,Synthetic Corridor Freight 19,FREIGHT,SEC-RE-AWR,2025-01-29,14:10:00,15:28:00,14:16:00,15:36:00,8,LOW
TRN-12019,Synthetic Corridor Freight 19,FREIGHT,SEC-AWR-BKI,2025-01-29,15:40:00,16:51:00,15:48:00,17:00:00,9,LOW
TRN-12019,Synthetic Corridor Freight 19,FREIGHT,SEC-BKI-JP,2025-01-29,17:03:00,18:31:00,17:12:00,18:41:00,10,LOW
TRN-12021,Synthetic Corridor Freight 21,FREIGHT,SEC-NDLS-RE,2025-01-29,13:30:00,14:52:00,13:34:00,14:56:00,4,LOW
TRN-12021,Synthetic Corridor Freight 21,FREIGHT,SEC-RE-AWR,2025-01-29,15:04:00,16:22:00,15:08:00,16:27:00,5,LOW
TRN-12021,Synthetic Corridor Freight 21,FREIGHT,SEC-AWR-BKI,2025-01-29,16:34:00,17:45:00,16:40:00,17:52:00,7,LOW
TRN-12021,Synthetic Corridor Freight 21,FREIGHT,SEC-BKI-JP,2025-01-29,17:57:00,19:25:00,18:04:00,19:33:00,8,LOW
TRN-12022,Synthetic Corridor Freight 22,FREIGHT,SEC-NDLS-RE,2025-01-29,13:57:00,15:19:00,14:01:00,15:23:00,4,LOW
TRN-12022,Synthetic Corridor Freight 22,FREIGHT,SEC-RE-AWR,2025-01-29,15:31:00,16:49:00,15:35:00,16:53:00,4,LOW
TRN-12022,Synthetic Corridor Freight 22,FREIGHT,SEC-AWR-BKI,2025-01-29,17:01:00,18:12:00,17:05:00,18:17:00,5,LOW
TRN-12022,Synthetic Corridor Freight 22,FREIGHT,SEC-BKI-JP,2025-01-29,18:24:00,19:52:00,18:30:00,19:58:00,6,LOW
TRN-12023,Synthetic Corridor Freight 23,FREIGHT,SEC-NDLS-RE,2025-01-29,14:24:00,15:46:00,14:29:00,15:53:00,7,LOW
TRN-12023,Synthetic Corridor Freight 23,FREIGHT,SEC-RE-AWR,2025-01-29,15:58:00,17:16:00,16:06:00,17:26:00,10,LOW
TRN-12023,Synthetic Corridor Freight 23,FREIGHT,SEC-AWR-BKI,2025-01-29,17:28:00,18:39:00,17:38:00,18:50:00,11,LOW
TRN-12023,Synthetic Corridor Freight 23,FREIGHT,SEC-BKI-JP,2025-01-29,18:51:00,20:19:00,19:02:00,20:31:00,12,LOW
TRN-12001,Synthetic Corridor Express 01,EXPRESS,SEC-NDLS-RE,2025-01-30,04:30:00,05:22:00,04:33:00,05:25:00,3,HIGH
TRN-12001,Synthetic Corridor Express 01,EXPRESS,SEC-RE-AWR,2025-01-30,05:28:00,06:18:00,05:31:00,06:22:00,4,HIGH
TRN-12001,Synthetic Corridor Express 01,EXPRESS,SEC-AWR-BKI,2025-01-30,06:24:00,07:09:00,06:28:00,07:13:00,4,HIGH
TRN-12001,Synthetic Corridor Express 01,EXPRESS,SEC-BKI-JP,2025-01-30,07:15:00,08:10:00,07:19:00,08:14:00,4,HIGH
TRN-12002,Synthetic Corridor Express 02,EXPRESS,SEC-NDLS-RE,2025-01-30,04:57:00,05:49:00,05:01:00,05:53:00,4,HIGH
TRN-12002,Synthetic Corridor Express 02,EXPRESS,SEC-RE-AWR,2025-01-30,05:55:00,06:45:00,05:59:00,06:49:00,4,HIGH
TRN-12002,Synthetic Corridor Express 02,EXPRESS,SEC-AWR-BKI,2025-01-30,06:51:00,07:36:00,06:55:00,07:41:00,5,HIGH
TRN-12002,Synthetic Corridor Express 02,EXPRESS,SEC-BKI-JP,2025-01-30,07:42:00,08:37:00,07:47:00,08:42:00,5,HIGH
TRN-12004,Synthetic Corridor Express 04,EXPRESS,SEC-NDLS-RE,2025-01-30,05:51:00,06:43:00,05:51:00,06:44:00,1,HIGH
TRN-12004,Synthetic Corridor Express 04,EXPRESS,SEC-RE-AWR,2025-01-30,06:49:00,07:39:00,06:50:00,07:41:00,2,HIGH
TRN-12004,Synthetic Corridor Express 04,EXPRESS,SEC-AWR-BKI,2025-01-30,07:45:00,08:30:00,07:47:00,08:32:00,2,HIGH
TRN-12004,Synthetic Corridor Express 04,EXPRESS,SEC-BKI-JP,2025-01-30,08:36:00,09:31:00,08:38:00,09:33:00,2,HIGH
TRN-12005,Synthetic Corridor Express 05,EXPRESS,SEC-NDLS-RE,2025-01-30,06:18:00,07:10:00,06:19:00,07:12:00,2,HIGH
TRN-12005,Synthetic Corridor Express 05,EXPRESS,SEC-RE-AWR,2025-01-30,07:16:00,08:06:00,07:18:00,08:08:00,2,HIGH
TRN-12005,Synthetic Corridor Express 05,EXPRESS,SEC-AWR-BKI,2025-01-30,08:12:00,08:57:00,08:14:00,08:59:00,2,HIGH
TRN-12005,Synthetic Corridor Express 05,EXPRESS,SEC-BKI-JP,2025-01-30,09:03:00,09:58:00,09:05:00,10:02:00,4,HIGH
TRN-12006,Synthetic Corridor Express 06,EXPRESS,SEC-NDLS-RE,2025-01-30,06:45:00,07:37:00,06:46:00,07:38:00,1,HIGH
TRN-12006,Synthetic Corridor Express 06,EXPRESS,SEC-RE-AWR,2025-01-30,07:43:00,08:33:00,07:44:00,08:34:00,1,HIGH
TRN-12006,Synthetic Corridor Express 06,EXPRESS,SEC-AWR-BKI,2025-01-30,08:39:00,09:24:00,08:40:00,09:25:00,1,HIGH
TRN-12006,Synthetic Corridor Express 06,EXPRESS,SEC-BKI-JP,2025-01-30,09:30:00,10:25:00,09:31:00,10:26:00,1,HIGH
TRN-12008,Synthetic Corridor Express 08,EXPRESS,SEC-NDLS-RE,2025-01-30,07:39:00,08:31:00,07:40:00,08:32:00,1,HIGH
TRN-12008,Synthetic Corridor Express 08,EXPRESS,SEC-RE-AWR,2025-01-30,08:37:00,09:27:00,08:38:00,09:28:00,1,HIGH
TRN-12008,Synthetic Corridor Express 08,EXPRESS,SEC-AWR-BKI,2025-01-30,09:33:00,10:18:00,09:35:00,10:20:00,2,HIGH
TRN-12008,Synthetic Corridor Express 08,EXPRESS,SEC-BKI-JP,2025-01-30,10:24:00,11:19:00,10:26:00,11:22:00,3,HIGH
TRN-12009,Synthetic Corridor Express 09,EXPRESS,SEC-NDLS-RE,2025-01-30,08:06:00,08:58:00,08:08:00,09:00:00,2,HIGH
TRN-12009,Synthetic Corridor Express 09,EXPRESS,SEC-RE-AWR,2025-01-30,09:04:00,09:54:00,09:06:00,09:56:00,2,HIGH
TRN-12009,Synthetic Corridor Express 09,EXPRESS,SEC-AWR-BKI,2025-01-30,10:00:00,10:45:00,10:03:00,10:48:00,3,HIGH
TRN-12009,Synthetic Corridor Express 09,EXPRESS,SEC-BKI-JP,2025-01-30,10:51:00,11:46:00,10:54:00,11:49:00,3,HIGH
TRN-12010,Synthetic Corridor Express 10,EXPRESS,SEC-NDLS-RE,2025-01-30,08:33:00,09:25:00,08:37:00,09:31:00,6,HIGH
TRN-12010,Synthetic Corridor Express 10,EXPRESS,SEC-RE-AWR,2025-01-30,09:31:00,10:21:00,09:37:00,10:27:00,6,HIGH
TRN-12010,Synthetic Corridor Express 10,EXPRESS,SEC-AWR-BKI,2025-01-30,10:27:00,11:12:00,10:34:00,11:19:00,7,HIGH
TRN-12010,Synthetic Corridor Express 10,EXPRESS,SEC-BKI-JP,2025-01-30,11:18:00,12:13:00,11:25:00,12:21:00,8,HIGH
TRN-12011,Synthetic Corridor Passenger 11,PASSENGER,SEC-NDLS-RE,2025-01-30,09:00:00,10:02:00,09:02:00,10:06:00,4,MEDIUM
TRN-12011,Synthetic Corridor Passenger 11,PASSENGER,SEC-RE-AWR,2025-01-30,10:11:00,11:10:00,10:15:00,11:15:00,5,MEDIUM
TRN-12011,Synthetic Corridor Passenger 11,PASSENGER,SEC-AWR-BKI,2025-01-30,11:19:00,12:12:00,11:24:00,12:17:00,5,MEDIUM
TRN-12011,Synthetic Corridor Passenger 11,PASSENGER,SEC-BKI-JP,2025-01-30,12:21:00,13:27:00,12:27:00,13:34:00,7,MEDIUM
TRN-12012,Synthetic Corridor Passenger 12,PASSENGER,SEC-NDLS-RE,2025-01-30,09:27:00,10:29:00,09:32:00,10:34:00,5,MEDIUM
TRN-12012,Synthetic Corridor Passenger 12,PASSENGER,SEC-RE-AWR,2025-01-30,10:38:00,11:37:00,10:43:00,11:43:00,6,MEDIUM
TRN-12012,Synthetic Corridor Passenger 12,PASSENGER,SEC-AWR-BKI,2025-01-30,11:46:00,12:39:00,11:53:00,12:46:00,7,MEDIUM
TRN-12012,Synthetic Corridor Passenger 12,PASSENGER,SEC-BKI-JP,2025-01-30,12:48:00,13:54:00,12:55:00,14:01:00,7,MEDIUM
TRN-12013,Synthetic Corridor Passenger 13,PASSENGER,SEC-NDLS-RE,2025-01-30,09:54:00,10:56:00,09:57:00,11:00:00,4,MEDIUM
TRN-12013,Synthetic Corridor Passenger 13,PASSENGER,SEC-RE-AWR,2025-01-30,11:05:00,12:04:00,11:09:00,12:09:00,5,MEDIUM
TRN-12013,Synthetic Corridor Passenger 13,PASSENGER,SEC-AWR-BKI,2025-01-30,12:13:00,13:06:00,12:18:00,13:13:00,7,MEDIUM
TRN-12013,Synthetic Corridor Passenger 13,PASSENGER,SEC-BKI-JP,2025-01-30,13:15:00,14:21:00,13:22:00,14:29:00,8,MEDIUM
TRN-12014,Synthetic Corridor Passenger 14,PASSENGER,SEC-NDLS-RE,2025-01-30,10:21:00,11:23:00,10:27:00,11:29:00,6,MEDIUM
TRN-12014,Synthetic Corridor Passenger 14,PASSENGER,SEC-RE-AWR,2025-01-30,11:32:00,12:31:00,11:38:00,12:38:00,7,MEDIUM
TRN-12014,Synthetic Corridor Passenger 14,PASSENGER,SEC-AWR-BKI,2025-01-30,12:40:00,13:33:00,12:47:00,13:41:00,8,MEDIUM
TRN-12014,Synthetic Corridor Passenger 14,PASSENGER,SEC-BKI-JP,2025-01-30,13:42:00,14:48:00,13:50:00,14:57:00,9,MEDIUM
TRN-12015,Synthetic Corridor Passenger 15,PASSENGER,SEC-NDLS-RE,2025-01-30,10:48:00,11:50:00,10:50:00,11:53:00,3,MEDIUM
TRN-12015,Synthetic Corridor Passenger 15,PASSENGER,SEC-RE-AWR,2025-01-30,11:59:00,12:58:00,12:02:00,13:02:00,4,MEDIUM
TRN-12015,Synthetic Corridor Passenger 15,PASSENGER,SEC-AWR-BKI,2025-01-30,13:07:00,14:00:00,13:13:00,14:06:00,6,MEDIUM
TRN-12015,Synthetic Corridor Passenger 15,PASSENGER,SEC-BKI-JP,2025-01-30,14:09:00,15:15:00,14:15:00,15:22:00,7,MEDIUM
TRN-12016,Synthetic Corridor Passenger 16,PASSENGER,SEC-NDLS-RE,2025-01-30,11:15:00,12:17:00,11:18:00,12:21:00,4,MEDIUM
TRN-12016,Synthetic Corridor Passenger 16,PASSENGER,SEC-RE-AWR,2025-01-30,12:26:00,13:25:00,12:30:00,13:30:00,5,MEDIUM
TRN-12016,Synthetic Corridor Passenger 16,PASSENGER,SEC-AWR-BKI,2025-01-30,13:34:00,14:27:00,13:39:00,14:33:00,6,MEDIUM
TRN-12016,Synthetic Corridor Passenger 16,PASSENGER,SEC-BKI-JP,2025-01-30,14:36:00,15:42:00,14:42:00,15:50:00,8,MEDIUM
TRN-12017,Synthetic Corridor Passenger 17,PASSENGER,SEC-NDLS-RE,2025-01-30,11:42:00,12:44:00,11:44:00,12:47:00,3,MEDIUM
TRN-12017,Synthetic Corridor Passenger 17,PASSENGER,SEC-RE-AWR,2025-01-30,12:53:00,13:52:00,12:56:00,13:55:00,3,MEDIUM
TRN-12017,Synthetic Corridor Passenger 17,PASSENGER,SEC-AWR-BKI,2025-01-30,14:01:00,14:54:00,14:04:00,14:58:00,4,MEDIUM
TRN-12017,Synthetic Corridor Passenger 17,PASSENGER,SEC-BKI-JP,2025-01-30,15:03:00,16:09:00,15:08:00,16:16:00,7,MEDIUM
TRN-12018,Synthetic Corridor Passenger 18,PASSENGER,SEC-NDLS-RE,2025-01-30,12:09:00,13:11:00,12:10:00,13:13:00,2,MEDIUM
TRN-12018,Synthetic Corridor Passenger 18,PASSENGER,SEC-RE-AWR,2025-01-30,13:20:00,14:19:00,13:22:00,14:22:00,3,MEDIUM
TRN-12018,Synthetic Corridor Passenger 18,PASSENGER,SEC-AWR-BKI,2025-01-30,14:28:00,15:21:00,14:31:00,15:24:00,3,MEDIUM
TRN-12018,Synthetic Corridor Passenger 18,PASSENGER,SEC-BKI-JP,2025-01-30,15:30:00,16:36:00,15:33:00,16:40:00,4,MEDIUM
TRN-12020,Synthetic Corridor Freight 20,FREIGHT,SEC-NDLS-RE,2025-01-30,13:03:00,14:25:00,13:09:00,14:32:00,7,LOW
TRN-12020,Synthetic Corridor Freight 20,FREIGHT,SEC-RE-AWR,2025-01-30,14:37:00,15:55:00,14:44:00,16:02:00,7,LOW
TRN-12020,Synthetic Corridor Freight 20,FREIGHT,SEC-AWR-BKI,2025-01-30,16:07:00,17:18:00,16:14:00,17:25:00,7,LOW
TRN-12020,Synthetic Corridor Freight 20,FREIGHT,SEC-BKI-JP,2025-01-30,17:30:00,18:58:00,17:37:00,19:06:00,8,LOW
TRN-12021,Synthetic Corridor Freight 21,FREIGHT,SEC-NDLS-RE,2025-01-30,13:30:00,14:52:00,13:35:00,14:59:00,7,LOW
TRN-12021,Synthetic Corridor Freight 21,FREIGHT,SEC-RE-AWR,2025-01-30,15:04:00,16:22:00,15:11:00,16:29:00,7,LOW
TRN-12021,Synthetic Corridor Freight 21,FREIGHT,SEC-AWR-BKI,2025-01-30,16:34:00,17:45:00,16:41:00,17:53:00,8,LOW
TRN-12021,Synthetic Corridor Freight 21,FREIGHT,SEC-BKI-JP,2025-01-30,17:57:00,19:25:00,18:06:00,19:37:00,12,LOW
TRN-12022,Synthetic Corridor Freight 22,FREIGHT,SEC-NDLS-RE,2025-01-30,13:57:00,15:19:00,14:02:00,15:24:00,5,LOW
TRN-12022,Synthetic Corridor Freight 22,FREIGHT,SEC-RE-AWR,2025-01-30,15:31:00,16:49:00,15:37:00,16:56:00,7,LOW
TRN-12022,Synthetic Corridor Freight 22,FREIGHT,SEC-AWR-BKI,2025-01-30,17:01:00,18:12:00,17:08:00,18:22:00,10,LOW
TRN-12022,Synthetic Corridor Freight 22,FREIGHT,SEC-BKI-JP,2025-01-30,18:24:00,19:52:00,18:34:00,20:04:00,12,LOW
TRN-12024,Synthetic Corridor Freight 24,FREIGHT,SEC-NDLS-RE,2025-01-30,14:51:00,16:13:00,14:53:00,16:17:00,4,LOW
TRN-12024,Synthetic Corridor Freight 24,FREIGHT,SEC-RE-AWR,2025-01-30,16:25:00,17:43:00,16:29:00,17:49:00,6,LOW
TRN-12024,Synthetic Corridor Freight 24,FREIGHT,SEC-AWR-BKI,2025-01-30,17:55:00,19:06:00,18:01:00,19:15:00,9,LOW
TRN-12024,Synthetic Corridor Freight 24,FREIGHT,SEC-BKI-JP,2025-01-30,19:18:00,20:46:00,19:27:00,20:58:00,12,LOW
TRN-12001,Synthetic Corridor Express 01,EXPRESS,SEC-NDLS-RE,2025-01-31,04:30:00,05:22:00,04:33:00,05:25:00,3,HIGH
TRN-12001,Synthetic Corridor Express 01,EXPRESS,SEC-RE-AWR,2025-01-31,05:28:00,06:18:00,05:31:00,06:21:00,3,HIGH
TRN-12001,Synthetic Corridor Express 01,EXPRESS,SEC-AWR-BKI,2025-01-31,06:24:00,07:09:00,06:28:00,07:13:00,4,HIGH
TRN-12001,Synthetic Corridor Express 01,EXPRESS,SEC-BKI-JP,2025-01-31,07:15:00,08:10:00,07:19:00,08:15:00,5,HIGH
TRN-12002,Synthetic Corridor Express 02,EXPRESS,SEC-NDLS-RE,2025-01-31,04:57:00,05:49:00,04:59:00,05:53:00,4,HIGH
TRN-12002,Synthetic Corridor Express 02,EXPRESS,SEC-RE-AWR,2025-01-31,05:55:00,06:45:00,05:59:00,06:50:00,5,HIGH
TRN-12002,Synthetic Corridor Express 02,EXPRESS,SEC-AWR-BKI,2025-01-31,06:51:00,07:36:00,06:56:00,07:41:00,5,HIGH
TRN-12002,Synthetic Corridor Express 02,EXPRESS,SEC-BKI-JP,2025-01-31,07:42:00,08:37:00,07:47:00,08:42:00,5,HIGH
TRN-12003,Synthetic Corridor Express 03,EXPRESS,SEC-NDLS-RE,2025-01-31,05:24:00,06:16:00,05:29:00,06:22:00,6,HIGH
TRN-12003,Synthetic Corridor Express 03,EXPRESS,SEC-RE-AWR,2025-01-31,06:22:00,07:12:00,06:28:00,07:18:00,6,HIGH
TRN-12003,Synthetic Corridor Express 03,EXPRESS,SEC-AWR-BKI,2025-01-31,07:18:00,08:03:00,07:25:00,08:12:00,9,HIGH
TRN-12003,Synthetic Corridor Express 03,EXPRESS,SEC-BKI-JP,2025-01-31,08:09:00,09:04:00,08:19:00,09:14:00,10,HIGH
TRN-12005,Synthetic Corridor Express 05,EXPRESS,SEC-NDLS-RE,2025-01-31,06:18:00,07:10:00,06:21:00,07:13:00,3,HIGH
TRN-12005,Synthetic Corridor Express 05,EXPRESS,SEC-RE-AWR,2025-01-31,07:16:00,08:06:00,07:20:00,08:10:00,4,HIGH
TRN-12005,Synthetic Corridor Express 05,EXPRESS,SEC-AWR-BKI,2025-01-31,08:12:00,08:57:00,08:16:00,09:04:00,7,HIGH
TRN-12005,Synthetic Corridor Express 05,EXPRESS,SEC-BKI-JP,2025-01-31,09:03:00,09:58:00,09:10:00,10:06:00,8,HIGH
TRN-12006,Synthetic Corridor Express 06,EXPRESS,SEC-NDLS-RE,2025-01-31,06:45:00,07:37:00,06:51:00,07:43:00,6,HIGH
TRN-12006,Synthetic Corridor Express 06,EXPRESS,SEC-RE-AWR,2025-01-31,07:43:00,08:33:00,07:49:00,08:40:00,7,HIGH
TRN-12006,Synthetic Corridor Express 06,EXPRESS,SEC-AWR-BKI,2025-01-31,08:39:00,09:24:00,08:46:00,09:32:00,8,HIGH
TRN-12006,Synthetic Corridor Express 06,EXPRESS,SEC-BKI-JP,2025-01-31,09:30:00,10:25:00,09:38:00,10:33:00,8,HIGH
TRN-12007,Synthetic Corridor Express 07,EXPRESS,SEC-NDLS-RE,2025-01-31,07:12:00,08:04:00,07:13:00,08:05:00,1,HIGH
TRN-12007,Synthetic Corridor Express 07,EXPRESS,SEC-RE-AWR,2025-01-31,08:10:00,09:00:00,08:14:00,09:06:00,6,HIGH
TRN-12007,Synthetic Corridor Express 07,EXPRESS,SEC-AWR-BKI,2025-01-31,09:06:00,09:51:00,09:12:00,09:59:00,8,HIGH
TRN-12007,Synthetic Corridor Express 07,EXPRESS,SEC-BKI-JP,2025-01-31,09:57:00,10:52:00,10:05:00,11:00:00,8,HIGH
TRN-12009,Synthetic Corridor Express 09,EXPRESS,SEC-NDLS-RE,2025-01-31,08:06:00,08:58:00,08:11:00,09:05:00,7,HIGH
TRN-12009,Synthetic Corridor Express 09,EXPRESS,SEC-RE-AWR,2025-01-31,09:04:00,09:54:00,09:11:00,10:02:00,8,HIGH
TRN-12009,Synthetic Corridor Express 09,EXPRESS,SEC-AWR-BKI,2025-01-31,10:00:00,10:45:00,10:08:00,10:53:00,8,HIGH
TRN-12009,Synthetic Corridor Express 09,EXPRESS,SEC-BKI-JP,2025-01-31,10:51:00,11:46:00,10:59:00,11:55:00,9,HIGH
TRN-12010,Synthetic Corridor Express 10,EXPRESS,SEC-NDLS-RE,2025-01-31,08:33:00,09:25:00,08:41:00,09:34:00,9,HIGH
TRN-12010,Synthetic Corridor Express 10,EXPRESS,SEC-RE-AWR,2025-01-31,09:31:00,10:21:00,09:40:00,10:30:00,9,HIGH
TRN-12010,Synthetic Corridor Express 10,EXPRESS,SEC-AWR-BKI,2025-01-31,10:27:00,11:12:00,10:36:00,11:23:00,11,HIGH
TRN-12010,Synthetic Corridor Express 10,EXPRESS,SEC-BKI-JP,2025-01-31,11:18:00,12:13:00,11:29:00,12:24:00,11,HIGH
TRN-12011,Synthetic Corridor Passenger 11,PASSENGER,SEC-NDLS-RE,2025-01-31,09:00:00,10:02:00,09:06:00,10:09:00,7,MEDIUM
TRN-12011,Synthetic Corridor Passenger 11,PASSENGER,SEC-RE-AWR,2025-01-31,10:11:00,11:10:00,10:18:00,11:17:00,7,MEDIUM
TRN-12011,Synthetic Corridor Passenger 11,PASSENGER,SEC-AWR-BKI,2025-01-31,11:19:00,12:12:00,11:29:00,12:22:00,10,MEDIUM
TRN-12011,Synthetic Corridor Passenger 11,PASSENGER,SEC-BKI-JP,2025-01-31,12:21:00,13:27:00,12:31:00,13:39:00,12,MEDIUM
TRN-12012,Synthetic Corridor Passenger 12,PASSENGER,SEC-NDLS-RE,2025-01-31,09:27:00,10:29:00,09:31:00,10:35:00,6,MEDIUM
TRN-12012,Synthetic Corridor Passenger 12,PASSENGER,SEC-RE-AWR,2025-01-31,10:38:00,11:37:00,10:44:00,11:44:00,7,MEDIUM
TRN-12012,Synthetic Corridor Passenger 12,PASSENGER,SEC-AWR-BKI,2025-01-31,11:46:00,12:39:00,11:53:00,12:47:00,8,MEDIUM
TRN-12012,Synthetic Corridor Passenger 12,PASSENGER,SEC-BKI-JP,2025-01-31,12:48:00,13:54:00,12:56:00,14:02:00,8,MEDIUM
TRN-12013,Synthetic Corridor Passenger 13,PASSENGER,SEC-NDLS-RE,2025-01-31,09:54:00,10:56:00,09:59:00,11:01:00,5,MEDIUM
TRN-12013,Synthetic Corridor Passenger 13,PASSENGER,SEC-RE-AWR,2025-01-31,11:05:00,12:04:00,11:11:00,12:10:00,6,MEDIUM
TRN-12013,Synthetic Corridor Passenger 13,PASSENGER,SEC-AWR-BKI,2025-01-31,12:13:00,13:06:00,12:19:00,13:13:00,7,MEDIUM
TRN-12013,Synthetic Corridor Passenger 13,PASSENGER,SEC-BKI-JP,2025-01-31,13:15:00,14:21:00,13:22:00,14:28:00,7,MEDIUM
TRN-12014,Synthetic Corridor Passenger 14,PASSENGER,SEC-NDLS-RE,2025-01-31,10:21:00,11:23:00,10:26:00,11:29:00,6,MEDIUM
TRN-12014,Synthetic Corridor Passenger 14,PASSENGER,SEC-RE-AWR,2025-01-31,11:32:00,12:31:00,11:38:00,12:38:00,7,MEDIUM
TRN-12014,Synthetic Corridor Passenger 14,PASSENGER,SEC-AWR-BKI,2025-01-31,12:40:00,13:33:00,12:47:00,13:40:00,7,MEDIUM
TRN-12014,Synthetic Corridor Passenger 14,PASSENGER,SEC-BKI-JP,2025-01-31,13:42:00,14:48:00,13:49:00,14:55:00,7,MEDIUM
TRN-12015,Synthetic Corridor Passenger 15,PASSENGER,SEC-NDLS-RE,2025-01-31,10:48:00,11:50:00,10:53:00,11:57:00,7,MEDIUM
TRN-12015,Synthetic Corridor Passenger 15,PASSENGER,SEC-RE-AWR,2025-01-31,11:59:00,12:58:00,12:07:00,13:07:00,9,MEDIUM
TRN-12015,Synthetic Corridor Passenger 15,PASSENGER,SEC-AWR-BKI,2025-01-31,13:07:00,14:00:00,13:16:00,14:11:00,11,MEDIUM
TRN-12015,Synthetic Corridor Passenger 15,PASSENGER,SEC-BKI-JP,2025-01-31,14:09:00,15:15:00,14:20:00,15:28:00,13,MEDIUM
TRN-12016,Synthetic Corridor Passenger 16,PASSENGER,SEC-NDLS-RE,2025-01-31,11:15:00,12:17:00,11:18:00,12:21:00,4,MEDIUM
TRN-12016,Synthetic Corridor Passenger 16,PASSENGER,SEC-RE-AWR,2025-01-31,12:26:00,13:25:00,12:30:00,13:29:00,4,MEDIUM
TRN-12016,Synthetic Corridor Passenger 16,PASSENGER,SEC-AWR-BKI,2025-01-31,13:34:00,14:27:00,13:38:00,14:32:00,5,MEDIUM
TRN-12016,Synthetic Corridor Passenger 16,PASSENGER,SEC-BKI-JP,2025-01-31,14:36:00,15:42:00,14:41:00,15:48:00,6,MEDIUM
TRN-12017,Synthetic Corridor Passenger 17,PASSENGER,SEC-NDLS-RE,2025-01-31,11:42:00,12:44:00,11:46:00,12:49:00,5,MEDIUM
TRN-12017,Synthetic Corridor Passenger 17,PASSENGER,SEC-RE-AWR,2025-01-31,12:53:00,13:52:00,12:59:00,14:00:00,8,MEDIUM
TRN-12017,Synthetic Corridor Passenger 17,PASSENGER,SEC-AWR-BKI,2025-01-31,14:01:00,14:54:00,14:09:00,15:03:00,9,MEDIUM
TRN-12017,Synthetic Corridor Passenger 17,PASSENGER,SEC-BKI-JP,2025-01-31,15:03:00,16:09:00,15:12:00,16:18:00,9,MEDIUM
TRN-12018,Synthetic Corridor Passenger 18,PASSENGER,SEC-NDLS-RE,2025-01-31,12:09:00,13:11:00,12:14:00,13:17:00,6,MEDIUM
TRN-12018,Synthetic Corridor Passenger 18,PASSENGER,SEC-RE-AWR,2025-01-31,13:20:00,14:19:00,13:26:00,14:25:00,6,MEDIUM
TRN-12018,Synthetic Corridor Passenger 18,PASSENGER,SEC-AWR-BKI,2025-01-31,14:28:00,15:21:00,14:34:00,15:27:00,6,MEDIUM
TRN-12018,Synthetic Corridor Passenger 18,PASSENGER,SEC-BKI-JP,2025-01-31,15:30:00,16:36:00,15:36:00,16:42:00,6,MEDIUM
TRN-12019,Synthetic Corridor Freight 19,FREIGHT,SEC-NDLS-RE,2025-01-31,12:36:00,13:58:00,12:38:00,14:03:00,5,LOW
TRN-12019,Synthetic Corridor Freight 19,FREIGHT,SEC-RE-AWR,2025-01-31,14:10:00,15:28:00,14:15:00,15:36:00,8,LOW
TRN-12019,Synthetic Corridor Freight 19,FREIGHT,SEC-AWR-BKI,2025-01-31,15:40:00,16:51:00,15:48:00,17:00:00,9,LOW
TRN-12019,Synthetic Corridor Freight 19,FREIGHT,SEC-BKI-JP,2025-01-31,17:03:00,18:31:00,17:12:00,18:42:00,11,LOW
TRN-12021,Synthetic Corridor Freight 21,FREIGHT,SEC-NDLS-RE,2025-01-31,13:30:00,14:52:00,13:35:00,14:57:00,5,LOW
TRN-12021,Synthetic Corridor Freight 21,FREIGHT,SEC-RE-AWR,2025-01-31,15:04:00,16:22:00,15:10:00,16:29:00,7,LOW
TRN-12021,Synthetic Corridor Freight 21,FREIGHT,SEC-AWR-BKI,2025-01-31,16:34:00,17:45:00,16:41:00,17:54:00,9,LOW
TRN-12021,Synthetic Corridor Freight 21,FREIGHT,SEC-BKI-JP,2025-01-31,17:57:00,19:25:00,18:07:00,19:37:00,12,LOW
TRN-12022,Synthetic Corridor Freight 22,FREIGHT,SEC-NDLS-RE,2025-01-31,13:57:00,15:19:00,14:05:00,15:31:00,12,LOW
TRN-12022,Synthetic Corridor Freight 22,FREIGHT,SEC-RE-AWR,2025-01-31,15:31:00,16:49:00,15:43:00,17:02:00,13,LOW
TRN-12022,Synthetic Corridor Freight 22,FREIGHT,SEC-AWR-BKI,2025-01-31,17:01:00,18:12:00,17:14:00,18:27:00,15,LOW
TRN-12022,Synthetic Corridor Freight 22,FREIGHT,SEC-BKI-JP,2025-01-31,18:24:00,19:52:00,18:39:00,20:09:00,17,LOW
TRN-12023,Synthetic Corridor Freight 23,FREIGHT,SEC-NDLS-RE,2025-01-31,14:24:00,15:46:00,14:30:00,15:53:00,7,LOW
TRN-12023,Synthetic Corridor Freight 23,FREIGHT,SEC-RE-AWR,2025-01-31,15:58:00,17:16:00,16:05:00,17:24:00,8,LOW
TRN-12023,Synthetic Corridor Freight 23,FREIGHT,SEC-AWR-BKI,2025-01-31,17:28:00,18:39:00,17:36:00,18:47:00,8,LOW
TRN-12023,Synthetic Corridor Freight 23,FREIGHT,SEC-BKI-JP,2025-01-31,18:51:00,20:19:00,18:59:00,20:28:00,9,LOW
TRN-12001,Synthetic Corridor Express 01,EXPRESS,SEC-NDLS-RE,2025-02-01,04:30:00,05:22:00,04:32:00,05:25:00,3,HIGH
TRN-12001,Synthetic Corridor Express 01,EXPRESS,SEC-RE-AWR,2025-02-01,05:28:00,06:18:00,05:31:00,06:22:00,4,HIGH
TRN-12001,Synthetic Corridor Express 01,EXPRESS,SEC-AWR-BKI,2025-02-01,06:24:00,07:09:00,06:29:00,07:14:00,5,HIGH
TRN-12001,Synthetic Corridor Express 01,EXPRESS,SEC-BKI-JP,2025-02-01,07:15:00,08:10:00,07:21:00,08:18:00,8,HIGH
TRN-12004,Synthetic Corridor Express 04,EXPRESS,SEC-NDLS-RE,2025-02-01,05:51:00,06:43:00,05:55:00,06:48:00,5,HIGH
TRN-12004,Synthetic Corridor Express 04,EXPRESS,SEC-RE-AWR,2025-02-01,06:49:00,07:39:00,06:55:00,07:47:00,8,HIGH
TRN-12004,Synthetic Corridor Express 04,EXPRESS,SEC-AWR-BKI,2025-02-01,07:45:00,08:30:00,07:54:00,08:39:00,9,HIGH
TRN-12004,Synthetic Corridor Express 04,EXPRESS,SEC-BKI-JP,2025-02-01,08:36:00,09:31:00,08:45:00,09:40:00,9,HIGH
TRN-12005,Synthetic Corridor Express 05,EXPRESS,SEC-NDLS-RE,2025-02-01,06:18:00,07:10:00,06:23:00,07:16:00,6,HIGH
TRN-12005,Synthetic Corridor Express 05,EXPRESS,SEC-RE-AWR,2025-02-01,07:16:00,08:06:00,07:23:00,08:14:00,8,HIGH
TRN-12005,Synthetic Corridor Express 05,EXPRESS,SEC-AWR-BKI,2025-02-01,08:12:00,08:57:00,08:20:00,09:06:00,9,HIGH
TRN-12005,Synthetic Corridor Express 05,EXPRESS,SEC-BKI-JP,2025-02-01,09:03:00,09:58:00,09:14:00,10:09:00,11,HIGH
TRN-12008,Synthetic Corridor Express 08,EXPRESS,SEC-NDLS-RE,2025-02-01,07:39:00,08:31:00,07:48:00,08:40:00,9,HIGH
TRN-12008,Synthetic Corridor Express 08,EXPRESS,SEC-RE-AWR,2025-02-01,08:37:00,09:27:00,08:46:00,09:36:00,9,HIGH
TRN-12008,Synthetic Corridor Express 08,EXPRESS,SEC-AWR-BKI,2025-02-01,09:33:00,10:18:00,09:42:00,10:28:00,10,HIGH
TRN-12008,Synthetic Corridor Express 08,EXPRESS,SEC-BKI-JP,2025-02-01,10:24:00,11:19:00,10:34:00,11:30:00,11,HIGH
TRN-12009,Synthetic Corridor Express 09,EXPRESS,SEC-NDLS-RE,2025-02-01,08:06:00,08:58:00,08:09:00,09:02:00,4,HIGH
TRN-12009,Synthetic Corridor Express 09,EXPRESS,SEC-RE-AWR,2025-02-01,09:04:00,09:54:00,09:08:00,09:58:00,4,HIGH
TRN-12009,Synthetic Corridor Express 09,EXPRESS,SEC-AWR-BKI,2025-02-01,10:00:00,10:45:00,10:04:00,10:50:00,5,HIGH
TRN-12009,Synthetic Corridor Express 09,EXPRESS,SEC-BKI-JP,2025-02-01,10:51:00,11:46:00,10:56:00,11:51:00,5,HIGH
TRN-12011,Synthetic Corridor Passenger 11,PASSENGER,SEC-NDLS-RE,2025-02-01,09:00:00,10:02:00,09:06:00,10:09:00,7,MEDIUM
TRN-12011,Synthetic Corridor Passenger 11,PASSENGER,SEC-RE-AWR,2025-02-01,10:11:00,11:10:00,10:19:00,11:19:00,9,MEDIUM
TRN-12011,Synthetic Corridor Passenger 11,PASSENGER,SEC-AWR-BKI,2025-02-01,11:19:00,12:12:00,11:29:00,12:24:00,12,MEDIUM
TRN-12011,Synthetic Corridor Passenger 11,PASSENGER,SEC-BKI-JP,2025-02-01,12:21:00,13:27:00,12:34:00,13:41:00,14,MEDIUM
TRN-12012,Synthetic Corridor Passenger 12,PASSENGER,SEC-NDLS-RE,2025-02-01,09:27:00,10:29:00,09:31:00,10:34:00,5,MEDIUM
TRN-12012,Synthetic Corridor Passenger 12,PASSENGER,SEC-RE-AWR,2025-02-01,10:38:00,11:37:00,10:43:00,11:43:00,6,MEDIUM
TRN-12012,Synthetic Corridor Passenger 12,PASSENGER,SEC-AWR-BKI,2025-02-01,11:46:00,12:39:00,11:53:00,12:47:00,8,MEDIUM
TRN-12012,Synthetic Corridor Passenger 12,PASSENGER,SEC-BKI-JP,2025-02-01,12:48:00,13:54:00,12:57:00,14:03:00,9,MEDIUM
TRN-12013,Synthetic Corridor Passenger 13,PASSENGER,SEC-NDLS-RE,2025-02-01,09:54:00,10:56:00,09:58:00,11:01:00,5,MEDIUM
TRN-12013,Synthetic Corridor Passenger 13,PASSENGER,SEC-RE-AWR,2025-02-01,11:05:00,12:04:00,11:10:00,12:09:00,5,MEDIUM
TRN-12013,Synthetic Corridor Passenger 13,PASSENGER,SEC-AWR-BKI,2025-02-01,12:13:00,13:06:00,12:18:00,13:13:00,7,MEDIUM
TRN-12013,Synthetic Corridor Passenger 13,PASSENGER,SEC-BKI-JP,2025-02-01,13:15:00,14:21:00,13:23:00,14:30:00,9,MEDIUM
TRN-12014,Synthetic Corridor Passenger 14,PASSENGER,SEC-NDLS-RE,2025-02-01,10:21:00,11:23:00,10:23:00,11:26:00,3,MEDIUM
TRN-12014,Synthetic Corridor Passenger 14,PASSENGER,SEC-RE-AWR,2025-02-01,11:32:00,12:31:00,11:35:00,12:34:00,3,MEDIUM
TRN-12014,Synthetic Corridor Passenger 14,PASSENGER,SEC-AWR-BKI,2025-02-01,12:40:00,13:33:00,12:45:00,13:40:00,7,MEDIUM
TRN-12014,Synthetic Corridor Passenger 14,PASSENGER,SEC-BKI-JP,2025-02-01,13:42:00,14:48:00,13:49:00,14:55:00,7,MEDIUM
TRN-12015,Synthetic Corridor Passenger 15,PASSENGER,SEC-NDLS-RE,2025-02-01,10:48:00,11:50:00,10:50:00,11:52:00,2,MEDIUM
TRN-12015,Synthetic Corridor Passenger 15,PASSENGER,SEC-RE-AWR,2025-02-01,11:59:00,12:58:00,12:01:00,13:00:00,2,MEDIUM
TRN-12015,Synthetic Corridor Passenger 15,PASSENGER,SEC-AWR-BKI,2025-02-01,13:07:00,14:00:00,13:09:00,14:02:00,2,MEDIUM
TRN-12015,Synthetic Corridor Passenger 15,PASSENGER,SEC-BKI-JP,2025-02-01,14:09:00,15:15:00,14:11:00,15:17:00,2,MEDIUM
TRN-12016,Synthetic Corridor Passenger 16,PASSENGER,SEC-NDLS-RE,2025-02-01,11:15:00,12:17:00,11:17:00,12:19:00,2,MEDIUM
TRN-12016,Synthetic Corridor Passenger 16,PASSENGER,SEC-RE-AWR,2025-02-01,12:26:00,13:25:00,12:28:00,13:29:00,4,MEDIUM
TRN-12016,Synthetic Corridor Passenger 16,PASSENGER,SEC-AWR-BKI,2025-02-01,13:34:00,14:27:00,13:38:00,14:31:00,4,MEDIUM
TRN-12016,Synthetic Corridor Passenger 16,PASSENGER,SEC-BKI-JP,2025-02-01,14:36:00,15:42:00,14:40:00,15:46:00,4,MEDIUM
TRN-12017,Synthetic Corridor Passenger 17,PASSENGER,SEC-NDLS-RE,2025-02-01,11:42:00,12:44:00,11:45:00,12:50:00,6,MEDIUM
TRN-12017,Synthetic Corridor Passenger 17,PASSENGER,SEC-RE-AWR,2025-02-01,12:53:00,13:52:00,12:59:00,14:00:00,8,MEDIUM
TRN-12017,Synthetic Corridor Passenger 17,PASSENGER,SEC-AWR-BKI,2025-02-01,14:01:00,14:54:00,14:09:00,15:02:00,8,MEDIUM
TRN-12017,Synthetic Corridor Passenger 17,PASSENGER,SEC-BKI-JP,2025-02-01,15:03:00,16:09:00,15:11:00,16:19:00,10,MEDIUM
TRN-12018,Synthetic Corridor Passenger 18,PASSENGER,SEC-NDLS-RE,2025-02-01,12:09:00,13:11:00,12:09:00,13:13:00,2,MEDIUM
TRN-12018,Synthetic Corridor Passenger 18,PASSENGER,SEC-RE-AWR,2025-02-01,13:20:00,14:19:00,13:22:00,14:23:00,4,MEDIUM
TRN-12018,Synthetic Corridor Passenger 18,PASSENGER,SEC-AWR-BKI,2025-02-01,14:28:00,15:21:00,14:32:00,15:25:00,4,MEDIUM
TRN-12018,Synthetic Corridor Passenger 18,PASSENGER,SEC-BKI-JP,2025-02-01,15:30:00,16:36:00,15:34:00,16:41:00,5,MEDIUM
TRN-12020,Synthetic Corridor Freight 20,FREIGHT,SEC-NDLS-RE,2025-02-01,13:03:00,14:25:00,13:05:00,14:27:00,2,LOW
TRN-12020,Synthetic Corridor Freight 20,FREIGHT,SEC-RE-AWR,2025-02-01,14:37:00,15:55:00,14:39:00,15:57:00,2,LOW
TRN-12020,Synthetic Corridor Freight 20,FREIGHT,SEC-AWR-BKI,2025-02-01,16:07:00,17:18:00,16:10:00,17:22:00,4,LOW
TRN-12020,Synthetic Corridor Freight 20,FREIGHT,SEC-BKI-JP,2025-02-01,17:30:00,18:58:00,17:34:00,19:02:00,4,LOW
TRN-12021,Synthetic Corridor Freight 21,FREIGHT,SEC-NDLS-RE,2025-02-01,13:30:00,14:52:00,13:36:00,14:58:00,6,LOW
TRN-12021,Synthetic Corridor Freight 21,FREIGHT,SEC-RE-AWR,2025-02-01,15:04:00,16:22:00,15:10:00,16:28:00,6,LOW
TRN-12021,Synthetic Corridor Freight 21,FREIGHT,SEC-AWR-BKI,2025-02-01,16:34:00,17:45:00,16:41:00,17:54:00,9,LOW
TRN-12021,Synthetic Corridor Freight 21,FREIGHT,SEC-BKI-JP,2025-02-01,17:57:00,19:25:00,18:06:00,19:34:00,9,LOW
TRN-12024,Synthetic Corridor Freight 24,FREIGHT,SEC-NDLS-RE,2025-02-01,14:51:00,16:13:00,14:53:00,16:15:00,2,LOW
TRN-12024,Synthetic Corridor Freight 24,FREIGHT,SEC-RE-AWR,2025-02-01,16:25:00,17:43:00,16:27:00,17:47:00,4,LOW
TRN-12024,Synthetic Corridor Freight 24,FREIGHT,SEC-AWR-BKI,2025-02-01,17:55:00,19:06:00,18:00:00,19:13:00,7,LOW
TRN-12024,Synthetic Corridor Freight 24,FREIGHT,SEC-BKI-JP,2025-02-01,19:18:00,20:46:00,19:25:00,20:55:00,9,LOW
TRN-12001,Synthetic Corridor Express 01,EXPRESS,SEC-NDLS-RE,2025-02-02,04:30:00,05:22:00,04:38:00,05:33:00,11,HIGH
TRN-12001,Synthetic Corridor Express 01,EXPRESS,SEC-RE-AWR,2025-02-02,05:28:00,06:18:00,05:39:00,06:30:00,12,HIGH
TRN-12001,Synthetic Corridor Express 01,EXPRESS,SEC-AWR-BKI,2025-02-02,06:24:00,07:09:00,06:36:00,07:23:00,14,HIGH
TRN-12001,Synthetic Corridor Express 01,EXPRESS,SEC-BKI-JP,2025-02-02,07:15:00,08:10:00,07:32:00,08:27:00,17,HIGH
TRN-12003,Synthetic Corridor Express 03,EXPRESS,SEC-NDLS-RE,2025-02-02,05:24:00,06:16:00,05:29:00,06:23:00,7,HIGH
TRN-12003,Synthetic Corridor Express 03,EXPRESS,SEC-RE-AWR,2025-02-02,06:22:00,07:12:00,06:29:00,07:20:00,8,HIGH
TRN-12003,Synthetic Corridor Express 03,EXPRESS,SEC-AWR-BKI,2025-02-02,07:18:00,08:03:00,07:26:00,08:13:00,10,HIGH
TRN-12003,Synthetic Corridor Express 03,EXPRESS,SEC-BKI-JP,2025-02-02,08:09:00,09:04:00,08:21:00,09:21:00,17,HIGH
TRN-12005,Synthetic Corridor Express 05,EXPRESS,SEC-NDLS-RE,2025-02-02,06:18:00,07:10:00,06:34:00,07:27:00,17,HIGH
TRN-12005,Synthetic Corridor Express 05,EXPRESS,SEC-RE-AWR,2025-02-02,07:16:00,08:06:00,07:33:00,08:26:00,20,HIGH
TRN-12005,Synthetic Corridor Express 05,EXPRESS,SEC-AWR-BKI,2025-02-02,08:12:00,08:57:00,08:32:00,09:19:00,22,HIGH
TRN-12005,Synthetic Corridor Express 05,EXPRESS,SEC-BKI-JP,2025-02-02,09:03:00,09:58:00,09:26:00,10:23:00,25,HIGH
TRN-12007,Synthetic Corridor Express 07,EXPRESS,SEC-NDLS-RE,2025-02-02,07:12:00,08:04:00,07:26:00,08:20:00,16,HIGH
TRN-12007,Synthetic Corridor Express 07,EXPRESS,SEC-RE-AWR,2025-02-02,08:10:00,09:00:00,08:30:00,09:21:00,21,HIGH
TRN-12007,Synthetic Corridor Express 07,EXPRESS,SEC-AWR-BKI,2025-02-02,09:06:00,09:51:00,09:27:00,10:14:00,23,HIGH
TRN-12007,Synthetic Corridor Express 07,EXPRESS,SEC-BKI-JP,2025-02-02,09:57:00,10:52:00,10:21:00,11:17:00,25,HIGH
TRN-12009,Synthetic Corridor Express 09,EXPRESS,SEC-NDLS-RE,2025-02-02,08:06:00,08:58:00,08:13:00,09:07:00,9,HIGH
TRN-12009,Synthetic Corridor Express 09,EXPRESS,SEC-RE-AWR,2025-02-02,09:04:00,09:54:00,09:15:00,10:06:00,12,HIGH
TRN-12009,Synthetic Corridor Express 09,EXPRESS,SEC-AWR-BKI,2025-02-02,10:00:00,10:45:00,10:12:00,10:59:00,14,HIGH
TRN-12009,Synthetic Corridor Express 09,EXPRESS,SEC-BKI-JP,2025-02-02,10:51:00,11:46:00,11:06:00,12:03:00,17,HIGH
TRN-12011,Synthetic Corridor Passenger 11,PASSENGER,SEC-NDLS-RE,2025-02-02,09:00:00,10:02:00,09:16:00,10:22:00,20,MEDIUM
TRN-12011,Synthetic Corridor Passenger 11,PASSENGER,SEC-RE-AWR,2025-02-02,10:11:00,11:10:00,10:32:00,11:32:00,22,MEDIUM
TRN-12011,Synthetic Corridor Passenger 11,PASSENGER,SEC-AWR-BKI,2025-02-02,11:19:00,12:12:00,11:42:00,12:36:00,24,MEDIUM
TRN-12011,Synthetic Corridor Passenger 11,PASSENGER,SEC-BKI-JP,2025-02-02,12:21:00,13:27:00,12:46:00,13:54:00,27,MEDIUM
TRN-12012,Synthetic Corridor Passenger 12,PASSENGER,SEC-NDLS-RE,2025-02-02,09:27:00,10:29:00,09:38:00,10:42:00,13,MEDIUM
TRN-12012,Synthetic Corridor Passenger 12,PASSENGER,SEC-RE-AWR,2025-02-02,10:38:00,11:37:00,10:52:00,11:53:00,16,MEDIUM
TRN-12012,Synthetic Corridor Passenger 12,PASSENGER,SEC-AWR-BKI,2025-02-02,11:46:00,12:39:00,12:05:00,13:03:00,24,MEDIUM
TRN-12012,Synthetic Corridor Passenger 12,PASSENGER,SEC-BKI-JP,2025-02-02,12:48:00,13:54:00,13:12:00,14:20:00,26,MEDIUM
TRN-12013,Synthetic Corridor Passenger 13,PASSENGER,SEC-NDLS-RE,2025-02-02,09:54:00,10:56:00,10:07:00,11:11:00,15,MEDIUM
TRN-12013,Synthetic Corridor Passenger 13,PASSENGER,SEC-RE-AWR,2025-02-02,11:05:00,12:04:00,11:20:00,12:28:00,24,MEDIUM
TRN-12013,Synthetic Corridor Passenger 13,PASSENGER,SEC-AWR-BKI,2025-02-02,12:13:00,13:06:00,12:38:00,13:32:00,26,MEDIUM
TRN-12013,Synthetic Corridor Passenger 13,PASSENGER,SEC-BKI-JP,2025-02-02,13:15:00,14:21:00,13:42:00,14:50:00,29,MEDIUM
TRN-12014,Synthetic Corridor Passenger 14,PASSENGER,SEC-NDLS-RE,2025-02-02,10:21:00,11:23:00,10:30:00,11:34:00,11,MEDIUM
TRN-12014,Synthetic Corridor Passenger 14,PASSENGER,SEC-RE-AWR,2025-02-02,11:32:00,12:31:00,11:44:00,12:49:00,18,MEDIUM
TRN-12014,Synthetic Corridor Passenger 14,PASSENGER,SEC-AWR-BKI,2025-02-02,12:40:00,13:33:00,12:58:00,13:52:00,19,MEDIUM
TRN-12014,Synthetic Corridor Passenger 14,PASSENGER,SEC-BKI-JP,2025-02-02,13:42:00,14:48:00,14:01:00,15:07:00,19,MEDIUM
TRN-12015,Synthetic Corridor Passenger 15,PASSENGER,SEC-NDLS-RE,2025-02-02,10:48:00,11:50:00,10:56:00,12:02:00,12,MEDIUM
TRN-12015,Synthetic Corridor Passenger 15,PASSENGER,SEC-RE-AWR,2025-02-02,11:59:00,12:58:00,12:11:00,13:11:00,13,MEDIUM
TRN-12015,Synthetic Corridor Passenger 15,PASSENGER,SEC-AWR-BKI,2025-02-02,13:07:00,14:00:00,13:20:00,14:17:00,17,MEDIUM
TRN-12015,Synthetic Corridor Passenger 15,PASSENGER,SEC-BKI-JP,2025-02-02,14:09:00,15:15:00,14:27:00,15:38:00,23,MEDIUM
TRN-12016,Synthetic Corridor Passenger 16,PASSENGER,SEC-NDLS-RE,2025-02-02,11:15:00,12:17:00,11:18:00,12:22:00,5,MEDIUM
TRN-12016,Synthetic Corridor Passenger 16,PASSENGER,SEC-RE-AWR,2025-02-02,12:26:00,13:25:00,12:31:00,13:34:00,9,MEDIUM
TRN-12016,Synthetic Corridor Passenger 16,PASSENGER,SEC-AWR-BKI,2025-02-02,13:34:00,14:27:00,13:45:00,14:40:00,13,MEDIUM
TRN-12016,Synthetic Corridor Passenger 16,PASSENGER,SEC-BKI-JP,2025-02-02,14:36:00,15:42:00,14:51:00,16:00:00,18,MEDIUM
TRN-12017,Synthetic Corridor Passenger 17,PASSENGER,SEC-NDLS-RE,2025-02-02,11:42:00,12:44:00,11:50:00,12:54:00,10,MEDIUM
TRN-12017,Synthetic Corridor Passenger 17,PASSENGER,SEC-RE-AWR,2025-02-02,12:53:00,13:52:00,13:06:00,14:05:00,13,MEDIUM
TRN-12017,Synthetic Corridor Passenger 17,PASSENGER,SEC-AWR-BKI,2025-02-02,14:01:00,14:54:00,14:14:00,15:09:00,15,MEDIUM
TRN-12017,Synthetic Corridor Passenger 17,PASSENGER,SEC-BKI-JP,2025-02-02,15:03:00,16:09:00,15:19:00,16:28:00,19,MEDIUM
TRN-12018,Synthetic Corridor Passenger 18,PASSENGER,SEC-NDLS-RE,2025-02-02,12:09:00,13:11:00,12:20:00,13:26:00,15,MEDIUM
TRN-12018,Synthetic Corridor Passenger 18,PASSENGER,SEC-RE-AWR,2025-02-02,13:20:00,14:19:00,13:38:00,14:38:00,19,MEDIUM
TRN-12018,Synthetic Corridor Passenger 18,PASSENGER,SEC-AWR-BKI,2025-02-02,14:28:00,15:21:00,14:48:00,15:46:00,25,MEDIUM
TRN-12018,Synthetic Corridor Passenger 18,PASSENGER,SEC-BKI-JP,2025-02-02,15:30:00,16:36:00,15:57:00,17:05:00,29,MEDIUM
TRN-12019,Synthetic Corridor Freight 19,FREIGHT,SEC-NDLS-RE,2025-02-02,12:36:00,13:58:00,12:46:00,14:14:00,16,LOW
TRN-12019,Synthetic Corridor Freight 19,FREIGHT,SEC-RE-AWR,2025-02-02,14:10:00,15:28:00,14:26:00,15:46:00,18,LOW
TRN-12019,Synthetic Corridor Freight 19,FREIGHT,SEC-AWR-BKI,2025-02-02,15:40:00,16:51:00,16:00:00,17:14:00,23,LOW
TRN-12019,Synthetic Corridor Freight 19,FREIGHT,SEC-BKI-JP,2025-02-02,17:03:00,18:31:00,17:26:00,18:56:00,25,LOW
TRN-12021,Synthetic Corridor Freight 21,FREIGHT,SEC-NDLS-RE,2025-02-02,13:30:00,14:52:00,13:35:00,14:58:00,6,LOW
TRN-12021,Synthetic Corridor Freight 21,FREIGHT,SEC-RE-AWR,2025-02-02,15:04:00,16:22:00,15:10:00,16:29:00,7,LOW
TRN-12021,Synthetic Corridor Freight 21,FREIGHT,SEC-AWR-BKI,2025-02-02,16:34:00,17:45:00,16:41:00,17:55:00,10,LOW
TRN-12021,Synthetic Corridor Freight 21,FREIGHT,SEC-BKI-JP,2025-02-02,17:57:00,19:25:00,18:07:00,19:38:00,13,LOW
TRN-12023,Synthetic Corridor Freight 23,FREIGHT,SEC-NDLS-RE,2025-02-02,14:24:00,15:46:00,14:34:00,16:00:00,14,LOW
TRN-12023,Synthetic Corridor Freight 23,FREIGHT,SEC-RE-AWR,2025-02-02,15:58:00,17:16:00,16:14:00,17:33:00,17,LOW
TRN-12023,Synthetic Corridor Freight 23,FREIGHT,SEC-AWR-BKI,2025-02-02,17:28:00,18:39:00,17:46:00,19:02:00,23,LOW
TRN-12023,Synthetic Corridor Freight 23,FREIGHT,SEC-BKI-JP,2025-02-02,18:51:00,20:19:00,19:15:00,20:46:00,27,LOW
TRN-12001,Synthetic Corridor Express 01,EXPRESS,SEC-NDLS-RE,2025-02-03,04:30:00,05:22:00,04:32:00,05:24:00,2,HIGH
TRN-12001,Synthetic Corridor Express 01,EXPRESS,SEC-RE-AWR,2025-02-03,05:28:00,06:18:00,05:30:00,06:20:00,2,HIGH
TRN-12001,Synthetic Corridor Express 01,EXPRESS,SEC-AWR-BKI,2025-02-03,06:24:00,07:09:00,06:26:00,07:11:00,2,HIGH
TRN-12001,Synthetic Corridor Express 01,EXPRESS,SEC-BKI-JP,2025-02-03,07:15:00,08:10:00,07:17:00,08:12:00,2,HIGH
TRN-12002,Synthetic Corridor Express 02,EXPRESS,SEC-NDLS-RE,2025-02-03,04:57:00,05:49:00,04:59:00,05:51:00,2,HIGH
TRN-12002,Synthetic Corridor Express 02,EXPRESS,SEC-RE-AWR,2025-02-03,05:55:00,06:45:00,05:57:00,06:47:00,2,HIGH
TRN-12002,Synthetic Corridor Express 02,EXPRESS,SEC-AWR-BKI,2025-02-03,06:51:00,07:36:00,06:53:00,07:38:00,2,HIGH
TRN-12002,Synthetic Corridor Express 02,EXPRESS,SEC-BKI-JP,2025-02-03,07:42:00,08:37:00,07:44:00,08:40:00,3,HIGH
TRN-12003,Synthetic Corridor Express 03,EXPRESS,SEC-NDLS-RE,2025-02-03,05:24:00,06:16:00,05:27:00,06:20:00,4,HIGH
TRN-12003,Synthetic Corridor Express 03,EXPRESS,SEC-RE-AWR,2025-02-03,06:22:00,07:12:00,06:26:00,07:16:00,4,HIGH
TRN-12003,Synthetic Corridor Express 03,EXPRESS,SEC-AWR-BKI,2025-02-03,07:18:00,08:03:00,07:23:00,08:08:00,5,HIGH
TRN-12003,Synthetic Corridor Express 03,EXPRESS,SEC-BKI-JP,2025-02-03,08:09:00,09:04:00,08:14:00,09:09:00,5,HIGH
TRN-12005,Synthetic Corridor Express 05,EXPRESS,SEC-NDLS-RE,2025-02-03,06:18:00,07:10:00,06:22:00,07:14:00,4,HIGH
TRN-12005,Synthetic Corridor Express 05,EXPRESS,SEC-RE-AWR,2025-02-03,07:16:00,08:06:00,07:20:00,08:10:00,4,HIGH
TRN-12005,Synthetic Corridor Express 05,EXPRESS,SEC-AWR-BKI,2025-02-03,08:12:00,08:57:00,08:16:00,09:02:00,5,HIGH
TRN-12005,Synthetic Corridor Express 05,EXPRESS,SEC-BKI-JP,2025-02-03,09:03:00,09:58:00,09:08:00,10:03:00,5,HIGH
TRN-12006,Synthetic Corridor Express 06,EXPRESS,SEC-NDLS-RE,2025-02-03,06:45:00,07:37:00,06:50:00,07:43:00,6,HIGH
TRN-12006,Synthetic Corridor Express 06,EXPRESS,SEC-RE-AWR,2025-02-03,07:43:00,08:33:00,07:49:00,08:39:00,6,HIGH
TRN-12006,Synthetic Corridor Express 06,EXPRESS,SEC-AWR-BKI,2025-02-03,08:39:00,09:24:00,08:45:00,09:30:00,6,HIGH
TRN-12006,Synthetic Corridor Express 06,EXPRESS,SEC-BKI-JP,2025-02-03,09:30:00,10:25:00,09:36:00,10:31:00,6,HIGH
TRN-12007,Synthetic Corridor Express 07,EXPRESS,SEC-NDLS-RE,2025-02-03,07:12:00,08:04:00,07:14:00,08:06:00,2,HIGH
TRN-12007,Synthetic Corridor Express 07,EXPRESS,SEC-RE-AWR,2025-02-03,08:10:00,09:00:00,08:12:00,09:04:00,4,HIGH
TRN-12007,Synthetic Corridor Express 07,EXPRESS,SEC-AWR-BKI,2025-02-03,09:06:00,09:51:00,09:11:00,09:57:00,6,HIGH
TRN-12007,Synthetic Corridor Express 07,EXPRESS,SEC-BKI-JP,2025-02-03,09:57:00,10:52:00,10:03:00,10:58:00,6,HIGH
TRN-12009,Synthetic Corridor Express 09,EXPRESS,SEC-NDLS-RE,2025-02-03,08:06:00,08:58:00,08:07:00,08:59:00,1,HIGH
TRN-12009,Synthetic Corridor Express 09,EXPRESS,SEC-RE-AWR,2025-02-03,09:04:00,09:54:00,09:05:00,09:56:00,2,HIGH
TRN-12009,Synthetic Corridor Express 09,EXPRESS,SEC-AWR-BKI,2025-02-03,10:00:00,10:45:00,10:02:00,10:48:00,3,HIGH
TRN-12009,Synthetic Corridor Express 09,EXPRESS,SEC-BKI-JP,2025-02-03,10:51:00,11:46:00,10:55:00,11:52:00,6,HIGH
TRN-12010,Synthetic Corridor Express 10,EXPRESS,SEC-NDLS-RE,2025-02-03,08:33:00,09:25:00,08:39:00,09:31:00,6,HIGH
TRN-12010,Synthetic Corridor Express 10,EXPRESS,SEC-RE-AWR,2025-02-03,09:31:00,10:21:00,09:38:00,10:28:00,7,HIGH
TRN-12010,Synthetic Corridor Express 10,EXPRESS,SEC-AWR-BKI,2025-02-03,10:27:00,11:12:00,10:34:00,11:20:00,8,HIGH
TRN-12010,Synthetic Corridor Express 10,EXPRESS,SEC-BKI-JP,2025-02-03,11:18:00,12:13:00,11:26:00,12:21:00,8,HIGH
TRN-12011,Synthetic Corridor Passenger 11,PASSENGER,SEC-NDLS-RE,2025-02-03,09:00:00,10:02:00,09:07:00,10:09:00,7,MEDIUM
TRN-12011,Synthetic Corridor Passenger 11,PASSENGER,SEC-RE-AWR,2025-02-03,10:11:00,11:10:00,10:18:00,11:17:00,7,MEDIUM
TRN-12011,Synthetic Corridor Passenger 11,PASSENGER,SEC-AWR-BKI,2025-02-03,11:19:00,12:12:00,11:27:00,12:21:00,9,MEDIUM
TRN-12011,Synthetic Corridor Passenger 11,PASSENGER,SEC-BKI-JP,2025-02-03,12:21:00,13:27:00,12:30:00,13:36:00,9,MEDIUM
TRN-12012,Synthetic Corridor Passenger 12,PASSENGER,SEC-NDLS-RE,2025-02-03,09:27:00,10:29:00,09:31:00,10:33:00,4,MEDIUM
TRN-12012,Synthetic Corridor Passenger 12,PASSENGER,SEC-RE-AWR,2025-02-03,10:38:00,11:37:00,10:42:00,11:41:00,4,MEDIUM
TRN-12012,Synthetic Corridor Passenger 12,PASSENGER,SEC-AWR-BKI,2025-02-03,11:46:00,12:39:00,11:50:00,12:44:00,5,MEDIUM
TRN-12012,Synthetic Corridor Passenger 12,PASSENGER,SEC-BKI-JP,2025-02-03,12:48:00,13:54:00,12:53:00,14:00:00,6,MEDIUM
TRN-12013,Synthetic Corridor Passenger 13,PASSENGER,SEC-NDLS-RE,2025-02-03,09:54:00,10:56:00,09:55:00,10:58:00,2,MEDIUM
TRN-12013,Synthetic Corridor Passenger 13,PASSENGER,SEC-RE-AWR,2025-02-03,11:05:00,12:04:00,11:08:00,12:08:00,4,MEDIUM
TRN-12013,Synthetic Corridor Passenger 13,PASSENGER,SEC-AWR-BKI,2025-02-03,12:13:00,13:06:00,12:18:00,13:12:00,6,MEDIUM
TRN-12013,Synthetic Corridor Passenger 13,PASSENGER,SEC-BKI-JP,2025-02-03,13:15:00,14:21:00,13:21:00,14:27:00,6,MEDIUM
TRN-12014,Synthetic Corridor Passenger 14,PASSENGER,SEC-NDLS-RE,2025-02-03,10:21:00,11:23:00,10:22:00,11:25:00,2,MEDIUM
TRN-12014,Synthetic Corridor Passenger 14,PASSENGER,SEC-RE-AWR,2025-02-03,11:32:00,12:31:00,11:34:00,12:34:00,3,MEDIUM
TRN-12014,Synthetic Corridor Passenger 14,PASSENGER,SEC-AWR-BKI,2025-02-03,12:40:00,13:33:00,12:43:00,13:37:00,4,MEDIUM
TRN-12014,Synthetic Corridor Passenger 14,PASSENGER,SEC-BKI-JP,2025-02-03,13:42:00,14:48:00,13:46:00,14:54:00,6,MEDIUM
TRN-12015,Synthetic Corridor Passenger 15,PASSENGER,SEC-NDLS-RE,2025-02-03,10:48:00,11:50:00,10:53:00,11:55:00,5,MEDIUM
TRN-12015,Synthetic Corridor Passenger 15,PASSENGER,SEC-RE-AWR,2025-02-03,11:59:00,12:58:00,12:04:00,13:04:00,6,MEDIUM
TRN-12015,Synthetic Corridor Passenger 15,PASSENGER,SEC-AWR-BKI,2025-02-03,13:07:00,14:00:00,13:13:00,14:07:00,7,MEDIUM
TRN-12015,Synthetic Corridor Passenger 15,PASSENGER,SEC-BKI-JP,2025-02-03,14:09:00,15:15:00,14:16:00,15:22:00,7,MEDIUM
TRN-12016,Synthetic Corridor Passenger 16,PASSENGER,SEC-NDLS-RE,2025-02-03,11:15:00,12:17:00,11:16:00,12:18:00,1,MEDIUM
TRN-12016,Synthetic Corridor Passenger 16,PASSENGER,SEC-RE-AWR,2025-02-03,12:26:00,13:25:00,12:27:00,13:26:00,1,MEDIUM
TRN-12016,Synthetic Corridor Passenger 16,PASSENGER,SEC-AWR-BKI,2025-02-03,13:34:00,14:27:00,13:35:00,14:28:00,1,MEDIUM
TRN-12016,Synthetic Corridor Passenger 16,PASSENGER,SEC-BKI-JP,2025-02-03,14:36:00,15:42:00,14:37:00,15:44:00,2,MEDIUM
TRN-12017,Synthetic Corridor Passenger 17,PASSENGER,SEC-NDLS-RE,2025-02-03,11:42:00,12:44:00,11:44:00,12:48:00,4,MEDIUM
TRN-12017,Synthetic Corridor Passenger 17,PASSENGER,SEC-RE-AWR,2025-02-03,12:53:00,13:52:00,12:57:00,13:56:00,4,MEDIUM
TRN-12017,Synthetic Corridor Passenger 17,PASSENGER,SEC-AWR-BKI,2025-02-03,14:01:00,14:54:00,14:05:00,14:59:00,5,MEDIUM
TRN-12017,Synthetic Corridor Passenger 17,PASSENGER,SEC-BKI-JP,2025-02-03,15:03:00,16:09:00,15:08:00,16:14:00,5,MEDIUM
TRN-12018,Synthetic Corridor Passenger 18,PASSENGER,SEC-NDLS-RE,2025-02-03,12:09:00,13:11:00,12:10:00,13:12:00,1,MEDIUM
TRN-12018,Synthetic Corridor Passenger 18,PASSENGER,SEC-RE-AWR,2025-02-03,13:20:00,14:19:00,13:22:00,14:21:00,2,MEDIUM
TRN-12018,Synthetic Corridor Passenger 18,PASSENGER,SEC-AWR-BKI,2025-02-03,14:28:00,15:21:00,14:30:00,15:23:00,2,MEDIUM
TRN-12018,Synthetic Corridor Passenger 18,PASSENGER,SEC-BKI-JP,2025-02-03,15:30:00,16:36:00,15:32:00,16:38:00,2,MEDIUM
TRN-12019,Synthetic Corridor Freight 19,FREIGHT,SEC-NDLS-RE,2025-02-03,12:36:00,13:58:00,12:44:00,14:06:00,8,LOW
TRN-12019,Synthetic Corridor Freight 19,FREIGHT,SEC-RE-AWR,2025-02-03,14:10:00,15:28:00,14:18:00,15:37:00,9,LOW
TRN-12019,Synthetic Corridor Freight 19,FREIGHT,SEC-AWR-BKI,2025-02-03,15:40:00,16:51:00,15:49:00,17:01:00,10,LOW
TRN-12019,Synthetic Corridor Freight 19,FREIGHT,SEC-BKI-JP,2025-02-03,17:03:00,18:31:00,17:13:00,18:41:00,10,LOW
TRN-12021,Synthetic Corridor Freight 21,FREIGHT,SEC-NDLS-RE,2025-02-03,13:30:00,14:52:00,13:32:00,14:57:00,5,LOW
TRN-12021,Synthetic Corridor Freight 21,FREIGHT,SEC-RE-AWR,2025-02-03,15:04:00,16:22:00,15:09:00,16:28:00,6,LOW
TRN-12021,Synthetic Corridor Freight 21,FREIGHT,SEC-AWR-BKI,2025-02-03,16:34:00,17:45:00,16:40:00,17:51:00,6,LOW
TRN-12021,Synthetic Corridor Freight 21,FREIGHT,SEC-BKI-JP,2025-02-03,17:57:00,19:25:00,18:03:00,19:31:00,6,LOW
TRN-12022,Synthetic Corridor Freight 22,FREIGHT,SEC-NDLS-RE,2025-02-03,13:57:00,15:19:00,13:59:00,15:21:00,2,LOW
TRN-12022,Synthetic Corridor Freight 22,FREIGHT,SEC-RE-AWR,2025-02-03,15:31:00,16:49:00,15:33:00,16:51:00,2,LOW
TRN-12022,Synthetic Corridor Freight 22,FREIGHT,SEC-AWR-BKI,2025-02-03,17:01:00,18:12:00,17:03:00,18:15:00,3,LOW
TRN-12022,Synthetic Corridor Freight 22,FREIGHT,SEC-BKI-JP,2025-02-03,18:24:00,19:52:00,18:27:00,19:56:00,4,LOW
TRN-12023,Synthetic Corridor Freight 23,FREIGHT,SEC-NDLS-RE,2025-02-03,14:24:00,15:46:00,14:29:00,15:54:00,8,LOW
TRN-12023,Synthetic Corridor Freight 23,FREIGHT,SEC-RE-AWR,2025-02-03,15:58:00,17:16:00,16:07:00,17:28:00,12,LOW
TRN-12023,Synthetic Corridor Freight 23,FREIGHT,SEC-AWR-BKI,2025-02-03,17:28:00,18:39:00,17:40:00,18:53:00,14,LOW
TRN-12023,Synthetic Corridor Freight 23,FREIGHT,SEC-BKI-JP,2025-02-03,18:51:00,20:19:00,19:05:00,20:33:00,14,LOW
TRN-12001,Synthetic Corridor Express 01,EXPRESS,SEC-NDLS-RE,2025-02-04,04:30:00,05:22:00,04:46:00,05:39:00,17,HIGH
TRN-12001,Synthetic Corridor Express 01,EXPRESS,SEC-RE-AWR,2025-02-04,05:28:00,06:18:00,05:46:00,06:40:00,22,HIGH
TRN-12001,Synthetic Corridor Express 01,EXPRESS,SEC-AWR-BKI,2025-02-04,06:24:00,07:09:00,06:46:00,07:35:00,26,HIGH
TRN-12001,Synthetic Corridor Express 01,EXPRESS,SEC-BKI-JP,2025-02-04,07:15:00,08:10:00,07:42:00,08:39:00,29,HIGH
TRN-12002,Synthetic Corridor Express 02,EXPRESS,SEC-NDLS-RE,2025-02-04,04:57:00,05:49:00,05:04:00,05:58:00,9,HIGH
TRN-12002,Synthetic Corridor Express 02,EXPRESS,SEC-RE-AWR,2025-02-04,05:55:00,06:45:00,06:04:00,06:55:00,10,HIGH
TRN-12002,Synthetic Corridor Express 02,EXPRESS,SEC-AWR-BKI,2025-02-04,06:51:00,07:36:00,07:02:00,07:50:00,14,HIGH
TRN-12002,Synthetic Corridor Express 02,EXPRESS,SEC-BKI-JP,2025-02-04,07:42:00,08:37:00,07:56:00,08:52:00,15,HIGH
TRN-12004,Synthetic Corridor Express 04,EXPRESS,SEC-NDLS-RE,2025-02-04,05:51:00,06:43:00,05:59:00,06:52:00,9,HIGH
TRN-12004,Synthetic Corridor Express 04,EXPRESS,SEC-RE-AWR,2025-02-04,06:49:00,07:39:00,07:00:00,07:52:00,13,HIGH
TRN-12004,Synthetic Corridor Express 04,EXPRESS,SEC-AWR-BKI,2025-02-04,07:45:00,08:30:00,07:59:00,08:45:00,15,HIGH
TRN-12004,Synthetic Corridor Express 04,EXPRESS,SEC-BKI-JP,2025-02-04,08:36:00,09:31:00,08:55:00,09:51:00,20,HIGH
TRN-12005,Synthetic Corridor Express 05,EXPRESS,SEC-NDLS-RE,2025-02-04,06:18:00,07:10:00,06:26:00,07:18:00,8,HIGH
TRN-12005,Synthetic Corridor Express 05,EXPRESS,SEC-RE-AWR,2025-02-04,07:16:00,08:06:00,07:27:00,08:19:00,13,HIGH
TRN-12005,Synthetic Corridor Express 05,EXPRESS,SEC-AWR-BKI,2025-02-04,08:12:00,08:57:00,08:27:00,09:16:00,19,HIGH
TRN-12005,Synthetic Corridor Express 05,EXPRESS,SEC-BKI-JP,2025-02-04,09:03:00,09:58:00,09:23:00,10:20:00,22,HIGH
TRN-12006,Synthetic Corridor Express 06,EXPRESS,SEC-NDLS-RE,2025-02-04,06:45:00,07:37:00,06:53:00,07:50:00,13,HIGH
TRN-12006,Synthetic Corridor Express 06,EXPRESS,SEC-RE-AWR,2025-02-04,07:43:00,08:33:00,07:57:00,08:51:00,18,HIGH
TRN-12006,Synthetic Corridor Express 06,EXPRESS,SEC-AWR-BKI,2025-02-04,08:39:00,09:24:00,08:57:00,09:44:00,20,HIGH
TRN-12006,Synthetic Corridor Express 06,EXPRESS,SEC-BKI-JP,2025-02-04,09:30:00,10:25:00,09:51:00,10:47:00,22,HIGH
TRN-12008,Synthetic Corridor Express 08,EXPRESS,SEC-NDLS-RE,2025-02-04,07:39:00,08:31:00,07:45:00,08:44:00,13,HIGH
TRN-12008,Synthetic Corridor Express 08,EXPRESS,SEC-RE-AWR,2025-02-04,08:37:00,09:27:00,08:50:00,09:43:00,16,HIGH
TRN-12008,Synthetic Corridor Express 08,EXPRESS,SEC-AWR-BKI,2025-02-04,09:33:00,10:18:00,09:50:00,10:37:00,19,HIGH
TRN-12008,Synthetic Corridor Express 08,EXPRESS,SEC-BKI-JP,2025-02-04,10:24:00,11:19:00,10:45:00,11:43:00,24,HIGH
TRN-12009,Synthetic Corridor Express 09,EXPRESS,SEC-NDLS-RE,2025-02-04,08:06:00,08:58:00,08:18:00,09:11:00,13,HIGH
TRN-12009,Synthetic Corridor Express 09,EXPRESS,SEC-RE-AWR,2025-02-04,09:04:00,09:54:00,09:17:00,10:10:00,16,HIGH
TRN-12009,Synthetic Corridor Express 09,EXPRESS,SEC-AWR-BKI,2025-02-04,10:00:00,10:45:00,10:17:00,11:04:00,19,HIGH
TRN-12009,Synthetic Corridor Express 09,EXPRESS,SEC-BKI-JP,2025-02-04,10:51:00,11:46:00,11:11:00,12:11:00,25,HIGH
TRN-12010,Synthetic Corridor Express 10,EXPRESS,SEC-NDLS-RE,2025-02-04,08:33:00,09:25:00,08:45:00,09:40:00,15,HIGH
TRN-12010,Synthetic Corridor Express 10,EXPRESS,SEC-RE-AWR,2025-02-04,09:31:00,10:21:00,09:49:00,10:45:00,24,HIGH
TRN-12010,Synthetic Corridor Express 10,EXPRESS,SEC-AWR-BKI,2025-02-04,10:27:00,11:12:00,10:52:00,11:39:00,27,HIGH
TRN-12010,Synthetic Corridor Express 10,EXPRESS,SEC-BKI-JP,2025-02-04,11:18:00,12:13:00,11:46:00,12:45:00,32,HIGH
TRN-12011,Synthetic Corridor Passenger 11,PASSENGER,SEC-NDLS-RE,2025-02-04,09:00:00,10:02:00,09:07:00,10:10:00,8,MEDIUM
TRN-12011,Synthetic Corridor Passenger 11,PASSENGER,SEC-RE-AWR,2025-02-04,10:11:00,11:10:00,10:21:00,11:24:00,14,MEDIUM
TRN-12011,Synthetic Corridor Passenger 11,PASSENGER,SEC-AWR-BKI,2025-02-04,11:19:00,12:12:00,11:35:00,12:31:00,19,MEDIUM
TRN-12011,Synthetic Corridor Passenger 11,PASSENGER,SEC-BKI-JP,2025-02-04,12:21:00,13:27:00,12:44:00,13:50:00,23,MEDIUM
TRN-12012,Synthetic Corridor Passenger 12,PASSENGER,SEC-NDLS-RE,2025-02-04,09:27:00,10:29:00,09:34:00,10:38:00,9,MEDIUM
TRN-12012,Synthetic Corridor Passenger 12,PASSENGER,SEC-RE-AWR,2025-02-04,10:38:00,11:37:00,10:47:00,11:48:00,11,MEDIUM
TRN-12012,Synthetic Corridor Passenger 12,PASSENGER,SEC-AWR-BKI,2025-02-04,11:46:00,12:39:00,11:57:00,12:55:00,16,MEDIUM
TRN-12012,Synthetic Corridor Passenger 12,PASSENGER,SEC-BKI-JP,2025-02-04,12:48:00,13:54:00,13:07:00,14:15:00,21,MEDIUM
TRN-12013,Synthetic Corridor Passenger 13,PASSENGER,SEC-NDLS-RE,2025-02-04,09:54:00,10:56:00,10:08:00,11:13:00,17,MEDIUM
TRN-12013,Synthetic Corridor Passenger 13,PASSENGER,SEC-RE-AWR,2025-02-04,11:05:00,12:04:00,11:23:00,12:28:00,24,MEDIUM
TRN-12013,Synthetic Corridor Passenger 13,PASSENGER,SEC-AWR-BKI,2025-02-04,12:13:00,13:06:00,12:38:00,13:36:00,30,MEDIUM
TRN-12013,Synthetic Corridor Passenger 13,PASSENGER,SEC-BKI-JP,2025-02-04,13:15:00,14:21:00,13:45:00,14:58:00,37,MEDIUM
TRN-12014,Synthetic Corridor Passenger 14,PASSENGER,SEC-NDLS-RE,2025-02-04,10:21:00,11:23:00,10:32:00,11:34:00,11,MEDIUM
TRN-12014,Synthetic Corridor Passenger 14,PASSENGER,SEC-RE-AWR,2025-02-04,11:32:00,12:31:00,11:45:00,12:47:00,16,MEDIUM
TRN-12014,Synthetic Corridor Passenger 14,PASSENGER,SEC-AWR-BKI,2025-02-04,12:40:00,13:33:00,12:57:00,13:52:00,19,MEDIUM
TRN-12014,Synthetic Corridor Passenger 14,PASSENGER,SEC-BKI-JP,2025-02-04,13:42:00,14:48:00,14:01:00,15:07:00,19,MEDIUM
TRN-12015,Synthetic Corridor Passenger 15,PASSENGER,SEC-NDLS-RE,2025-02-04,10:48:00,11:50:00,10:57:00,12:00:00,10,MEDIUM
TRN-12015,Synthetic Corridor Passenger 15,PASSENGER,SEC-RE-AWR,2025-02-04,11:59:00,12:58:00,12:11:00,13:13:00,15,MEDIUM
TRN-12015,Synthetic Corridor Passenger 15,PASSENGER,SEC-AWR-BKI,2025-02-04,13:07:00,14:00:00,13:24:00,14:21:00,21,MEDIUM
TRN-12015,Synthetic Corridor Passenger 15,PASSENGER,SEC-BKI-JP,2025-02-04,14:09:00,15:15:00,14:31:00,15:38:00,23,MEDIUM
TRN-12016,Synthetic Corridor Passenger 16,PASSENGER,SEC-NDLS-RE,2025-02-04,11:15:00,12:17:00,11:27:00,12:33:00,16,MEDIUM
TRN-12016,Synthetic Corridor Passenger 16,PASSENGER,SEC-RE-AWR,2025-02-04,12:26:00,13:25:00,12:44:00,13:44:00,19,MEDIUM
TRN-12016,Synthetic Corridor Passenger 16,PASSENGER,SEC-AWR-BKI,2025-02-04,13:34:00,14:27:00,13:54:00,14:49:00,22,MEDIUM
TRN-12016,Synthetic Corridor Passenger 16,PASSENGER,SEC-BKI-JP,2025-02-04,14:36:00,15:42:00,14:58:00,16:08:00,26,MEDIUM
TRN-12017,Synthetic Corridor Passenger 17,PASSENGER,SEC-NDLS-RE,2025-02-04,11:42:00,12:44:00,11:50:00,12:55:00,11,MEDIUM
TRN-12017,Synthetic Corridor Passenger 17,PASSENGER,SEC-RE-AWR,2025-02-04,12:53:00,13:52:00,13:04:00,14:07:00,15,MEDIUM
TRN-12017,Synthetic Corridor Passenger 17,PASSENGER,SEC-AWR-BKI,2025-02-04,14:01:00,14:54:00,14:17:00,15:15:00,21,MEDIUM
TRN-12017,Synthetic Corridor Passenger 17,PASSENGER,SEC-BKI-JP,2025-02-04,15:03:00,16:09:00,15:25:00,16:36:00,27,MEDIUM
TRN-12018,Synthetic Corridor Passenger 18,PASSENGER,SEC-NDLS-RE,2025-02-04,12:09:00,13:11:00,12:13:00,13:16:00,5,MEDIUM
TRN-12018,Synthetic Corridor Passenger 18,PASSENGER,SEC-RE-AWR,2025-02-04,13:20:00,14:19:00,13:25:00,14:28:00,9,MEDIUM
TRN-12018,Synthetic Corridor Passenger 18,PASSENGER,SEC-AWR-BKI,2025-02-04,14:28:00,15:21:00,14:38:00,15:33:00,12,MEDIUM
TRN-12018,Synthetic Corridor Passenger 18,PASSENGER,SEC-BKI-JP,2025-02-04,15:30:00,16:36:00,15:45:00,16:53:00,17,MEDIUM
TRN-12020,Synthetic Corridor Freight 20,FREIGHT,SEC-NDLS-RE,2025-02-04,13:03:00,14:25:00,13:07:00,14:31:00,6,LOW
TRN-12020,Synthetic Corridor Freight 20,FREIGHT,SEC-RE-AWR,2025-02-04,14:37:00,15:55:00,14:46:00,16:08:00,13,LOW
TRN-12020,Synthetic Corridor Freight 20,FREIGHT,SEC-AWR-BKI,2025-02-04,16:07:00,17:18:00,16:23:00,17:39:00,21,LOW
TRN-12020,Synthetic Corridor Freight 20,FREIGHT,SEC-BKI-JP,2025-02-04,17:30:00,18:58:00,17:52:00,19:22:00,24,LOW
TRN-12021,Synthetic Corridor Freight 21,FREIGHT,SEC-NDLS-RE,2025-02-04,13:30:00,14:52:00,13:39:00,15:05:00,13,LOW
TRN-12021,Synthetic Corridor Freight 21,FREIGHT,SEC-RE-AWR,2025-02-04,15:04:00,16:22:00,15:17:00,16:35:00,13,LOW
TRN-12021,Synthetic Corridor Freight 21,FREIGHT,SEC-AWR-BKI,2025-02-04,16:34:00,17:45:00,16:48:00,18:03:00,18,LOW
TRN-12021,Synthetic Corridor Freight 21,FREIGHT,SEC-BKI-JP,2025-02-04,17:57:00,19:25:00,18:15:00,19:47:00,22,LOW
TRN-12022,Synthetic Corridor Freight 22,FREIGHT,SEC-NDLS-RE,2025-02-04,13:57:00,15:19:00,14:09:00,15:35:00,16,LOW
TRN-12022,Synthetic Corridor Freight 22,FREIGHT,SEC-RE-AWR,2025-02-04,15:31:00,16:49:00,15:49:00,17:10:00,21,LOW
TRN-12022,Synthetic Corridor Freight 22,FREIGHT,SEC-AWR-BKI,2025-02-04,17:01:00,18:12:00,17:22:00,18:35:00,23,LOW
TRN-12022,Synthetic Corridor Freight 22,FREIGHT,SEC-BKI-JP,2025-02-04,18:24:00,19:52:00,18:47:00,20:16:00,24,LOW
TRN-12024,Synthetic Corridor Freight 24,FREIGHT,SEC-NDLS-RE,2025-02-04,14:51:00,16:13:00,15:02:00,16:30:00,17,LOW
TRN-12024,Synthetic Corridor Freight 24,FREIGHT,SEC-RE-AWR,2025-02-04,16:25:00,17:43:00,16:45:00,18:06:00,23,LOW
TRN-12024,Synthetic Corridor Freight 24,FREIGHT,SEC-AWR-BKI,2025-02-04,17:55:00,19:06:00,18:19:00,19:35:00,29,LOW
TRN-12024,Synthetic Corridor Freight 24,FREIGHT,SEC-BKI-JP,2025-02-04,19:18:00,20:46:00,19:47:00,21:17:00,31,LOW
TRN-12001,Synthetic Corridor Express 01,EXPRESS,SEC-NDLS-RE,2025-02-05,04:30:00,05:22:00,04:32:00,05:25:00,3,HIGH
TRN-12001,Synthetic Corridor Express 01,EXPRESS,SEC-RE-AWR,2025-02-05,05:28:00,06:18:00,05:32:00,06:22:00,4,HIGH
TRN-12001,Synthetic Corridor Express 01,EXPRESS,SEC-AWR-BKI,2025-02-05,06:24:00,07:09:00,06:28:00,07:13:00,4,HIGH
TRN-12001,Synthetic Corridor Express 01,EXPRESS,SEC-BKI-JP,2025-02-05,07:15:00,08:10:00,07:19:00,08:14:00,4,HIGH
TRN-12002,Synthetic Corridor Express 02,EXPRESS,SEC-NDLS-RE,2025-02-05,04:57:00,05:49:00,04:59:00,05:51:00,2,HIGH
TRN-12002,Synthetic Corridor Express 02,EXPRESS,SEC-RE-AWR,2025-02-05,05:55:00,06:45:00,05:57:00,06:47:00,2,HIGH
TRN-12002,Synthetic Corridor Express 02,EXPRESS,SEC-AWR-BKI,2025-02-05,06:51:00,07:36:00,06:53:00,07:39:00,3,HIGH
TRN-12002,Synthetic Corridor Express 02,EXPRESS,SEC-BKI-JP,2025-02-05,07:42:00,08:37:00,07:45:00,08:40:00,3,HIGH
TRN-12003,Synthetic Corridor Express 03,EXPRESS,SEC-NDLS-RE,2025-02-05,05:24:00,06:16:00,05:25:00,06:17:00,1,HIGH
TRN-12003,Synthetic Corridor Express 03,EXPRESS,SEC-RE-AWR,2025-02-05,06:22:00,07:12:00,06:23:00,07:13:00,1,HIGH
TRN-12003,Synthetic Corridor Express 03,EXPRESS,SEC-AWR-BKI,2025-02-05,07:18:00,08:03:00,07:19:00,08:04:00,1,HIGH
TRN-12003,Synthetic Corridor Express 03,EXPRESS,SEC-BKI-JP,2025-02-05,08:09:00,09:04:00,08:10:00,09:05:00,1,HIGH
TRN-12005,Synthetic Corridor Express 05,EXPRESS,SEC-NDLS-RE,2025-02-05,06:18:00,07:10:00,06:21:00,07:13:00,3,HIGH
TRN-12005,Synthetic Corridor Express 05,EXPRESS,SEC-RE-AWR,2025-02-05,07:16:00,08:06:00,07:19:00,08:09:00,3,HIGH
TRN-12005,Synthetic Corridor Express 05,EXPRESS,SEC-AWR-BKI,2025-02-05,08:12:00,08:57:00,08:15:00,09:00:00,3,HIGH
TRN-12005,Synthetic Corridor Express 05,EXPRESS,SEC-BKI-JP,2025-02-05,09:03:00,09:58:00,09:06:00,10:02:00,4,HIGH
TRN-12006,Synthetic Corridor Express 06,EXPRESS,SEC-NDLS-RE,2025-02-05,06:45:00,07:37:00,06:46:00,07:38:00,1,HIGH
TRN-12006,Synthetic Corridor Express 06,EXPRESS,SEC-RE-AWR,2025-02-05,07:43:00,08:33:00,07:44:00,08:34:00,1,HIGH
TRN-12006,Synthetic Corridor Express 06,EXPRESS,SEC-AWR-BKI,2025-02-05,08:39:00,09:24:00,08:40:00,09:25:00,1,HIGH
TRN-12006,Synthetic Corridor Express 06,EXPRESS,SEC-BKI-JP,2025-02-05,09:30:00,10:25:00,09:32:00,10:27:00,2,HIGH
TRN-12007,Synthetic Corridor Express 07,EXPRESS,SEC-NDLS-RE,2025-02-05,07:12:00,08:04:00,07:15:00,08:07:00,3,HIGH
TRN-12007,Synthetic Corridor Express 07,EXPRESS,SEC-RE-AWR,2025-02-05,08:10:00,09:00:00,08:15:00,09:05:00,5,HIGH
TRN-12007,Synthetic Corridor Express 07,EXPRESS,SEC-AWR-BKI,2025-02-05,09:06:00,09:51:00,09:11:00,09:56:00,5,HIGH
TRN-12007,Synthetic Corridor Express 07,EXPRESS,SEC-BKI-JP,2025-02-05,09:57:00,10:52:00,10:03:00,10:58:00,6,HIGH
TRN-12009,Synthetic Corridor Express 09,EXPRESS,SEC-NDLS-RE,2025-02-05,08:06:00,08:58:00,08:11:00,09:04:00,6,HIGH
TRN-12009,Synthetic Corridor Express 09,EXPRESS,SEC-RE-AWR,2025-02-05,09:04:00,09:54:00,09:10:00,10:00:00,6,HIGH
TRN-12009,Synthetic Corridor Express 09,EXPRESS,SEC-AWR-BKI,2025-02-05,10:00:00,10:45:00,10:06:00,10:51:00,6,HIGH
TRN-12009,Synthetic Corridor Express 09,EXPRESS,SEC-BKI-JP,2025-02-05,10:51:00,11:46:00,10:58:00,11:53:00,7,HIGH
TRN-12010,Synthetic Corridor Express 10,EXPRESS,SEC-NDLS-RE,2025-02-05,08:33:00,09:25:00,08:35:00,09:28:00,3,HIGH
TRN-12010,Synthetic Corridor Express 10,EXPRESS,SEC-RE-AWR,2025-02-05,09:31:00,10:21:00,09:36:00,10:26:00,5,HIGH
TRN-12010,Synthetic Corridor Express 10,EXPRESS,SEC-AWR-BKI,2025-02-05,10:27:00,11:12:00,10:34:00,11:19:00,7,HIGH
TRN-12010,Synthetic Corridor Express 10,EXPRESS,SEC-BKI-JP,2025-02-05,11:18:00,12:13:00,11:25:00,12:21:00,8,HIGH
TRN-12011,Synthetic Corridor Passenger 11,PASSENGER,SEC-NDLS-RE,2025-02-05,09:00:00,10:02:00,09:06:00,10:10:00,8,MEDIUM
TRN-12011,Synthetic Corridor Passenger 11,PASSENGER,SEC-RE-AWR,2025-02-05,10:11:00,11:10:00,10:19:00,11:19:00,9,MEDIUM
TRN-12011,Synthetic Corridor Passenger 11,PASSENGER,SEC-AWR-BKI,2025-02-05,11:19:00,12:12:00,11:29:00,12:22:00,10,MEDIUM
TRN-12011,Synthetic Corridor Passenger 11,PASSENGER,SEC-BKI-JP,2025-02-05,12:21:00,13:27:00,12:31:00,13:39:00,12,MEDIUM
TRN-12012,Synthetic Corridor Passenger 12,PASSENGER,SEC-NDLS-RE,2025-02-05,09:27:00,10:29:00,09:33:00,10:36:00,7,MEDIUM
TRN-12012,Synthetic Corridor Passenger 12,PASSENGER,SEC-RE-AWR,2025-02-05,10:38:00,11:37:00,10:47:00,11:46:00,9,MEDIUM
TRN-12012,Synthetic Corridor Passenger 12,PASSENGER,SEC-AWR-BKI,2025-02-05,11:46:00,12:39:00,11:56:00,12:50:00,11,MEDIUM
TRN-12012,Synthetic Corridor Passenger 12,PASSENGER,SEC-BKI-JP,2025-02-05,12:48:00,13:54:00,12:59:00,14:06:00,12,MEDIUM
TRN-12013,Synthetic Corridor Passenger 13,PASSENGER,SEC-NDLS-RE,2025-02-05,09:54:00,10:56:00,09:58:00,11:00:00,4,MEDIUM
TRN-12013,Synthetic Corridor Passenger 13,PASSENGER,SEC-RE-AWR,2025-02-05,11:05:00,12:04:00,11:09:00,12:08:00,4,MEDIUM
TRN-12013,Synthetic Corridor Passenger 13,PASSENGER,SEC-AWR-BKI,2025-02-05,12:13:00,13:06:00,12:17:00,13:11:00,5,MEDIUM
TRN-12013,Synthetic Corridor Passenger 13,PASSENGER,SEC-BKI-JP,2025-02-05,13:15:00,14:21:00,13:21:00,14:27:00,6,MEDIUM
TRN-12014,Synthetic Corridor Passenger 14,PASSENGER,SEC-NDLS-RE,2025-02-05,10:21:00,11:23:00,10:24:00,11:27:00,4,MEDIUM
TRN-12014,Synthetic Corridor Passenger 14,PASSENGER,SEC-RE-AWR,2025-02-05,11:32:00,12:31:00,11:36:00,12:36:00,5,MEDIUM
TRN-12014,Synthetic Corridor Passenger 14,PASSENGER,SEC-AWR-BKI,2025-02-05,12:40:00,13:33:00,12:45:00,13:38:00,5,MEDIUM
TRN-12014,Synthetic Corridor Passenger 14,PASSENGER,SEC-BKI-JP,2025-02-05,13:42:00,14:48:00,13:47:00,14:53:00,5,MEDIUM
TRN-12015,Synthetic Corridor Passenger 15,PASSENGER,SEC-NDLS-RE,2025-02-05,10:48:00,11:50:00,10:51:00,11:54:00,4,MEDIUM
TRN-12015,Synthetic Corridor Passenger 15,PASSENGER,SEC-RE-AWR,2025-02-05,11:59:00,12:58:00,12:03:00,13:02:00,4,MEDIUM
TRN-12015,Synthetic Corridor Passenger 15,PASSENGER,SEC-AWR-BKI,2025-02-05,13:07:00,14:00:00,13:11:00,14:04:00,4,MEDIUM
TRN-12015,Synthetic Corridor Passenger 15,PASSENGER,SEC-BKI-JP,2025-02-05,14:09:00,15:15:00,14:13:00,15:20:00,5,MEDIUM
TRN-12016,Synthetic Corridor Passenger 16,PASSENGER,SEC-NDLS-RE,2025-02-05,11:15:00,12:17:00,11:15:00,12:17:00,0,MEDIUM
TRN-12016,Synthetic Corridor Passenger 16,PASSENGER,SEC-RE-AWR,2025-02-05,12:26:00,13:25:00,12:26:00,13:25:00,0,MEDIUM
TRN-12016,Synthetic Corridor Passenger 16,PASSENGER,SEC-AWR-BKI,2025-02-05,13:34:00,14:27:00,13:34:00,14:27:00,0,MEDIUM
TRN-12016,Synthetic Corridor Passenger 16,PASSENGER,SEC-BKI-JP,2025-02-05,14:36:00,15:42:00,14:36:00,15:43:00,1,MEDIUM
TRN-12017,Synthetic Corridor Passenger 17,PASSENGER,SEC-NDLS-RE,2025-02-05,11:42:00,12:44:00,11:47:00,12:51:00,7,MEDIUM
TRN-12017,Synthetic Corridor Passenger 17,PASSENGER,SEC-RE-AWR,2025-02-05,12:53:00,13:52:00,13:00:00,14:00:00,8,MEDIUM
TRN-12017,Synthetic Corridor Passenger 17,PASSENGER,SEC-AWR-BKI,2025-02-05,14:01:00,14:54:00,14:09:00,15:02:00,8,MEDIUM
TRN-12017,Synthetic Corridor Passenger 17,PASSENGER,SEC-BKI-JP,2025-02-05,15:03:00,16:09:00,15:12:00,16:18:00,9,MEDIUM
TRN-12018,Synthetic Corridor Passenger 18,PASSENGER,SEC-NDLS-RE,2025-02-05,12:09:00,13:11:00,12:11:00,13:13:00,2,MEDIUM
TRN-12018,Synthetic Corridor Passenger 18,PASSENGER,SEC-RE-AWR,2025-02-05,13:20:00,14:19:00,13:22:00,14:21:00,2,MEDIUM
TRN-12018,Synthetic Corridor Passenger 18,PASSENGER,SEC-AWR-BKI,2025-02-05,14:28:00,15:21:00,14:30:00,15:23:00,2,MEDIUM
TRN-12018,Synthetic Corridor Passenger 18,PASSENGER,SEC-BKI-JP,2025-02-05,15:30:00,16:36:00,15:32:00,16:39:00,3,MEDIUM
TRN-12019,Synthetic Corridor Freight 19,FREIGHT,SEC-NDLS-RE,2025-02-05,12:36:00,13:58:00,12:38:00,14:00:00,2,LOW
TRN-12019,Synthetic Corridor Freight 19,FREIGHT,SEC-RE-AWR,2025-02-05,14:10:00,15:28:00,14:13:00,15:31:00,3,LOW
TRN-12019,Synthetic Corridor Freight 19,FREIGHT,SEC-AWR-BKI,2025-02-05,15:40:00,16:51:00,15:44:00,16:55:00,4,LOW
TRN-12019,Synthetic Corridor Freight 19,FREIGHT,SEC-BKI-JP,2025-02-05,17:03:00,18:31:00,17:07:00,18:36:00,5,LOW
TRN-12021,Synthetic Corridor Freight 21,FREIGHT,SEC-NDLS-RE,2025-02-05,13:30:00,14:52:00,13:36:00,15:00:00,8,LOW
TRN-12021,Synthetic Corridor Freight 21,FREIGHT,SEC-RE-AWR,2025-02-05,15:04:00,16:22:00,15:12:00,16:32:00,10,LOW
TRN-12021,Synthetic Corridor Freight 21,FREIGHT,SEC-AWR-BKI,2025-02-05,16:34:00,17:45:00,16:45:00,17:56:00,11,LOW
TRN-12021,Synthetic Corridor Freight 21,FREIGHT,SEC-BKI-JP,2025-02-05,17:57:00,19:25:00,18:08:00,19:37:00,12,LOW
TRN-12022,Synthetic Corridor Freight 22,FREIGHT,SEC-NDLS-RE,2025-02-05,13:57:00,15:19:00,14:01:00,15:23:00,4,LOW
TRN-12022,Synthetic Corridor Freight 22,FREIGHT,SEC-RE-AWR,2025-02-05,15:31:00,16:49:00,15:35:00,16:53:00,4,LOW
TRN-12022,Synthetic Corridor Freight 22,FREIGHT,SEC-AWR-BKI,2025-02-05,17:01:00,18:12:00,17:06:00,18:17:00,5,LOW
TRN-12022,Synthetic Corridor Freight 22,FREIGHT,SEC-BKI-JP,2025-02-05,18:24:00,19:52:00,18:29:00,19:58:00,6,LOW
TRN-12023,Synthetic Corridor Freight 23,FREIGHT,SEC-NDLS-RE,2025-02-05,14:24:00,15:46:00,14:26:00,15:48:00,2,LOW
TRN-12023,Synthetic Corridor Freight 23,FREIGHT,SEC-RE-AWR,2025-02-05,15:58:00,17:16:00,16:00:00,17:18:00,2,LOW
TRN-12023,Synthetic Corridor Freight 23,FREIGHT,SEC-AWR-BKI,2025-02-05,17:28:00,18:39:00,17:30:00,18:41:00,2,LOW
TRN-12023,Synthetic Corridor Freight 23,FREIGHT,SEC-BKI-JP,2025-02-05,18:51:00,20:19:00,18:53:00,20:21:00,2,LOW
TRN-12001,Synthetic Corridor Express 01,EXPRESS,SEC-NDLS-RE,2025-02-06,04:30:00,05:22:00,04:31:00,05:23:00,1,HIGH
TRN-12001,Synthetic Corridor Express 01,EXPRESS,SEC-RE-AWR,2025-02-06,05:28:00,06:18:00,05:30:00,06:21:00,3,HIGH
TRN-12001,Synthetic Corridor Express 01,EXPRESS,SEC-AWR-BKI,2025-02-06,06:24:00,07:09:00,06:27:00,07:13:00,4,HIGH
TRN-12001,Synthetic Corridor Express 01,EXPRESS,SEC-BKI-JP,2025-02-06,07:15:00,08:10:00,07:19:00,08:16:00,6,HIGH
TRN-12002,Synthetic Corridor Express 02,EXPRESS,SEC-NDLS-RE,2025-02-06,04:57:00,05:49:00,04:59:00,05:51:00,2,HIGH
TRN-12002,Synthetic Corridor Express 02,EXPRESS,SEC-RE-AWR,2025-02-06,05:55:00,06:45:00,05:57:00,06:49:00,4,HIGH
TRN-12002,Synthetic Corridor Express 02,EXPRESS,SEC-AWR-BKI,2025-02-06,06:51:00,07:36:00,06:55:00,07:42:00,6,HIGH
TRN-12002,Synthetic Corridor Express 02,EXPRESS,SEC-BKI-JP,2025-02-06,07:42:00,08:37:00,07:48:00,08:43:00,6,HIGH
TRN-12004,Synthetic Corridor Express 04,EXPRESS,SEC-NDLS-RE,2025-02-06,05:51:00,06:43:00,05:56:00,06:49:00,6,HIGH
TRN-12004,Synthetic Corridor Express 04,EXPRESS,SEC-RE-AWR,2025-02-06,06:49:00,07:39:00,06:55:00,07:45:00,6,HIGH
TRN-12004,Synthetic Corridor Express 04,EXPRESS,SEC-AWR-BKI,2025-02-06,07:45:00,08:30:00,07:51:00,08:36:00,6,HIGH
TRN-12004,Synthetic Corridor Express 04,EXPRESS,SEC-BKI-JP,2025-02-06,08:36:00,09:31:00,08:44:00,09:39:00,8,HIGH
TRN-12005,Synthetic Corridor Express 05,EXPRESS,SEC-NDLS-RE,2025-02-06,06:18:00,07:10:00,06:19:00,07:11:00,1,HIGH
TRN-12005,Synthetic Corridor Express 05,EXPRESS,SEC-RE-AWR,2025-02-06,07:16:00,08:06:00,07:17:00,08:08:00,2,HIGH
TRN-12005,Synthetic Corridor Express 05,EXPRESS,SEC-AWR-BKI,2025-02-06,08:12:00,08:57:00,08:15:00,09:01:00,4,HIGH
TRN-12005,Synthetic Corridor Express 05,EXPRESS,SEC-BKI-JP,2025-02-06,09:03:00,09:58:00,09:07:00,10:02:00,4,HIGH
TRN-12006,Synthetic Corridor Express 06,EXPRESS,SEC-NDLS-RE,2025-02-06,06:45:00,07:37:00,06:45:00,07:37:00,0,HIGH
TRN-12006,Synthetic Corridor Express 06,EXPRESS,SEC-RE-AWR,2025-02-06,07:43:00,08:33:00,07:43:00,08:33:00,0,HIGH
TRN-12006,Synthetic Corridor Express 06,EXPRESS,SEC-AWR-BKI,2025-02-06,08:39:00,09:24:00,08:40:00,09:25:00,1,HIGH
TRN-12006,Synthetic Corridor Express 06,EXPRESS,SEC-BKI-JP,2025-02-06,09:30:00,10:25:00,09:32:00,10:27:00,2,HIGH
TRN-12008,Synthetic Corridor Express 08,EXPRESS,SEC-NDLS-RE,2025-02-06,07:39:00,08:31:00,07:43:00,08:36:00,5,HIGH
TRN-12008,Synthetic Corridor Express 08,EXPRESS,SEC-RE-AWR,2025-02-06,08:37:00,09:27:00,08:43:00,09:34:00,7,HIGH
TRN-12008,Synthetic Corridor Express 08,EXPRESS,SEC-AWR-BKI,2025-02-06,09:33:00,10:18:00,09:40:00,10:27:00,9,HIGH
TRN-12008,Synthetic Corridor Express 08,EXPRESS,SEC-BKI-JP,2025-02-06,10:24:00,11:19:00,10:33:00,11:29:00,10,HIGH
TRN-12009,Synthetic Corridor Express 09,EXPRESS,SEC-NDLS-RE,2025-02-06,08:06:00,08:58:00,08:10:00,09:03:00,5,HIGH
TRN-12009,Synthetic Corridor Express 09,EXPRESS,SEC-RE-AWR,2025-02-06,09:04:00,09:54:00,09:10:00,10:00:00,6,HIGH
TRN-12009,Synthetic Corridor Express 09,EXPRESS,SEC-AWR-BKI,2025-02-06,10:00:00,10:45:00,10:07:00,10:52:00,7,HIGH
TRN-12009,Synthetic Corridor Express 09,EXPRESS,SEC-BKI-JP,2025-02-06,10:51:00,11:46:00,10:59:00,11:54:00,8,HIGH
TRN-12010,Synthetic Corridor Express 10,EXPRESS,SEC-NDLS-RE,2025-02-06,08:33:00,09:25:00,08:37:00,09:30:00,5,HIGH
TRN-12010,Synthetic Corridor Express 10,EXPRESS,SEC-RE-AWR,2025-02-06,09:31:00,10:21:00,09:39:00,10:29:00,8,HIGH
TRN-12010,Synthetic Corridor Express 10,EXPRESS,SEC-AWR-BKI,2025-02-06,10:27:00,11:12:00,10:36:00,11:23:00,11,HIGH
TRN-12010,Synthetic Corridor Express 10,EXPRESS,SEC-BKI-JP,2025-02-06,11:18:00,12:13:00,11:29:00,12:25:00,12,HIGH
TRN-12011,Synthetic Corridor Passenger 11,PASSENGER,SEC-NDLS-RE,2025-02-06,09:00:00,10:02:00,09:08:00,10:13:00,11,MEDIUM
TRN-12011,Synthetic Corridor Passenger 11,PASSENGER,SEC-RE-AWR,2025-02-06,10:11:00,11:10:00,10:22:00,11:22:00,12,MEDIUM
TRN-12011,Synthetic Corridor Passenger 11,PASSENGER,SEC-AWR-BKI,2025-02-06,11:19:00,12:12:00,11:31:00,12:25:00,13,MEDIUM
TRN-12011,Synthetic Corridor Passenger 11,PASSENGER,SEC-BKI-JP,2025-02-06,12:21:00,13:27:00,12:35:00,13:42:00,15,MEDIUM
TRN-12012,Synthetic Corridor Passenger 12,PASSENGER,SEC-NDLS-RE,2025-02-06,09:27:00,10:29:00,09:33:00,10:36:00,7,MEDIUM
TRN-12012,Synthetic Corridor Passenger 12,PASSENGER,SEC-RE-AWR,2025-02-06,10:38:00,11:37:00,10:45:00,11:45:00,8,MEDIUM
TRN-12012,Synthetic Corridor Passenger 12,PASSENGER,SEC-AWR-BKI,2025-02-06,11:46:00,12:39:00,11:55:00,12:50:00,11,MEDIUM
TRN-12012,Synthetic Corridor Passenger 12,PASSENGER,SEC-BKI-JP,2025-02-06,12:48:00,13:54:00,12:59:00,14:05:00,11,MEDIUM
TRN-12013,Synthetic Corridor Passenger 13,PASSENGER,SEC-NDLS-RE,2025-02-06,09:54:00,10:56:00,10:02:00,11:05:00,9,MEDIUM
TRN-12013,Synthetic Corridor Passenger 13,PASSENGER,SEC-RE-AWR,2025-02-06,11:05:00,12:04:00,11:15:00,12:14:00,10,MEDIUM
TRN-12013,Synthetic Corridor Passenger 13,PASSENGER,SEC-AWR-BKI,2025-02-06,12:13:00,13:06:00,12:23:00,13:18:00,12,MEDIUM
TRN-12013,Synthetic Corridor Passenger 13,PASSENGER,SEC-BKI-JP,2025-02-06,13:15:00,14:21:00,13:27:00,14:33:00,12,MEDIUM
TRN-12014,Synthetic Corridor Passenger 14,PASSENGER,SEC-NDLS-RE,2025-02-06,10:21:00,11:23:00,10:27:00,11:30:00,7,MEDIUM
TRN-12014,Synthetic Corridor Passenger 14,PASSENGER,SEC-RE-AWR,2025-02-06,11:32:00,12:31:00,11:39:00,12:38:00,7,MEDIUM
TRN-12014,Synthetic Corridor Passenger 14,PASSENGER,SEC-AWR-BKI,2025-02-06,12:40:00,13:33:00,12:47:00,13:40:00,7,MEDIUM
TRN-12014,Synthetic Corridor Passenger 14,PASSENGER,SEC-BKI-JP,2025-02-06,13:42:00,14:48:00,13:49:00,14:57:00,9,MEDIUM
TRN-12015,Synthetic Corridor Passenger 15,PASSENGER,SEC-NDLS-RE,2025-02-06,10:48:00,11:50:00,10:50:00,11:52:00,2,MEDIUM
TRN-12015,Synthetic Corridor Passenger 15,PASSENGER,SEC-RE-AWR,2025-02-06,11:59:00,12:58:00,12:02:00,13:01:00,3,MEDIUM
TRN-12015,Synthetic Corridor Passenger 15,PASSENGER,SEC-AWR-BKI,2025-02-06,13:07:00,14:00:00,13:11:00,14:04:00,4,MEDIUM
TRN-12015,Synthetic Corridor Passenger 15,PASSENGER,SEC-BKI-JP,2025-02-06,14:09:00,15:15:00,14:13:00,15:20:00,5,MEDIUM
TRN-12016,Synthetic Corridor Passenger 16,PASSENGER,SEC-NDLS-RE,2025-02-06,11:15:00,12:17:00,11:18:00,12:20:00,3,MEDIUM
TRN-12016,Synthetic Corridor Passenger 16,PASSENGER,SEC-RE-AWR,2025-02-06,12:26:00,13:25:00,12:29:00,13:29:00,4,MEDIUM
TRN-12016,Synthetic Corridor Passenger 16,PASSENGER,SEC-AWR-BKI,2025-02-06,13:34:00,14:27:00,13:39:00,14:34:00,7,MEDIUM
TRN-12016,Synthetic Corridor Passenger 16,PASSENGER,SEC-BKI-JP,2025-02-06,14:36:00,15:42:00,14:43:00,15:50:00,8,MEDIUM
TRN-12017,Synthetic Corridor Passenger 17,PASSENGER,SEC-NDLS-RE,2025-02-06,11:42:00,12:44:00,11:47:00,12:50:00,6,MEDIUM
TRN-12017,Synthetic Corridor Passenger 17,PASSENGER,SEC-RE-AWR,2025-02-06,12:53:00,13:52:00,13:00:00,13:59:00,7,MEDIUM
TRN-12017,Synthetic Corridor Passenger 17,PASSENGER,SEC-AWR-BKI,2025-02-06,14:01:00,14:54:00,14:08:00,15:02:00,8,MEDIUM
TRN-12017,Synthetic Corridor Passenger 17,PASSENGER,SEC-BKI-JP,2025-02-06,15:03:00,16:09:00,15:11:00,16:17:00,8,MEDIUM
TRN-12018,Synthetic Corridor Passenger 18,PASSENGER,SEC-NDLS-RE,2025-02-06,12:09:00,13:11:00,12:12:00,13:14:00,3,MEDIUM
TRN-12018,Synthetic Corridor Passenger 18,PASSENGER,SEC-RE-AWR,2025-02-06,13:20:00,14:19:00,13:23:00,14:22:00,3,MEDIUM
TRN-12018,Synthetic Corridor Passenger 18,PASSENGER,SEC-AWR-BKI,2025-02-06,14:28:00,15:21:00,14:31:00,15:24:00,3,MEDIUM
TRN-12018,Synthetic Corridor Passenger 18,PASSENGER,SEC-BKI-JP,2025-02-06,15:30:00,16:36:00,15:33:00,16:39:00,3,MEDIUM
TRN-12020,Synthetic Corridor Freight 20,FREIGHT,SEC-NDLS-RE,2025-02-06,13:03:00,14:25:00,13:05:00,14:27:00,2,LOW
TRN-12020,Synthetic Corridor Freight 20,FREIGHT,SEC-RE-AWR,2025-02-06,14:37:00,15:55:00,14:39:00,15:59:00,4,LOW
TRN-12020,Synthetic Corridor Freight 20,FREIGHT,SEC-AWR-BKI,2025-02-06,16:07:00,17:18:00,16:13:00,17:24:00,6,LOW
TRN-12020,Synthetic Corridor Freight 20,FREIGHT,SEC-BKI-JP,2025-02-06,17:30:00,18:58:00,17:36:00,19:07:00,9,LOW
TRN-12021,Synthetic Corridor Freight 21,FREIGHT,SEC-NDLS-RE,2025-02-06,13:30:00,14:52:00,13:32:00,14:55:00,3,LOW
TRN-12021,Synthetic Corridor Freight 21,FREIGHT,SEC-RE-AWR,2025-02-06,15:04:00,16:22:00,15:07:00,16:25:00,3,LOW
TRN-12021,Synthetic Corridor Freight 21,FREIGHT,SEC-AWR-BKI,2025-02-06,16:34:00,17:45:00,16:37:00,17:48:00,3,LOW
TRN-12021,Synthetic Corridor Freight 21,FREIGHT,SEC-BKI-JP,2025-02-06,17:57:00,19:25:00,18:00:00,19:29:00,4,LOW
TRN-12022,Synthetic Corridor Freight 22,FREIGHT,SEC-NDLS-RE,2025-02-06,13:57:00,15:19:00,14:02:00,15:26:00,7,LOW
TRN-12022,Synthetic Corridor Freight 22,FREIGHT,SEC-RE-AWR,2025-02-06,15:31:00,16:49:00,15:38:00,16:57:00,8,LOW
TRN-12022,Synthetic Corridor Freight 22,FREIGHT,SEC-AWR-BKI,2025-02-06,17:01:00,18:12:00,17:09:00,18:20:00,8,LOW
TRN-12022,Synthetic Corridor Freight 22,FREIGHT,SEC-BKI-JP,2025-02-06,18:24:00,19:52:00,18:32:00,20:02:00,10,LOW
TRN-12024,Synthetic Corridor Freight 24,FREIGHT,SEC-NDLS-RE,2025-02-06,14:51:00,16:13:00,14:57:00,16:20:00,7,LOW
TRN-12024,Synthetic Corridor Freight 24,FREIGHT,SEC-RE-AWR,2025-02-06,16:25:00,17:43:00,16:32:00,17:52:00,9,LOW
TRN-12024,Synthetic Corridor Freight 24,FREIGHT,SEC-AWR-BKI,2025-02-06,17:55:00,19:06:00,18:04:00,19:17:00,11,LOW
TRN-12024,Synthetic Corridor Freight 24,FREIGHT,SEC-BKI-JP,2025-02-06,19:18:00,20:46:00,19:29:00,20:57:00,11,LOW
TRN-12001,Synthetic Corridor Express 01,EXPRESS,SEC-NDLS-RE,2025-02-07,04:30:00,05:22:00,04:32:00,05:24:00,2,HIGH
TRN-12001,Synthetic Corridor Express 01,EXPRESS,SEC-RE-AWR,2025-02-07,05:28:00,06:18:00,05:30:00,06:20:00,2,HIGH
TRN-12001,Synthetic Corridor Express 01,EXPRESS,SEC-AWR-BKI,2025-02-07,06:24:00,07:09:00,06:26:00,07:11:00,2,HIGH
TRN-12001,Synthetic Corridor Express 01,EXPRESS,SEC-BKI-JP,2025-02-07,07:15:00,08:10:00,07:17:00,08:13:00,3,HIGH
TRN-12002,Synthetic Corridor Express 02,EXPRESS,SEC-NDLS-RE,2025-02-07,04:57:00,05:49:00,04:58:00,05:50:00,1,HIGH
TRN-12002,Synthetic Corridor Express 02,EXPRESS,SEC-RE-AWR,2025-02-07,05:55:00,06:45:00,05:56:00,06:46:00,1,HIGH
TRN-12002,Synthetic Corridor Express 02,EXPRESS,SEC-AWR-BKI,2025-02-07,06:51:00,07:36:00,06:52:00,07:37:00,1,HIGH
TRN-12002,Synthetic Corridor Express 02,EXPRESS,SEC-BKI-JP,2025-02-07,07:42:00,08:37:00,07:44:00,08:40:00,3,HIGH
TRN-12003,Synthetic Corridor Express 03,EXPRESS,SEC-NDLS-RE,2025-02-07,05:24:00,06:16:00,05:25:00,06:17:00,1,HIGH
TRN-12003,Synthetic Corridor Express 03,EXPRESS,SEC-RE-AWR,2025-02-07,06:22:00,07:12:00,06:23:00,07:15:00,3,HIGH
TRN-12003,Synthetic Corridor Express 03,EXPRESS,SEC-AWR-BKI,2025-02-07,07:18:00,08:03:00,07:21:00,08:06:00,3,HIGH
TRN-12003,Synthetic Corridor Express 03,EXPRESS,SEC-BKI-JP,2025-02-07,08:09:00,09:04:00,08:12:00,09:07:00,3,HIGH
TRN-12005,Synthetic Corridor Express 05,EXPRESS,SEC-NDLS-RE,2025-02-07,06:18:00,07:10:00,06:21:00,07:13:00,3,HIGH
TRN-12005,Synthetic Corridor Express 05,EXPRESS,SEC-RE-AWR,2025-02-07,07:16:00,08:06:00,07:20:00,08:10:00,4,HIGH
TRN-12005,Synthetic Corridor Express 05,EXPRESS,SEC-AWR-BKI,2025-02-07,08:12:00,08:57:00,08:16:00,09:02:00,5,HIGH
TRN-12005,Synthetic Corridor Express 05,EXPRESS,SEC-BKI-JP,2025-02-07,09:03:00,09:58:00,09:08:00,10:03:00,5,HIGH
TRN-12006,Synthetic Corridor Express 06,EXPRESS,SEC-NDLS-RE,2025-02-07,06:45:00,07:37:00,06:47:00,07:40:00,3,HIGH
TRN-12006,Synthetic Corridor Express 06,EXPRESS,SEC-RE-AWR,2025-02-07,07:43:00,08:33:00,07:46:00,08:36:00,3,HIGH
TRN-12006,Synthetic Corridor Express 06,EXPRESS,SEC-AWR-BKI,2025-02-07,08:39:00,09:24:00,08:42:00,09:28:00,4,HIGH
TRN-12006,Synthetic Corridor Express 06,EXPRESS,SEC-BKI-JP,2025-02-07,09:30:00,10:25:00,09:34:00,10:31:00,6,HIGH
TRN-12007,Synthetic Corridor Express 07,EXPRESS,SEC-NDLS-RE,2025-02-07,07:12:00,08:04:00,07:14:00,08:06:00,2,HIGH
TRN-12007,Synthetic Corridor Express 07,EXPRESS,SEC-RE-AWR,2025-02-07,08:10:00,09:00:00,08:12:00,09:03:00,3,HIGH
TRN-12007,Synthetic Corridor Express 07,EXPRESS,SEC-AWR-BKI,2025-02-07,09:06:00,09:51:00,09:09:00,09:54:00,3,HIGH
TRN-12007,Synthetic Corridor Express 07,EXPRESS,SEC-BKI-JP,2025-02-07,09:57:00,10:52:00,10:00:00,10:55:00,3,HIGH
TRN-12009,Synthetic Corridor Express 09,EXPRESS,SEC-NDLS-RE,2025-02-07,08:06:00,08:58:00,08:09:00,09:02:00,4,HIGH
TRN-12009,Synthetic Corridor Express 09,EXPRESS,SEC-RE-AWR,2025-02-07,09:04:00,09:54:00,09:08:00,09:58:00,4,HIGH
TRN-12009,Synthetic Corridor Express 09,EXPRESS,SEC-AWR-BKI,2025-02-07,10:00:00,10:45:00,10:04:00,10:49:00,4,HIGH
TRN-12009,Synthetic Corridor Express 09,EXPRESS,SEC-BKI-JP,2025-02-07,10:51:00,11:46:00,10:55:00,11:51:00,5,HIGH
TRN-12010,Synthetic Corridor Express 10,EXPRESS,SEC-NDLS-RE,2025-02-07,08:33:00,09:25:00,08:36:00,09:28:00,3,HIGH
TRN-12010,Synthetic Corridor Express 10,EXPRESS,SEC-RE-AWR,2025-02-07,09:31:00,10:21:00,09:34:00,10:24:00,3,HIGH
TRN-12010,Synthetic Corridor Express 10,EXPRESS,SEC-AWR-BKI,2025-02-07,10:27:00,11:12:00,10:30:00,11:16:00,4,HIGH
TRN-12010,Synthetic Corridor Express 10,EXPRESS,SEC-BKI-JP,2025-02-07,11:18:00,12:13:00,11:23:00,12:18:00,5,HIGH
TRN-12011,Synthetic Corridor Passenger 11,PASSENGER,SEC-NDLS-RE,2025-02-07,09:00:00,10:02:00,09:04:00,10:06:00,4,MEDIUM
TRN-12011,Synthetic Corridor Passenger 11,PASSENGER,SEC-RE-AWR,2025-02-07,10:11:00,11:10:00,10:16:00,11:15:00,5,MEDIUM
TRN-12011,Synthetic Corridor Passenger 11,PASSENGER,SEC-AWR-BKI,2025-02-07,11:19:00,12:12:00,11:24:00,12:17:00,5,MEDIUM
TRN-12011,Synthetic Corridor Passenger 11,PASSENGER,SEC-BKI-JP,2025-02-07,12:21:00,13:27:00,12:26:00,13:32:00,5,MEDIUM
TRN-12012,Synthetic Corridor Passenger 12,PASSENGER,SEC-NDLS-RE,2025-02-07,09:27:00,10:29:00,09:35:00,10:38:00,9,MEDIUM
TRN-12012,Synthetic Corridor Passenger 12,PASSENGER,SEC-RE-AWR,2025-02-07,10:38:00,11:37:00,10:47:00,11:46:00,9,MEDIUM
TRN-12012,Synthetic Corridor Passenger 12,PASSENGER,SEC-AWR-BKI,2025-02-07,11:46:00,12:39:00,11:55:00,12:49:00,10,MEDIUM
TRN-12012,Synthetic Corridor Passenger 12,PASSENGER,SEC-BKI-JP,2025-02-07,12:48:00,13:54:00,12:58:00,14:05:00,11,MEDIUM
TRN-12013,Synthetic Corridor Passenger 13,PASSENGER,SEC-NDLS-RE,2025-02-07,09:54:00,10:56:00,10:00:00,11:03:00,7,MEDIUM
TRN-12013,Synthetic Corridor Passenger 13,PASSENGER,SEC-RE-AWR,2025-02-07,11:05:00,12:04:00,11:12:00,12:11:00,7,MEDIUM
TRN-12013,Synthetic Corridor Passenger 13,PASSENGER,SEC-AWR-BKI,2025-02-07,12:13:00,13:06:00,12:21:00,13:14:00,8,MEDIUM
TRN-12013,Synthetic Corridor Passenger 13,PASSENGER,SEC-BKI-JP,2025-02-07,13:15:00,14:21:00,13:23:00,14:29:00,8,MEDIUM
TRN-12014,Synthetic Corridor Passenger 14,PASSENGER,SEC-NDLS-RE,2025-02-07,10:21:00,11:23:00,10:23:00,11:27:00,4,MEDIUM
TRN-12014,Synthetic Corridor Passenger 14,PASSENGER,SEC-RE-AWR,2025-02-07,11:32:00,12:31:00,11:37:00,12:37:00,6,MEDIUM
TRN-12014,Synthetic Corridor Passenger 14,PASSENGER,SEC-AWR-BKI,2025-02-07,12:40:00,13:33:00,12:46:00,13:39:00,6,MEDIUM
TRN-12014,Synthetic Corridor Passenger 14,PASSENGER,SEC-BKI-JP,2025-02-07,13:42:00,14:48:00,13:48:00,14:54:00,6,MEDIUM
TRN-12015,Synthetic Corridor Passenger 15,PASSENGER,SEC-NDLS-RE,2025-02-07,10:48:00,11:50:00,10:50:00,11:53:00,3,MEDIUM
TRN-12015,Synthetic Corridor Passenger 15,PASSENGER,SEC-RE-AWR,2025-02-07,11:59:00,12:58:00,12:02:00,13:01:00,3,MEDIUM
TRN-12015,Synthetic Corridor Passenger 15,PASSENGER,SEC-AWR-BKI,2025-02-07,13:07:00,14:00:00,13:10:00,14:03:00,3,MEDIUM
TRN-12015,Synthetic Corridor Passenger 15,PASSENGER,SEC-BKI-JP,2025-02-07,14:09:00,15:15:00,14:12:00,15:19:00,4,MEDIUM
TRN-12016,Synthetic Corridor Passenger 16,PASSENGER,SEC-NDLS-RE,2025-02-07,11:15:00,12:17:00,11:19:00,12:21:00,4,MEDIUM
TRN-12016,Synthetic Corridor Passenger 16,PASSENGER,SEC-RE-AWR,2025-02-07,12:26:00,13:25:00,12:30:00,13:30:00,5,MEDIUM
TRN-12016,Synthetic Corridor Passenger 16,PASSENGER,SEC-AWR-BKI,2025-02-07,13:34:00,14:27:00,13:40:00,14:34:00,7,MEDIUM
TRN-12016,Synthetic Corridor Passenger 16,PASSENGER,SEC-BKI-JP,2025-02-07,14:36:00,15:42:00,14:43:00,15:50:00,8,MEDIUM
TRN-12017,Synthetic Corridor Passenger 17,PASSENGER,SEC-NDLS-RE,2025-02-07,11:42:00,12:44:00,11:51:00,12:53:00,9,MEDIUM
TRN-12017,Synthetic Corridor Passenger 17,PASSENGER,SEC-RE-AWR,2025-02-07,12:53:00,13:52:00,13:02:00,14:01:00,9,MEDIUM
TRN-12017,Synthetic Corridor Passenger 17,PASSENGER,SEC-AWR-BKI,2025-02-07,14:01:00,14:54:00,14:10:00,15:03:00,9,MEDIUM
TRN-12017,Synthetic Corridor Passenger 17,PASSENGER,SEC-BKI-JP,2025-02-07,15:03:00,16:09:00,15:12:00,16:21:00,12,MEDIUM
TRN-12018,Synthetic Corridor Passenger 18,PASSENGER,SEC-NDLS-RE,2025-02-07,12:09:00,13:11:00,12:12:00,13:14:00,3,MEDIUM
TRN-12018,Synthetic Corridor Passenger 18,PASSENGER,SEC-RE-AWR,2025-02-07,13:20:00,14:19:00,13:23:00,14:23:00,4,MEDIUM
TRN-12018,Synthetic Corridor Passenger 18,PASSENGER,SEC-AWR-BKI,2025-02-07,14:28:00,15:21:00,14:32:00,15:26:00,5,MEDIUM
TRN-12018,Synthetic Corridor Passenger 18,PASSENGER,SEC-BKI-JP,2025-02-07,15:30:00,16:36:00,15:35:00,16:41:00,5,MEDIUM
TRN-12019,Synthetic Corridor Freight 19,FREIGHT,SEC-NDLS-RE,2025-02-07,12:36:00,13:58:00,12:38:00,14:00:00,2,LOW
TRN-12019,Synthetic Corridor Freight 19,FREIGHT,SEC-RE-AWR,2025-02-07,14:10:00,15:28:00,14:12:00,15:33:00,5,LOW
TRN-12019,Synthetic Corridor Freight 19,FREIGHT,SEC-AWR-BKI,2025-02-07,15:40:00,16:51:00,15:46:00,16:57:00,6,LOW
TRN-12019,Synthetic Corridor Freight 19,FREIGHT,SEC-BKI-JP,2025-02-07,17:03:00,18:31:00,17:09:00,18:37:00,6,LOW
TRN-12021,Synthetic Corridor Freight 21,FREIGHT,SEC-NDLS-RE,2025-02-07,13:30:00,14:52:00,13:34:00,14:56:00,4,LOW
TRN-12021,Synthetic Corridor Freight 21,FREIGHT,SEC-RE-AWR,2025-02-07,15:04:00,16:22:00,15:09:00,16:27:00,5,LOW
TRN-12021,Synthetic Corridor Freight 21,FREIGHT,SEC-AWR-BKI,2025-02-07,16:34:00,17:45:00,16:39:00,17:50:00,5,LOW
TRN-12021,Synthetic Corridor Freight 21,FREIGHT,SEC-BKI-JP,2025-02-07,17:57:00,19:25:00,18:02:00,19:30:00,5,LOW
TRN-12022,Synthetic Corridor Freight 22,FREIGHT,SEC-NDLS-RE,2025-02-07,13:57:00,15:19:00,14:04:00,15:28:00,9,LOW
TRN-12022,Synthetic Corridor Freight 22,FREIGHT,SEC-RE-AWR,2025-02-07,15:31:00,16:49:00,15:40:00,16:58:00,9,LOW
TRN-12022,Synthetic Corridor Freight 22,FREIGHT,SEC-AWR-BKI,2025-02-07,17:01:00,18:12:00,17:10:00,18:21:00,9,LOW
TRN-12022,Synthetic Corridor Freight 22,FREIGHT,SEC-BKI-JP,2025-02-07,18:24:00,19:52:00,18:33:00,20:01:00,9,LOW
TRN-12023,Synthetic Corridor Freight 23,FREIGHT,SEC-NDLS-RE,2025-02-07,14:24:00,15:46:00,14:24:00,15:46:00,0,LOW
TRN-12023,Synthetic Corridor Freight 23,FREIGHT,SEC-RE-AWR,2025-02-07,15:58:00,17:16:00,15:59:00,17:17:00,1,LOW
TRN-12023,Synthetic Corridor Freight 23,FREIGHT,SEC-AWR-BKI,2025-02-07,17:28:00,18:39:00,17:29:00,18:40:00,1,LOW
TRN-12023,Synthetic Corridor Freight 23,FREIGHT,SEC-BKI-JP,2025-02-07,18:51:00,20:19:00,18:52:00,20:21:00,2,LOW
TRN-12001,Synthetic Corridor Express 01,EXPRESS,SEC-NDLS-RE,2025-02-08,04:30:00,05:22:00,04:35:00,05:30:00,8,HIGH
TRN-12001,Synthetic Corridor Express 01,EXPRESS,SEC-RE-AWR,2025-02-08,05:28:00,06:18:00,05:36:00,06:26:00,8,HIGH
TRN-12001,Synthetic Corridor Express 01,EXPRESS,SEC-AWR-BKI,2025-02-08,06:24:00,07:09:00,06:32:00,07:19:00,10,HIGH
TRN-12001,Synthetic Corridor Express 01,EXPRESS,SEC-BKI-JP,2025-02-08,07:15:00,08:10:00,07:26:00,08:25:00,15,HIGH
TRN-12004,Synthetic Corridor Express 04,EXPRESS,SEC-NDLS-RE,2025-02-08,05:51:00,06:43:00,05:53:00,06:46:00,3,HIGH
TRN-12004,Synthetic Corridor Express 04,EXPRESS,SEC-RE-AWR,2025-02-08,06:49:00,07:39:00,06:52:00,07:42:00,3,HIGH
TRN-12004,Synthetic Corridor Express 04,EXPRESS,SEC-AWR-BKI,2025-02-08,07:45:00,08:30:00,07:48:00,08:34:00,4,HIGH
TRN-12004,Synthetic Corridor Express 04,EXPRESS,SEC-BKI-JP,2025-02-08,08:36:00,09:31:00,08:40:00,09:36:00,5,HIGH
TRN-12005,Synthetic Corridor Express 05,EXPRESS,SEC-NDLS-RE,2025-02-08,06:18:00,07:10:00,06:22:00,07:15:00,5,HIGH
TRN-12005,Synthetic Corridor Express 05,EXPRESS,SEC-RE-AWR,2025-02-08,07:16:00,08:06:00,07:21:00,08:12:00,6,HIGH
TRN-12005,Synthetic Corridor Express 05,EXPRESS,SEC-AWR-BKI,2025-02-08,08:12:00,08:57:00,08:18:00,09:03:00,6,HIGH
TRN-12005,Synthetic Corridor Express 05,EXPRESS,SEC-BKI-JP,2025-02-08,09:03:00,09:58:00,09:10:00,10:08:00,10,HIGH
TRN-12008,Synthetic Corridor Express 08,EXPRESS,SEC-NDLS-RE,2025-02-08,07:39:00,08:31:00,07:49:00,08:42:00,11,HIGH
TRN-12008,Synthetic Corridor Express 08,EXPRESS,SEC-RE-AWR,2025-02-08,08:37:00,09:27:00,08:48:00,09:38:00,11,HIGH
TRN-12008,Synthetic Corridor Express 08,EXPRESS,SEC-AWR-BKI,2025-02-08,09:33:00,10:18:00,09:45:00,10:32:00,14,HIGH
TRN-12008,Synthetic Corridor Express 08,EXPRESS,SEC-BKI-JP,2025-02-08,10:24:00,11:19:00,10:38:00,11:34:00,15,HIGH
TRN-12009,Synthetic Corridor Express 09,EXPRESS,SEC-NDLS-RE,2025-02-08,08:06:00,08:58:00,08:12:00,09:05:00,7,HIGH
TRN-12009,Synthetic Corridor Express 09,EXPRESS,SEC-RE-AWR,2025-02-08,09:04:00,09:54:00,09:13:00,10:03:00,9,HIGH
TRN-12009,Synthetic Corridor Express 09,EXPRESS,SEC-AWR-BKI,2025-02-08,10:00:00,10:45:00,10:10:00,10:55:00,10,HIGH
TRN-12009,Synthetic Corridor Express 09,EXPRESS,SEC-BKI-JP,2025-02-08,10:51:00,11:46:00,11:02:00,11:57:00,11,HIGH
TRN-12011,Synthetic Corridor Passenger 11,PASSENGER,SEC-NDLS-RE,2025-02-08,09:00:00,10:02:00,09:05:00,10:07:00,5,MEDIUM
TRN-12011,Synthetic Corridor Passenger 11,PASSENGER,SEC-RE-AWR,2025-02-08,10:11:00,11:10:00,10:17:00,11:18:00,8,MEDIUM
TRN-12011,Synthetic Corridor Passenger 11,PASSENGER,SEC-AWR-BKI,2025-02-08,11:19:00,12:12:00,11:28:00,12:21:00,9,MEDIUM
TRN-12011,Synthetic Corridor Passenger 11,PASSENGER,SEC-BKI-JP,2025-02-08,12:21:00,13:27:00,12:30:00,13:36:00,9,MEDIUM
TRN-12012,Synthetic Corridor Passenger 12,PASSENGER,SEC-NDLS-RE,2025-02-08,09:27:00,10:29:00,09:36:00,10:40:00,11,MEDIUM
TRN-12012,Synthetic Corridor Passenger 12,PASSENGER,SEC-RE-AWR,2025-02-08,10:38:00,11:37:00,10:50:00,11:51:00,14,MEDIUM
TRN-12012,Synthetic Corridor Passenger 12,PASSENGER,SEC-AWR-BKI,2025-02-08,11:46:00,12:39:00,12:01:00,12:54:00,15,MEDIUM
TRN-12012,Synthetic Corridor Passenger 12,PASSENGER,SEC-BKI-JP,2025-02-08,12:48:00,13:54:00,13:04:00,14:11:00,17,MEDIUM
TRN-12013,Synthetic Corridor Passenger 13,PASSENGER,SEC-NDLS-RE,2025-02-08,09:54:00,10:56:00,10:02:00,11:06:00,10,MEDIUM
TRN-12013,Synthetic Corridor Passenger 13,PASSENGER,SEC-RE-AWR,2025-02-08,11:05:00,12:04:00,11:17:00,12:17:00,13,MEDIUM
TRN-12013,Synthetic Corridor Passenger 13,PASSENGER,SEC-AWR-BKI,2025-02-08,12:13:00,13:06:00,12:27:00,13:23:00,17,MEDIUM
TRN-12013,Synthetic Corridor Passenger 13,PASSENGER,SEC-BKI-JP,2025-02-08,13:15:00,14:21:00,13:32:00,14:41:00,20,MEDIUM
TRN-12014,Synthetic Corridor Passenger 14,PASSENGER,SEC-NDLS-RE,2025-02-08,10:21:00,11:23:00,10:26:00,11:29:00,6,MEDIUM
TRN-12014,Synthetic Corridor Passenger 14,PASSENGER,SEC-RE-AWR,2025-02-08,11:32:00,12:31:00,11:40:00,12:40:00,9,MEDIUM
TRN-12014,Synthetic Corridor Passenger 14,PASSENGER,SEC-AWR-BKI,2025-02-08,12:40:00,13:33:00,12:49:00,13:43:00,10,MEDIUM
TRN-12014,Synthetic Corridor Passenger 14,PASSENGER,SEC-BKI-JP,2025-02-08,13:42:00,14:48:00,13:54:00,15:04:00,16,MEDIUM
TRN-12015,Synthetic Corridor Passenger 15,PASSENGER,SEC-NDLS-RE,2025-02-08,10:48:00,11:50:00,10:53:00,11:55:00,5,MEDIUM
TRN-12015,Synthetic Corridor Passenger 15,PASSENGER,SEC-RE-AWR,2025-02-08,11:59:00,12:58:00,12:04:00,13:05:00,7,MEDIUM
TRN-12015,Synthetic Corridor Passenger 15,PASSENGER,SEC-AWR-BKI,2025-02-08,13:07:00,14:00:00,13:16:00,14:13:00,13,MEDIUM
TRN-12015,Synthetic Corridor Passenger 15,PASSENGER,SEC-BKI-JP,2025-02-08,14:09:00,15:15:00,14:22:00,15:29:00,14,MEDIUM
TRN-12016,Synthetic Corridor Passenger 16,PASSENGER,SEC-NDLS-RE,2025-02-08,11:15:00,12:17:00,11:22:00,12:26:00,9,MEDIUM
TRN-12016,Synthetic Corridor Passenger 16,PASSENGER,SEC-RE-AWR,2025-02-08,12:26:00,13:25:00,12:36:00,13:37:00,12,MEDIUM
TRN-12016,Synthetic Corridor Passenger 16,PASSENGER,SEC-AWR-BKI,2025-02-08,13:34:00,14:27:00,13:47:00,14:40:00,13,MEDIUM
TRN-12016,Synthetic Corridor Passenger 16,PASSENGER,SEC-BKI-JP,2025-02-08,14:36:00,15:42:00,14:49:00,15:55:00,13,MEDIUM
TRN-12017,Synthetic Corridor Passenger 17,PASSENGER,SEC-NDLS-RE,2025-02-08,11:42:00,12:44:00,11:44:00,12:48:00,4,MEDIUM
TRN-12017,Synthetic Corridor Passenger 17,PASSENGER,SEC-RE-AWR,2025-02-08,12:53:00,13:52:00,12:58:00,14:00:00,8,MEDIUM
TRN-12017,Synthetic Corridor Passenger 17,PASSENGER,SEC-AWR-BKI,2025-02-08,14:01:00,14:54:00,14:09:00,15:03:00,9,MEDIUM
TRN-12017,Synthetic Corridor Passenger 17,PASSENGER,SEC-BKI-JP,2025-02-08,15:03:00,16:09:00,15:13:00,16:22:00,13,MEDIUM
TRN-12018,Synthetic Corridor Passenger 18,PASSENGER,SEC-NDLS-RE,2025-02-08,12:09:00,13:11:00,12:17:00,13:20:00,9,MEDIUM
TRN-12018,Synthetic Corridor Passenger 18,PASSENGER,SEC-RE-AWR,2025-02-08,13:20:00,14:19:00,13:29:00,14:29:00,10,MEDIUM
TRN-12018,Synthetic Corridor Passenger 18,PASSENGER,SEC-AWR-BKI,2025-02-08,14:28:00,15:21:00,14:38:00,15:31:00,10,MEDIUM
TRN-12018,Synthetic Corridor Passenger 18,PASSENGER,SEC-BKI-JP,2025-02-08,15:30:00,16:36:00,15:41:00,16:47:00,11,MEDIUM
TRN-12020,Synthetic Corridor Freight 20,FREIGHT,SEC-NDLS-RE,2025-02-08,13:03:00,14:25:00,13:10:00,14:32:00,7,LOW
TRN-12020,Synthetic Corridor Freight 20,FREIGHT,SEC-RE-AWR,2025-02-08,14:37:00,15:55:00,14:44:00,16:03:00,8,LOW
TRN-12020,Synthetic Corridor Freight 20,FREIGHT,SEC-AWR-BKI,2025-02-08,16:07:00,17:18:00,16:16:00,17:28:00,10,LOW
TRN-12020,Synthetic Corridor Freight 20,FREIGHT,SEC-BKI-JP,2025-02-08,17:30:00,18:58:00,17:41:00,19:12:00,14,LOW
TRN-12021,Synthetic Corridor Freight 21,FREIGHT,SEC-NDLS-RE,2025-02-08,13:30:00,14:52:00,13:41:00,15:04:00,12,LOW
TRN-12021,Synthetic Corridor Freight 21,FREIGHT,SEC-RE-AWR,2025-02-08,15:04:00,16:22:00,15:16:00,16:34:00,12,LOW
TRN-12021,Synthetic Corridor Freight 21,FREIGHT,SEC-AWR-BKI,2025-02-08,16:34:00,17:45:00,16:46:00,17:59:00,14,LOW
TRN-12021,Synthetic Corridor Freight 21,FREIGHT,SEC-BKI-JP,2025-02-08,17:57:00,19:25:00,18:12:00,19:41:00,16,LOW
TRN-12024,Synthetic Corridor Freight 24,FREIGHT,SEC-NDLS-RE,2025-02-08,14:51:00,16:13:00,14:53:00,16:16:00,3,LOW
TRN-12024,Synthetic Corridor Freight 24,FREIGHT,SEC-RE-AWR,2025-02-08,16:25:00,17:43:00,16:28:00,17:46:00,3,LOW
TRN-12024,Synthetic Corridor Freight 24,FREIGHT,SEC-AWR-BKI,2025-02-08,17:55:00,19:06:00,17:58:00,19:10:00,4,LOW
TRN-12024,Synthetic Corridor Freight 24,FREIGHT,SEC-BKI-JP,2025-02-08,19:18:00,20:46:00,19:23:00,20:51:00,5,LOW
TRN-12001,Synthetic Corridor Express 01,EXPRESS,SEC-NDLS-RE,2025-02-09,04:30:00,05:22:00,04:31:00,05:24:00,2,HIGH
TRN-12001,Synthetic Corridor Express 01,EXPRESS,SEC-RE-AWR,2025-02-09,05:28:00,06:18:00,05:30:00,06:21:00,3,HIGH
TRN-12001,Synthetic Corridor Express 01,EXPRESS,SEC-AWR-BKI,2025-02-09,06:24:00,07:09:00,06:27:00,07:12:00,3,HIGH
TRN-12001,Synthetic Corridor Express 01,EXPRESS,SEC-BKI-JP,2025-02-09,07:15:00,08:10:00,07:19:00,08:14:00,4,HIGH
TRN-12003,Synthetic Corridor Express 03,EXPRESS,SEC-NDLS-RE,2025-02-09,05:24:00,06:16:00,05:25:00,06:17:00,1,HIGH
TRN-12003,Synthetic Corridor Express 03,EXPRESS,SEC-RE-AWR,2025-02-09,06:22:00,07:12:00,06:23:00,07:13:00,1,HIGH
TRN-12003,Synthetic Corridor Express 03,EXPRESS,SEC-AWR-BKI,2025-02-09,07:18:00,08:03:00,07:19:00,08:04:00,1,HIGH
TRN-12003,Synthetic Corridor Express 03,EXPRESS,SEC-BKI-JP,2025-02-09,08:09:00,09:04:00,08:10:00,09:06:00,2,HIGH
TRN-12005,Synthetic Corridor Express 05,EXPRESS,SEC-NDLS-RE,2025-02-09,06:18:00,07:10:00,06:21:00,07:14:00,4,HIGH
TRN-12005,Synthetic Corridor Express 05,EXPRESS,SEC-RE-AWR,2025-02-09,07:16:00,08:06:00,07:20:00,08:10:00,4,HIGH
TRN-12005,Synthetic Corridor Express 05,EXPRESS,SEC-AWR-BKI,2025-02-09,08:12:00,08:57:00,08:16:00,09:02:00,5,HIGH
TRN-12005,Synthetic Corridor Express 05,EXPRESS,SEC-BKI-JP,2025-02-09,09:03:00,09:58:00,09:08:00,10:03:00,5,HIGH
TRN-12007,Synthetic Corridor Express 07,EXPRESS,SEC-NDLS-RE,2025-02-09,07:12:00,08:04:00,07:21:00,08:13:00,9,HIGH
TRN-12007,Synthetic Corridor Express 07,EXPRESS,SEC-RE-AWR,2025-02-09,08:10:00,09:00:00,08:19:00,09:09:00,9,HIGH
TRN-12007,Synthetic Corridor Express 07,EXPRESS,SEC-AWR-BKI,2025-02-09,09:06:00,09:51:00,09:15:00,10:01:00,10,HIGH
TRN-12007,Synthetic Corridor Express 07,EXPRESS,SEC-BKI-JP,2025-02-09,09:57:00,10:52:00,10:07:00,11:04:00,12,HIGH
TRN-12009,Synthetic Corridor Express 09,EXPRESS,SEC-NDLS-RE,2025-02-09,08:06:00,08:58:00,08:09:00,09:01:00,3,HIGH
TRN-12009,Synthetic Corridor Express 09,EXPRESS,SEC-RE-AWR,2025-02-09,09:04:00,09:54:00,09:07:00,09:57:00,3,HIGH
TRN-12009,Synthetic Corridor Express 09,EXPRESS,SEC-AWR-BKI,2025-02-09,10:00:00,10:45:00,10:04:00,10:49:00,4,HIGH
TRN-12009,Synthetic Corridor Express 09,EXPRESS,SEC-BKI-JP,2025-02-09,10:51:00,11:46:00,10:55:00,11:50:00,4,HIGH
TRN-12011,Synthetic Corridor Passenger 11,PASSENGER,SEC-NDLS-RE,2025-02-09,09:00:00,10:02:00,09:08:00,10:11:00,9,MEDIUM
TRN-12011,Synthetic Corridor Passenger 11,PASSENGER,SEC-RE-AWR,2025-02-09,10:11:00,11:10:00,10:22:00,11:23:00,13,MEDIUM
TRN-12011,Synthetic Corridor Passenger 11,PASSENGER,SEC-AWR-BKI,2025-02-09,11:19:00,12:12:00,11:32:00,12:25:00,13,MEDIUM
TRN-12011,Synthetic Corridor Passenger 11,PASSENGER,SEC-BKI-JP,2025-02-09,12:21:00,13:27:00,12:35:00,13:42:00,15,MEDIUM
TRN-12012,Synthetic Corridor Passenger 12,PASSENGER,SEC-NDLS-RE,2025-02-09,09:27:00,10:29:00,09:30:00,10:32:00,3,MEDIUM
TRN-12012,Synthetic Corridor Passenger 12,PASSENGER,SEC-RE-AWR,2025-02-09,10:38:00,11:37:00,10:41:00,11:41:00,4,MEDIUM
TRN-12012,Synthetic Corridor Passenger 12,PASSENGER,SEC-AWR-BKI,2025-02-09,11:46:00,12:39:00,11:51:00,12:44:00,5,MEDIUM
TRN-12012,Synthetic Corridor Passenger 12,PASSENGER,SEC-BKI-JP,2025-02-09,12:48:00,13:54:00,12:53:00,13:59:00,5,MEDIUM
TRN-12013,Synthetic Corridor Passenger 13,PASSENGER,SEC-NDLS-RE,2025-02-09,09:54:00,10:56:00,09:56:00,10:59:00,3,MEDIUM
TRN-12013,Synthetic Corridor Passenger 13,PASSENGER,SEC-RE-AWR,2025-02-09,11:05:00,12:04:00,11:09:00,12:09:00,5,MEDIUM
TRN-12013,Synthetic Corridor Passenger 13,PASSENGER,SEC-AWR-BKI,2025-02-09,12:13:00,13:06:00,12:19:00,13:13:00,7,MEDIUM
TRN-12013,Synthetic Corridor Passenger 13,PASSENGER,SEC-BKI-JP,2025-02-09,13:15:00,14:21:00,13:25:00,14:32:00,11,MEDIUM
TRN-12014,Synthetic Corridor Passenger 14,PASSENGER,SEC-NDLS-RE,2025-02-09,10:21:00,11:23:00,10:25:00,11:27:00,4,MEDIUM
TRN-12014,Synthetic Corridor Passenger 14,PASSENGER,SEC-RE-AWR,2025-02-09,11:32:00,12:31:00,11:36:00,12:35:00,4,MEDIUM
TRN-12014,Synthetic Corridor Passenger 14,PASSENGER,SEC-AWR-BKI,2025-02-09,12:40:00,13:33:00,12:45:00,13:40:00,7,MEDIUM
TRN-12014,Synthetic Corridor Passenger 14,PASSENGER,SEC-BKI-JP,2025-02-09,13:42:00,14:48:00,13:49:00,14:55:00,7,MEDIUM
TRN-12015,Synthetic Corridor Passenger 15,PASSENGER,SEC-NDLS-RE,2025-02-09,10:48:00,11:50:00,10:50:00,11:53:00,3,MEDIUM
TRN-12015,Synthetic Corridor Passenger 15,PASSENGER,SEC-RE-AWR,2025-02-09,11:59:00,12:58:00,12:02:00,13:02:00,4,MEDIUM
TRN-12015,Synthetic Corridor Passenger 15,PASSENGER,SEC-AWR-BKI,2025-02-09,13:07:00,14:00:00,13:12:00,14:05:00,5,MEDIUM
TRN-12015,Synthetic Corridor Passenger 15,PASSENGER,SEC-BKI-JP,2025-02-09,14:09:00,15:15:00,14:14:00,15:20:00,5,MEDIUM
TRN-12016,Synthetic Corridor Passenger 16,PASSENGER,SEC-NDLS-RE,2025-02-09,11:15:00,12:17:00,11:17:00,12:20:00,3,MEDIUM
TRN-12016,Synthetic Corridor Passenger 16,PASSENGER,SEC-RE-AWR,2025-02-09,12:26:00,13:25:00,12:29:00,13:29:00,4,MEDIUM
TRN-12016,Synthetic Corridor Passenger 16,PASSENGER,SEC-AWR-BKI,2025-02-09,13:34:00,14:27:00,13:39:00,14:32:00,5,MEDIUM
TRN-12016,Synthetic Corridor Passenger 16,PASSENGER,SEC-BKI-JP,2025-02-09,14:36:00,15:42:00,14:41:00,15:47:00,5,MEDIUM
TRN-12017,Synthetic Corridor Passenger 17,PASSENGER,SEC-NDLS-RE,2025-02-09,11:42:00,12:44:00,11:46:00,12:48:00,4,MEDIUM
TRN-12017,Synthetic Corridor Passenger 17,PASSENGER,SEC-RE-AWR,2025-02-09,12:53:00,13:52:00,12:58:00,13:57:00,5,MEDIUM
TRN-12017,Synthetic Corridor Passenger 17,PASSENGER,SEC-AWR-BKI,2025-02-09,14:01:00,14:54:00,14:06:00,14:59:00,5,MEDIUM
TRN-12017,Synthetic Corridor Passenger 17,PASSENGER,SEC-BKI-JP,2025-02-09,15:03:00,16:09:00,15:08:00,16:15:00,6,MEDIUM
TRN-12018,Synthetic Corridor Passenger 18,PASSENGER,SEC-NDLS-RE,2025-02-09,12:09:00,13:11:00,12:12:00,13:14:00,3,MEDIUM
TRN-12018,Synthetic Corridor Passenger 18,PASSENGER,SEC-RE-AWR,2025-02-09,13:20:00,14:19:00,13:23:00,14:25:00,6,MEDIUM
TRN-12018,Synthetic Corridor Passenger 18,PASSENGER,SEC-AWR-BKI,2025-02-09,14:28:00,15:21:00,14:36:00,15:29:00,8,MEDIUM
TRN-12018,Synthetic Corridor Passenger 18,PASSENGER,SEC-BKI-JP,2025-02-09,15:30:00,16:36:00,15:38:00,16:45:00,9,MEDIUM
TRN-12019,Synthetic Corridor Freight 19,FREIGHT,SEC-NDLS-RE,2025-02-09,12:36:00,13:58:00,12:39:00,14:02:00,4,LOW
TRN-12019,Synthetic Corridor Freight 19,FREIGHT,SEC-RE-AWR,2025-02-09,14:10:00,15:28:00,14:14:00,15:32:00,4,LOW
TRN-12019,Synthetic Corridor Freight 19,FREIGHT,SEC-AWR-BKI,2025-02-09,15:40:00,16:51:00,15:45:00,16:56:00,5,LOW
TRN-12019,Synthetic Corridor Freight 19,FREIGHT,SEC-BKI-JP,2025-02-09,17:03:00,18:31:00,17:08:00,18:36:00,5,LOW
TRN-12021,Synthetic Corridor Freight 21,FREIGHT,SEC-NDLS-RE,2025-02-09,13:30:00,14:52:00,13:31:00,14:54:00,2,LOW
TRN-12021,Synthetic Corridor Freight 21,FREIGHT,SEC-RE-AWR,2025-02-09,15:04:00,16:22:00,15:07:00,16:25:00,3,LOW
TRN-12021,Synthetic Corridor Freight 21,FREIGHT,SEC-AWR-BKI,2025-02-09,16:34:00,17:45:00,16:37:00,17:48:00,3,LOW
TRN-12021,Synthetic Corridor Freight 21,FREIGHT,SEC-BKI-JP,2025-02-09,17:57:00,19:25:00,18:01:00,19:30:00,5,LOW
TRN-12023,Synthetic Corridor Freight 23,FREIGHT,SEC-NDLS-RE,2025-02-09,14:24:00,15:46:00,14:30:00,15:54:00,8,LOW
TRN-12023,Synthetic Corridor Freight 23,FREIGHT,SEC-RE-AWR,2025-02-09,15:58:00,17:16:00,16:06:00,17:25:00,9,LOW
TRN-12023,Synthetic Corridor Freight 23,FREIGHT,SEC-AWR-BKI,2025-02-09,17:28:00,18:39:00,17:38:00,18:52:00,13,LOW
TRN-12023,Synthetic Corridor Freight 23,FREIGHT,SEC-BKI-JP,2025-02-09,18:51:00,20:19:00,19:04:00,20:32:00,13,LOW
TRN-12001,Synthetic Corridor Express 01,EXPRESS,SEC-NDLS-RE,2025-02-10,04:30:00,05:22:00,04:30:00,05:23:00,1,HIGH
TRN-12001,Synthetic Corridor Express 01,EXPRESS,SEC-RE-AWR,2025-02-10,05:28:00,06:18:00,05:29:00,06:20:00,2,HIGH
TRN-12001,Synthetic Corridor Express 01,EXPRESS,SEC-AWR-BKI,2025-02-10,06:24:00,07:09:00,06:27:00,07:15:00,6,HIGH
TRN-12001,Synthetic Corridor Express 01,EXPRESS,SEC-BKI-JP,2025-02-10,07:15:00,08:10:00,07:21:00,08:16:00,6,HIGH
TRN-12002,Synthetic Corridor Express 02,EXPRESS,SEC-NDLS-RE,2025-02-10,04:57:00,05:49:00,04:58:00,05:51:00,2,HIGH
TRN-12002,Synthetic Corridor Express 02,EXPRESS,SEC-RE-AWR,2025-02-10,05:55:00,06:45:00,05:58:00,06:50:00,5,HIGH
TRN-12002,Synthetic Corridor Express 02,EXPRESS,SEC-AWR-BKI,2025-02-10,06:51:00,07:36:00,06:56:00,07:41:00,5,HIGH
TRN-12002,Synthetic Corridor Express 02,EXPRESS,SEC-BKI-JP,2025-02-10,07:42:00,08:37:00,07:47:00,08:43:00,6,HIGH
TRN-12003,Synthetic Corridor Express 03,EXPRESS,SEC-NDLS-RE,2025-02-10,05:24:00,06:16:00,05:24:00,06:16:00,0,HIGH
TRN-12003,Synthetic Corridor Express 03,EXPRESS,SEC-RE-AWR,2025-02-10,06:22:00,07:12:00,06:22:00,07:13:00,1,HIGH
TRN-12003,Synthetic Corridor Express 03,EXPRESS,SEC-AWR-BKI,2025-02-10,07:18:00,08:03:00,07:22:00,08:07:00,4,HIGH
TRN-12003,Synthetic Corridor Express 03,EXPRESS,SEC-BKI-JP,2025-02-10,08:09:00,09:04:00,08:13:00,09:10:00,6,HIGH
TRN-12005,Synthetic Corridor Express 05,EXPRESS,SEC-NDLS-RE,2025-02-10,06:18:00,07:10:00,06:18:00,07:12:00,2,HIGH
TRN-12005,Synthetic Corridor Express 05,EXPRESS,SEC-RE-AWR,2025-02-10,07:16:00,08:06:00,07:18:00,08:08:00,2,HIGH
TRN-12005,Synthetic Corridor Express 05,EXPRESS,SEC-AWR-BKI,2025-02-10,08:12:00,08:57:00,08:14:00,08:59:00,2,HIGH
TRN-12005,Synthetic Corridor Express 05,EXPRESS,SEC-BKI-JP,2025-02-10,09:03:00,09:58:00,09:05:00,10:00:00,2,HIGH
TRN-12006,Synthetic Corridor Express 06,EXPRESS,SEC-NDLS-RE,2025-02-10,06:45:00,07:37:00,06:46:00,07:38:00,1,HIGH
TRN-12006,Synthetic Corridor Express 06,EXPRESS,SEC-RE-AWR,2025-02-10,07:43:00,08:33:00,07:44:00,08:34:00,1,HIGH
TRN-12006,Synthetic Corridor Express 06,EXPRESS,SEC-AWR-BKI,2025-02-10,08:39:00,09:24:00,08:40:00,09:25:00,1,HIGH
TRN-12006,Synthetic Corridor Express 06,EXPRESS,SEC-BKI-JP,2025-02-10,09:30:00,10:25:00,09:31:00,10:26:00,1,HIGH
TRN-12007,Synthetic Corridor Express 07,EXPRESS,SEC-NDLS-RE,2025-02-10,07:12:00,08:04:00,07:23:00,08:15:00,11,HIGH
TRN-12007,Synthetic Corridor Express 07,EXPRESS,SEC-RE-AWR,2025-02-10,08:10:00,09:00:00,08:21:00,09:12:00,12,HIGH
TRN-12007,Synthetic Corridor Express 07,EXPRESS,SEC-AWR-BKI,2025-02-10,09:06:00,09:51:00,09:18:00,10:04:00,13,HIGH
TRN-12007,Synthetic Corridor Express 07,EXPRESS,SEC-BKI-JP,2025-02-10,09:57:00,10:52:00,10:10:00,11:05:00,13,HIGH
TRN-12009,Synthetic Corridor Express 09,EXPRESS,SEC-NDLS-RE,2025-02-10,08:06:00,08:58:00,08:12:00,09:04:00,6,HIGH
TRN-12009,Synthetic Corridor Express 09,EXPRESS,SEC-RE-AWR,2025-02-10,09:04:00,09:54:00,09:10:00,10:01:00,7,HIGH
TRN-12009,Synthetic Corridor Express 09,EXPRESS,SEC-AWR-BKI,2025-02-10,10:00:00,10:45:00,10:07:00,10:53:00,8,HIGH
TRN-12009,Synthetic Corridor Express 09,EXPRESS,SEC-BKI-JP,2025-02-10,10:51:00,11:46:00,10:59:00,11:55:00,9,HIGH
TRN-12010,Synthetic Corridor Express 10,EXPRESS,SEC-NDLS-RE,2025-02-10,08:33:00,09:25:00,08:39:00,09:31:00,6,HIGH
TRN-12010,Synthetic Corridor Express 10,EXPRESS,SEC-RE-AWR,2025-02-10,09:31:00,10:21:00,09:40:00,10:30:00,9,HIGH
TRN-12010,Synthetic Corridor Express 10,EXPRESS,SEC-AWR-BKI,2025-02-10,10:27:00,11:12:00,10:36:00,11:21:00,9,HIGH
TRN-12010,Synthetic Corridor Express 10,EXPRESS,SEC-BKI-JP,2025-02-10,11:18:00,12:13:00,11:27:00,12:22:00,9,HIGH
TRN-12011,Synthetic Corridor Passenger 11,PASSENGER,SEC-NDLS-RE,2025-02-10,09:00:00,10:02:00,09:03:00,10:05:00,3,MEDIUM
TRN-12011,Synthetic Corridor Passenger 11,PASSENGER,SEC-RE-AWR,2025-02-10,10:11:00,11:10:00,10:14:00,11:15:00,5,MEDIUM
TRN-12011,Synthetic Corridor Passenger 11,PASSENGER,SEC-AWR-BKI,2025-02-10,11:19:00,12:12:00,11:25:00,12:19:00,7,MEDIUM
TRN-12011,Synthetic Corridor Passenger 11,PASSENGER,SEC-BKI-JP,2025-02-10,12:21:00,13:27:00,12:28:00,13:34:00,7,MEDIUM
TRN-12012,Synthetic Corridor Passenger 12,PASSENGER,SEC-NDLS-RE,2025-02-10,09:27:00,10:29:00,09:31:00,10:33:00,4,MEDIUM
TRN-12012,Synthetic Corridor Passenger 12,PASSENGER,SEC-RE-AWR,2025-02-10,10:38:00,11:37:00,10:42:00,11:41:00,4,MEDIUM
TRN-12012,Synthetic Corridor Passenger 12,PASSENGER,SEC-AWR-BKI,2025-02-10,11:46:00,12:39:00,11:50:00,12:44:00,5,MEDIUM
TRN-12012,Synthetic Corridor Passenger 12,PASSENGER,SEC-BKI-JP,2025-02-10,12:48:00,13:54:00,12:53:00,13:59:00,5,MEDIUM
TRN-12013,Synthetic Corridor Passenger 13,PASSENGER,SEC-NDLS-RE,2025-02-10,09:54:00,10:56:00,10:00:00,11:02:00,6,MEDIUM
TRN-12013,Synthetic Corridor Passenger 13,PASSENGER,SEC-RE-AWR,2025-02-10,11:05:00,12:04:00,11:12:00,12:12:00,8,MEDIUM
TRN-12013,Synthetic Corridor Passenger 13,PASSENGER,SEC-AWR-BKI,2025-02-10,12:13:00,13:06:00,12:21:00,13:14:00,8,MEDIUM
TRN-12013,Synthetic Corridor Passenger 13,PASSENGER,SEC-BKI-JP,2025-02-10,13:15:00,14:21:00,13:26:00,14:33:00,12,MEDIUM
TRN-12014,Synthetic Corridor Passenger 14,PASSENGER,SEC-NDLS-RE,2025-02-10,10:21:00,11:23:00,10:25:00,11:27:00,4,MEDIUM
TRN-12014,Synthetic Corridor Passenger 14,PASSENGER,SEC-RE-AWR,2025-02-10,11:32:00,12:31:00,11:36:00,12:35:00,4,MEDIUM
TRN-12014,Synthetic Corridor Passenger 14,PASSENGER,SEC-AWR-BKI,2025-02-10,12:40:00,13:33:00,12:45:00,13:39:00,6,MEDIUM
TRN-12014,Synthetic Corridor Passenger 14,PASSENGER,SEC-BKI-JP,2025-02-10,13:42:00,14:48:00,13:48:00,14:54:00,6,MEDIUM
TRN-12015,Synthetic Corridor Passenger 15,PASSENGER,SEC-NDLS-RE,2025-02-10,10:48:00,11:50:00,10:52:00,11:55:00,5,MEDIUM
TRN-12015,Synthetic Corridor Passenger 15,PASSENGER,SEC-RE-AWR,2025-02-10,11:59:00,12:58:00,12:04:00,13:06:00,8,MEDIUM
TRN-12015,Synthetic Corridor Passenger 15,PASSENGER,SEC-AWR-BKI,2025-02-10,13:07:00,14:00:00,13:15:00,14:08:00,8,MEDIUM
TRN-12015,Synthetic Corridor Passenger 15,PASSENGER,SEC-BKI-JP,2025-02-10,14:09:00,15:15:00,14:17:00,15:24:00,9,MEDIUM
TRN-12016,Synthetic Corridor Passenger 16,PASSENGER,SEC-NDLS-RE,2025-02-10,11:15:00,12:17:00,11:18:00,12:21:00,4,MEDIUM
TRN-12016,Synthetic Corridor Passenger 16,PASSENGER,SEC-RE-AWR,2025-02-10,12:26:00,13:25:00,12:31:00,13:32:00,7,MEDIUM
TRN-12016,Synthetic Corridor Passenger 16,PASSENGER,SEC-AWR-BKI,2025-02-10,13:34:00,14:27:00,13:41:00,14:34:00,7,MEDIUM
TRN-12016,Synthetic Corridor Passenger 16,PASSENGER,SEC-BKI-JP,2025-02-10,14:36:00,15:42:00,14:44:00,15:50:00,8,MEDIUM
TRN-12017,Synthetic Corridor Passenger 17,PASSENGER,SEC-NDLS-RE,2025-02-10,11:42:00,12:44:00,11:51:00,12:53:00,9,MEDIUM
TRN-12017,Synthetic Corridor Passenger 17,PASSENGER,SEC-RE-AWR,2025-02-10,12:53:00,13:52:00,13:02:00,14:02:00,10,MEDIUM
TRN-12017,Synthetic Corridor Passenger 17,PASSENGER,SEC-AWR-BKI,2025-02-10,14:01:00,14:54:00,14:11:00,15:05:00,11,MEDIUM
TRN-12017,Synthetic Corridor Passenger 17,PASSENGER,SEC-BKI-JP,2025-02-10,15:03:00,16:09:00,15:14:00,16:21:00,12,MEDIUM
TRN-12018,Synthetic Corridor Passenger 18,PASSENGER,SEC-NDLS-RE,2025-02-10,12:09:00,13:11:00,12:13:00,13:15:00,4,MEDIUM
TRN-12018,Synthetic Corridor Passenger 18,PASSENGER,SEC-RE-AWR,2025-02-10,13:20:00,14:19:00,13:25:00,14:24:00,5,MEDIUM
TRN-12018,Synthetic Corridor Passenger 18,PASSENGER,SEC-AWR-BKI,2025-02-10,14:28:00,15:21:00,14:34:00,15:27:00,6,MEDIUM
TRN-12018,Synthetic Corridor Passenger 18,PASSENGER,SEC-BKI-JP,2025-02-10,15:30:00,16:36:00,15:36:00,16:44:00,8,MEDIUM
TRN-12019,Synthetic Corridor Freight 19,FREIGHT,SEC-NDLS-RE,2025-02-10,12:36:00,13:58:00,12:42:00,14:06:00,8,LOW
TRN-12019,Synthetic Corridor Freight 19,FREIGHT,SEC-RE-AWR,2025-02-10,14:10:00,15:28:00,14:19:00,15:39:00,11,LOW
TRN-12019,Synthetic Corridor Freight 19,FREIGHT,SEC-AWR-BKI,2025-02-10,15:40:00,16:51:00,15:51:00,17:03:00,12,LOW
TRN-12019,Synthetic Corridor Freight 19,FREIGHT,SEC-BKI-JP,2025-02-10,17:03:00,18:31:00,17:15:00,18:44:00,13,LOW
TRN-12021,Synthetic Corridor Freight 21,FREIGHT,SEC-NDLS-RE,2025-02-10,13:30:00,14:52:00,13:31:00,14:53:00,1,LOW
TRN-12021,Synthetic Corridor Freight 21,FREIGHT,SEC-RE-AWR,2025-02-10,15:04:00,16:22:00,15:05:00,16:25:00,3,LOW
TRN-12021,Synthetic Corridor Freight 21,FREIGHT,SEC-AWR-BKI,2025-02-10,16:34:00,17:45:00,16:37:00,17:48:00,3,LOW
TRN-12021,Synthetic Corridor Freight 21,FREIGHT,SEC-BKI-JP,2025-02-10,17:57:00,19:25:00,18:00:00,19:30:00,5,LOW
TRN-12022,Synthetic Corridor Freight 22,FREIGHT,SEC-NDLS-RE,2025-02-10,13:57:00,15:19:00,13:58:00,15:20:00,1,LOW
TRN-12022,Synthetic Corridor Freight 22,FREIGHT,SEC-RE-AWR,2025-02-10,15:31:00,16:49:00,15:32:00,16:50:00,1,LOW
TRN-12022,Synthetic Corridor Freight 22,FREIGHT,SEC-AWR-BKI,2025-02-10,17:01:00,18:12:00,17:03:00,18:15:00,3,LOW
TRN-12022,Synthetic Corridor Freight 22,FREIGHT,SEC-BKI-JP,2025-02-10,18:24:00,19:52:00,18:27:00,19:55:00,3,LOW
TRN-12023,Synthetic Corridor Freight 23,FREIGHT,SEC-NDLS-RE,2025-02-10,14:24:00,15:46:00,14:27:00,15:49:00,3,LOW
TRN-12023,Synthetic Corridor Freight 23,FREIGHT,SEC-RE-AWR,2025-02-10,15:58:00,17:16:00,16:01:00,17:20:00,4,LOW
TRN-12023,Synthetic Corridor Freight 23,FREIGHT,SEC-AWR-BKI,2025-02-10,17:28:00,18:39:00,17:32:00,18:44:00,5,LOW
TRN-12023,Synthetic Corridor Freight 23,FREIGHT,SEC-BKI-JP,2025-02-10,18:51:00,20:19:00,18:56:00,20:24:00,5,LOW
TRN-12001,Synthetic Corridor Express 01,EXPRESS,SEC-NDLS-RE,2025-02-11,04:30:00,05:22:00,04:34:00,05:28:00,6,HIGH
TRN-12001,Synthetic Corridor Express 01,EXPRESS,SEC-RE-AWR,2025-02-11,05:28:00,06:18:00,05:34:00,06:26:00,8,HIGH
TRN-12001,Synthetic Corridor Express 01,EXPRESS,SEC-AWR-BKI,2025-02-11,06:24:00,07:09:00,06:33:00,07:18:00,9,HIGH
TRN-12001,Synthetic Corridor Express 01,EXPRESS,SEC-BKI-JP,2025-02-11,07:15:00,08:10:00,07:25:00,08:23:00,13,HIGH
TRN-12002,Synthetic Corridor Express 02,EXPRESS,SEC-NDLS-RE,2025-02-11,04:57:00,05:49:00,05:06:00,05:59:00,10,HIGH
TRN-12002,Synthetic Corridor Express 02,EXPRESS,SEC-RE-AWR,2025-02-11,05:55:00,06:45:00,06:07:00,06:57:00,12,HIGH
TRN-12002,Synthetic Corridor Express 02,EXPRESS,SEC-AWR-BKI,2025-02-11,06:51:00,07:36:00,07:04:00,07:50:00,14,HIGH
TRN-12002,Synthetic Corridor Express 02,EXPRESS,SEC-BKI-JP,2025-02-11,07:42:00,08:37:00,07:57:00,08:54:00,17,HIGH
TRN-12004,Synthetic Corridor Express 04,EXPRESS,SEC-NDLS-RE,2025-02-11,05:51:00,06:43:00,05:54:00,06:49:00,6,HIGH
TRN-12004,Synthetic Corridor Express 04,EXPRESS,SEC-RE-AWR,2025-02-11,06:49:00,07:39:00,06:55:00,07:47:00,8,HIGH
TRN-12004,Synthetic Corridor Express 04,EXPRESS,SEC-AWR-BKI,2025-02-11,07:45:00,08:30:00,07:54:00,08:40:00,10,HIGH
TRN-12004,Synthetic Corridor Express 04,EXPRESS,SEC-BKI-JP,2025-02-11,08:36:00,09:31:00,08:46:00,09:44:00,13,HIGH
TRN-12005,Synthetic Corridor Express 05,EXPRESS,SEC-NDLS-RE,2025-02-11,06:18:00,07:10:00,06:26:00,07:19:00,9,HIGH
TRN-12005,Synthetic Corridor Express 05,EXPRESS,SEC-RE-AWR,2025-02-11,07:16:00,08:06:00,07:25:00,08:16:00,10,HIGH
TRN-12005,Synthetic Corridor Express 05,EXPRESS,SEC-AWR-BKI,2025-02-11,08:12:00,08:57:00,08:22:00,09:08:00,11,HIGH
TRN-12005,Synthetic Corridor Express 05,EXPRESS,SEC-BKI-JP,2025-02-11,09:03:00,09:58:00,09:14:00,10:09:00,11,HIGH
TRN-12006,Synthetic Corridor Express 06,EXPRESS,SEC-NDLS-RE,2025-02-11,06:45:00,07:37:00,06:49:00,07:42:00,5,HIGH
TRN-12006,Synthetic Corridor Express 06,EXPRESS,SEC-RE-AWR,2025-02-11,07:43:00,08:33:00,07:48:00,08:39:00,6,HIGH
TRN-12006,Synthetic Corridor Express 06,EXPRESS,SEC-AWR-BKI,2025-02-11,08:39:00,09:24:00,08:45:00,09:30:00,6,HIGH
TRN-12006,Synthetic Corridor Express 06,EXPRESS,SEC-BKI-JP,2025-02-11,09:30:00,10:25:00,09:39:00,10:36:00,11,HIGH
TRN-12008,Synthetic Corridor Express 08,EXPRESS,SEC-NDLS-RE,2025-02-11,07:39:00,08:31:00,07:45:00,08:37:00,6,HIGH
TRN-12008,Synthetic Corridor Express 08,EXPRESS,SEC-RE-AWR,2025-02-11,08:37:00,09:27:00,08:45:00,09:41:00,14,HIGH
TRN-12008,Synthetic Corridor Express 08,EXPRESS,SEC-AWR-BKI,2025-02-11,09:33:00,10:18:00,09:48:00,10:33:00,15,HIGH
TRN-12008,Synthetic Corridor Express 08,EXPRESS,SEC-BKI-JP,2025-02-11,10:24:00,11:19:00,10:40:00,11:37:00,18,HIGH
TRN-12009,Synthetic Corridor Express 09,EXPRESS,SEC-NDLS-RE,2025-02-11,08:06:00,08:58:00,08:10:00,09:04:00,6,HIGH
TRN-12009,Synthetic Corridor Express 09,EXPRESS,SEC-RE-AWR,2025-02-11,09:04:00,09:54:00,09:10:00,10:00:00,6,HIGH
TRN-12009,Synthetic Corridor Express 09,EXPRESS,SEC-AWR-BKI,2025-02-11,10:00:00,10:45:00,10:07:00,10:55:00,10,HIGH
TRN-12009,Synthetic Corridor Express 09,EXPRESS,SEC-BKI-JP,2025-02-11,10:51:00,11:46:00,11:02:00,11:57:00,11,HIGH
TRN-12010,Synthetic Corridor Express 10,EXPRESS,SEC-NDLS-RE,2025-02-11,08:33:00,09:25:00,08:42:00,09:35:00,10,HIGH
TRN-12010,Synthetic Corridor Express 10,EXPRESS,SEC-RE-AWR,2025-02-11,09:31:00,10:21:00,09:41:00,10:31:00,10,HIGH
TRN-12010,Synthetic Corridor Express 10,EXPRESS,SEC-AWR-BKI,2025-02-11,10:27:00,11:12:00,10:38:00,11:26:00,14,HIGH
TRN-12010,Synthetic Corridor Express 10,EXPRESS,SEC-BKI-JP,2025-02-11,11:18:00,12:13:00,11:32:00,12:29:00,16,HIGH
TRN-12011,Synthetic Corridor Passenger 11,PASSENGER,SEC-NDLS-RE,2025-02-11,09:00:00,10:02:00,09:05:00,10:09:00,7,MEDIUM
TRN-12011,Synthetic Corridor Passenger 11,PASSENGER,SEC-RE-AWR,2025-02-11,10:11:00,11:10:00,10:20:00,11:20:00,10,MEDIUM
TRN-12011,Synthetic Corridor Passenger 11,PASSENGER,SEC-AWR-BKI,2025-02-11,11:19:00,12:12:00,11:30:00,12:24:00,12,MEDIUM
TRN-12011,Synthetic Corridor Passenger 11,PASSENGER,SEC-BKI-JP,2025-02-11,12:21:00,13:27:00,12:34:00,13:40:00,13,MEDIUM
TRN-12012,Synthetic Corridor Passenger 12,PASSENGER,SEC-NDLS-RE,2025-02-11,09:27:00,10:29:00,09:38:00,10:41:00,12,MEDIUM
TRN-12012,Synthetic Corridor Passenger 12,PASSENGER,SEC-RE-AWR,2025-02-11,10:38:00,11:37:00,10:51:00,11:53:00,16,MEDIUM
TRN-12012,Synthetic Corridor Passenger 12,PASSENGER,SEC-AWR-BKI,2025-02-11,11:46:00,12:39:00,12:04:00,12:57:00,18,MEDIUM
TRN-12012,Synthetic Corridor Passenger 12,PASSENGER,SEC-BKI-JP,2025-02-11,12:48:00,13:54:00,13:06:00,14:14:00,20,MEDIUM
TRN-12013,Synthetic Corridor Passenger 13,PASSENGER,SEC-NDLS-RE,2025-02-11,09:54:00,10:56:00,09:58:00,11:01:00,5,MEDIUM
TRN-12013,Synthetic Corridor Passenger 13,PASSENGER,SEC-RE-AWR,2025-02-11,11:05:00,12:04:00,11:11:00,12:12:00,8,MEDIUM
TRN-12013,Synthetic Corridor Passenger 13,PASSENGER,SEC-AWR-BKI,2025-02-11,12:13:00,13:06:00,12:22:00,13:15:00,9,MEDIUM
TRN-12013,Synthetic Corridor Passenger 13,PASSENGER,SEC-BKI-JP,2025-02-11,13:15:00,14:21:00,13:25:00,14:31:00,10,MEDIUM
TRN-12014,Synthetic Corridor Passenger 14,PASSENGER,SEC-NDLS-RE,2025-02-11,10:21:00,11:23:00,10:31:00,11:37:00,14,MEDIUM
TRN-12014,Synthetic Corridor Passenger 14,PASSENGER,SEC-RE-AWR,2025-02-11,11:32:00,12:31:00,11:47:00,12:51:00,20,MEDIUM
TRN-12014,Synthetic Corridor Passenger 14,PASSENGER,SEC-AWR-BKI,2025-02-11,12:40:00,13:33:00,13:01:00,13:55:00,22,MEDIUM
TRN-12014,Synthetic Corridor Passenger 14,PASSENGER,SEC-BKI-JP,2025-02-11,13:42:00,14:48:00,14:04:00,15:11:00,23,MEDIUM
TRN-12015,Synthetic Corridor Passenger 15,PASSENGER,SEC-NDLS-RE,2025-02-11,10:48:00,11:50:00,10:56:00,11:58:00,8,MEDIUM
TRN-12015,Synthetic Corridor Passenger 15,PASSENGER,SEC-RE-AWR,2025-02-11,11:59:00,12:58:00,12:07:00,13:07:00,9,MEDIUM
TRN-12015,Synthetic Corridor Passenger 15,PASSENGER,SEC-AWR-BKI,2025-02-11,13:07:00,14:00:00,13:18:00,14:18:00,18,MEDIUM
TRN-12015,Synthetic Corridor Passenger 15,PASSENGER,SEC-BKI-JP,2025-02-11,14:09:00,15:15:00,14:28:00,15:34:00,19,MEDIUM
TRN-12016,Synthetic Corridor Passenger 16,PASSENGER,SEC-NDLS-RE,2025-02-11,11:15:00,12:17:00,11:16:00,12:19:00,2,MEDIUM
TRN-12016,Synthetic Corridor Passenger 16,PASSENGER,SEC-RE-AWR,2025-02-11,12:26:00,13:25:00,12:28:00,13:30:00,5,MEDIUM
TRN-12016,Synthetic Corridor Passenger 16,PASSENGER,SEC-AWR-BKI,2025-02-11,13:34:00,14:27:00,13:40:00,14:34:00,7,MEDIUM
TRN-12016,Synthetic Corridor Passenger 16,PASSENGER,SEC-BKI-JP,2025-02-11,14:36:00,15:42:00,14:47:00,15:54:00,12,MEDIUM
TRN-12017,Synthetic Corridor Passenger 17,PASSENGER,SEC-NDLS-RE,2025-02-11,11:42:00,12:44:00,11:48:00,12:50:00,6,MEDIUM
TRN-12017,Synthetic Corridor Passenger 17,PASSENGER,SEC-RE-AWR,2025-02-11,12:53:00,13:52:00,13:00:00,13:59:00,7,MEDIUM
TRN-12017,Synthetic Corridor Passenger 17,PASSENGER,SEC-AWR-BKI,2025-02-11,14:01:00,14:54:00,14:08:00,15:03:00,9,MEDIUM
TRN-12017,Synthetic Corridor Passenger 17,PASSENGER,SEC-BKI-JP,2025-02-11,15:03:00,16:09:00,15:14:00,16:21:00,12,MEDIUM
TRN-12018,Synthetic Corridor Passenger 18,PASSENGER,SEC-NDLS-RE,2025-02-11,12:09:00,13:11:00,12:17:00,13:20:00,9,MEDIUM
TRN-12018,Synthetic Corridor Passenger 18,PASSENGER,SEC-RE-AWR,2025-02-11,13:20:00,14:19:00,13:31:00,14:34:00,15,MEDIUM
TRN-12018,Synthetic Corridor Passenger 18,PASSENGER,SEC-AWR-BKI,2025-02-11,14:28:00,15:21:00,14:44:00,15:38:00,17,MEDIUM
TRN-12018,Synthetic Corridor Passenger 18,PASSENGER,SEC-BKI-JP,2025-02-11,15:30:00,16:36:00,15:47:00,16:54:00,18,MEDIUM
TRN-12020,Synthetic Corridor Freight 20,FREIGHT,SEC-NDLS-RE,2025-02-11,13:03:00,14:25:00,13:08:00,14:35:00,10,LOW
TRN-12020,Synthetic Corridor Freight 20,FREIGHT,SEC-RE-AWR,2025-02-11,14:37:00,15:55:00,14:48:00,16:08:00,13,LOW
TRN-12020,Synthetic Corridor Freight 20,FREIGHT,SEC-AWR-BKI,2025-02-11,16:07:00,17:18:00,16:20:00,17:33:00,15,LOW
TRN-12020,Synthetic Corridor Freight 20,FREIGHT,SEC-BKI-JP,2025-02-11,17:30:00,18:58:00,17:46:00,19:15:00,17,LOW
TRN-12021,Synthetic Corridor Freight 21,FREIGHT,SEC-NDLS-RE,2025-02-11,13:30:00,14:52:00,13:42:00,15:06:00,14,LOW
TRN-12021,Synthetic Corridor Freight 21,FREIGHT,SEC-RE-AWR,2025-02-11,15:04:00,16:22:00,15:18:00,16:38:00,16,LOW
TRN-12021,Synthetic Corridor Freight 21,FREIGHT,SEC-AWR-BKI,2025-02-11,16:34:00,17:45:00,16:50:00,18:04:00,19,LOW
TRN-12021,Synthetic Corridor Freight 21,FREIGHT,SEC-BKI-JP,2025-02-11,17:57:00,19:25:00,18:16:00,19:45:00,20,LOW
TRN-12022,Synthetic Corridor Freight 22,FREIGHT,SEC-NDLS-RE,2025-02-11,13:57:00,15:19:00,14:01:00,15:26:00,7,LOW
TRN-12022,Synthetic Corridor Freight 22,FREIGHT,SEC-RE-AWR,2025-02-11,15:31:00,16:49:00,15:39:00,16:57:00,8,LOW
TRN-12022,Synthetic Corridor Freight 22,FREIGHT,SEC-AWR-BKI,2025-02-11,17:01:00,18:12:00,17:11:00,18:26:00,14,LOW
TRN-12022,Synthetic Corridor Freight 22,FREIGHT,SEC-BKI-JP,2025-02-11,18:24:00,19:52:00,18:39:00,20:09:00,17,LOW
TRN-12024,Synthetic Corridor Freight 24,FREIGHT,SEC-NDLS-RE,2025-02-11,14:51:00,16:13:00,15:00:00,16:23:00,10,LOW
TRN-12024,Synthetic Corridor Freight 24,FREIGHT,SEC-RE-AWR,2025-02-11,16:25:00,17:43:00,16:35:00,17:53:00,10,LOW
TRN-12024,Synthetic Corridor Freight 24,FREIGHT,SEC-AWR-BKI,2025-02-11,17:55:00,19:06:00,18:05:00,19:17:00,11,LOW
TRN-12024,Synthetic Corridor Freight 24,FREIGHT,SEC-BKI-JP,2025-02-11,19:18:00,20:46:00,19:30:00,21:00:00,14,LOW
TRN-12001,Synthetic Corridor Express 01,EXPRESS,SEC-NDLS-RE,2025-02-12,04:30:00,05:22:00,04:31:00,05:23:00,1,HIGH
TRN-12001,Synthetic Corridor Express 01,EXPRESS,SEC-RE-AWR,2025-02-12,05:28:00,06:18:00,05:30:00,06:20:00,2,HIGH
TRN-12001,Synthetic Corridor Express 01,EXPRESS,SEC-AWR-BKI,2025-02-12,06:24:00,07:09:00,06:27:00,07:13:00,4,HIGH
TRN-12001,Synthetic Corridor Express 01,EXPRESS,SEC-BKI-JP,2025-02-12,07:15:00,08:10:00,07:19:00,08:15:00,5,HIGH
TRN-12002,Synthetic Corridor Express 02,EXPRESS,SEC-NDLS-RE,2025-02-12,04:57:00,05:49:00,04:59:00,05:52:00,3,HIGH
TRN-12002,Synthetic Corridor Express 02,EXPRESS,SEC-RE-AWR,2025-02-12,05:55:00,06:45:00,05:58:00,06:49:00,4,HIGH
TRN-12002,Synthetic Corridor Express 02,EXPRESS,SEC-AWR-BKI,2025-02-12,06:51:00,07:36:00,06:55:00,07:41:00,5,HIGH
TRN-12002,Synthetic Corridor Express 02,EXPRESS,SEC-BKI-JP,2025-02-12,07:42:00,08:37:00,07:47:00,08:43:00,6,HIGH
TRN-12003,Synthetic Corridor Express 03,EXPRESS,SEC-NDLS-RE,2025-02-12,05:24:00,06:16:00,05:29:00,06:21:00,5,HIGH
TRN-12003,Synthetic Corridor Express 03,EXPRESS,SEC-RE-AWR,2025-02-12,06:22:00,07:12:00,06:29:00,07:19:00,7,HIGH
TRN-12003,Synthetic Corridor Express 03,EXPRESS,SEC-AWR-BKI,2025-02-12,07:18:00,08:03:00,07:25:00,08:13:00,10,HIGH
TRN-12003,Synthetic Corridor Express 03,EXPRESS,SEC-BKI-JP,2025-02-12,08:09:00,09:04:00,08:20:00,09:15:00,11,HIGH
TRN-12005,Synthetic Corridor Express 05,EXPRESS,SEC-NDLS-RE,2025-02-12,06:18:00,07:10:00,06:21:00,07:13:00,3,HIGH
TRN-12005,Synthetic Corridor Express 05,EXPRESS,SEC-RE-AWR,2025-02-12,07:16:00,08:06:00,07:20:00,08:10:00,4,HIGH
TRN-12005,Synthetic Corridor Express 05,EXPRESS,SEC-AWR-BKI,2025-02-12,08:12:00,08:57:00,08:16:00,09:01:00,4,HIGH
TRN-12005,Synthetic Corridor Express 05,EXPRESS,SEC-BKI-JP,2025-02-12,09:03:00,09:58:00,09:07:00,10:03:00,5,HIGH
TRN-12006,Synthetic Corridor Express 06,EXPRESS,SEC-NDLS-RE,2025-02-12,06:45:00,07:37:00,06:47:00,07:40:00,3,HIGH
TRN-12006,Synthetic Corridor Express 06,EXPRESS,SEC-RE-AWR,2025-02-12,07:43:00,08:33:00,07:47:00,08:38:00,5,HIGH
TRN-12006,Synthetic Corridor Express 06,EXPRESS,SEC-AWR-BKI,2025-02-12,08:39:00,09:24:00,08:44:00,09:30:00,6,HIGH
TRN-12006,Synthetic Corridor Express 06,EXPRESS,SEC-BKI-JP,2025-02-12,09:30:00,10:25:00,09:36:00,10:33:00,8,HIGH
TRN-12007,Synthetic Corridor Express 07,EXPRESS,SEC-NDLS-RE,2025-02-12,07:12:00,08:04:00,07:20:00,08:13:00,9,HIGH
TRN-12007,Synthetic Corridor Express 07,EXPRESS,SEC-RE-AWR,2025-02-12,08:10:00,09:00:00,08:19:00,09:10:00,10,HIGH
TRN-12007,Synthetic Corridor Express 07,EXPRESS,SEC-AWR-BKI,2025-02-12,09:06:00,09:51:00,09:16:00,10:02:00,11,HIGH
TRN-12007,Synthetic Corridor Express 07,EXPRESS,SEC-BKI-JP,2025-02-12,09:57:00,10:52:00,10:08:00,11:03:00,11,HIGH
TRN-12009,Synthetic Corridor Express 09,EXPRESS,SEC-NDLS-RE,2025-02-12,08:06:00,08:58:00,08:07:00,09:00:00,2,HIGH
TRN-12009,Synthetic Corridor Express 09,EXPRESS,SEC-RE-AWR,2025-02-12,09:04:00,09:54:00,09:07:00,09:57:00,3,HIGH
TRN-12009,Synthetic Corridor Express 09,EXPRESS,SEC-AWR-BKI,2025-02-12,10:00:00,10:45:00,10:03:00,10:50:00,5,HIGH
TRN-12009,Synthetic Corridor Express 09,EXPRESS,SEC-BKI-JP,2025-02-12,10:51:00,11:46:00,10:56:00,11:51:00,5,HIGH
TRN-12010,Synthetic Corridor Express 10,EXPRESS,SEC-NDLS-RE,2025-02-12,08:33:00,09:25:00,08:39:00,09:31:00,6,HIGH
TRN-12010,Synthetic Corridor Express 10,EXPRESS,SEC-RE-AWR,2025-02-12,09:31:00,10:21:00,09:38:00,10:29:00,8,HIGH
TRN-12010,Synthetic Corridor Express 10,EXPRESS,SEC-AWR-BKI,2025-02-12,10:27:00,11:12:00,10:35:00,11:21:00,9,HIGH
TRN-12010,Synthetic Corridor Express 10,EXPRESS,SEC-BKI-JP,2025-02-12,11:18:00,12:13:00,11:28:00,12:23:00,10,HIGH
TRN-12011,Synthetic Corridor Passenger 11,PASSENGER,SEC-NDLS-RE,2025-02-12,09:00:00,10:02:00,09:01:00,10:03:00,1,MEDIUM
TRN-12011,Synthetic Corridor Passenger 11,PASSENGER,SEC-RE-AWR,2025-02-12,10:11:00,11:10:00,10:12:00,11:12:00,2,MEDIUM
TRN-12011,Synthetic Corridor Passenger 11,PASSENGER,SEC-AWR-BKI,2025-02-12,11:19:00,12:12:00,11:21:00,12:14:00,2,MEDIUM
TRN-12011,Synthetic Corridor Passenger 11,PASSENGER,SEC-BKI-JP,2025-02-12,12:21:00,13:27:00,12:23:00,13:29:00,2,MEDIUM
TRN-12012,Synthetic Corridor Passenger 12,PASSENGER,SEC-NDLS-RE,2025-02-12,09:27:00,10:29:00,09:34:00,10:36:00,7,MEDIUM
TRN-12012,Synthetic Corridor Passenger 12,PASSENGER,SEC-RE-AWR,2025-02-12,10:38:00,11:37:00,10:45:00,11:45:00,8,MEDIUM
TRN-12012,Synthetic Corridor Passenger 12,PASSENGER,SEC-AWR-BKI,2025-02-12,11:46:00,12:39:00,11:55:00,12:48:00,9,MEDIUM
TRN-12012,Synthetic Corridor Passenger 12,PASSENGER,SEC-BKI-JP,2025-02-12,12:48:00,13:54:00,12:57:00,14:03:00,9,MEDIUM
TRN-12013,Synthetic Corridor Passenger 13,PASSENGER,SEC-NDLS-RE,2025-02-12,09:54:00,10:56:00,09:55:00,10:58:00,2,MEDIUM
TRN-12013,Synthetic Corridor Passenger 13,PASSENGER,SEC-RE-AWR,2025-02-12,11:05:00,12:04:00,11:07:00,12:09:00,5,MEDIUM
TRN-12013,Synthetic Corridor Passenger 13,PASSENGER,SEC-AWR-BKI,2025-02-12,12:13:00,13:06:00,12:20:00,13:13:00,7,MEDIUM
TRN-12013,Synthetic Corridor Passenger 13,PASSENGER,SEC-BKI-JP,2025-02-12,13:15:00,14:21:00,13:23:00,14:30:00,9,MEDIUM
TRN-12014,Synthetic Corridor Passenger 14,PASSENGER,SEC-NDLS-RE,2025-02-12,10:21:00,11:23:00,10:24:00,11:28:00,5,MEDIUM
TRN-12014,Synthetic Corridor Passenger 14,PASSENGER,SEC-RE-AWR,2025-02-12,11:32:00,12:31:00,11:38:00,12:37:00,6,MEDIUM
TRN-12014,Synthetic Corridor Passenger 14,PASSENGER,SEC-AWR-BKI,2025-02-12,12:40:00,13:33:00,12:47:00,13:41:00,8,MEDIUM
TRN-12014,Synthetic Corridor Passenger 14,PASSENGER,SEC-BKI-JP,2025-02-12,13:42:00,14:48:00,13:50:00,14:56:00,8,MEDIUM
TRN-12015,Synthetic Corridor Passenger 15,PASSENGER,SEC-NDLS-RE,2025-02-12,10:48:00,11:50:00,10:51:00,11:53:00,3,MEDIUM
TRN-12015,Synthetic Corridor Passenger 15,PASSENGER,SEC-RE-AWR,2025-02-12,11:59:00,12:58:00,12:02:00,13:02:00,4,MEDIUM
TRN-12015,Synthetic Corridor Passenger 15,PASSENGER,SEC-AWR-BKI,2025-02-12,13:07:00,14:00:00,13:11:00,14:04:00,4,MEDIUM
TRN-12015,Synthetic Corridor Passenger 15,PASSENGER,SEC-BKI-JP,2025-02-12,14:09:00,15:15:00,14:13:00,15:19:00,4,MEDIUM
TRN-12016,Synthetic Corridor Passenger 16,PASSENGER,SEC-NDLS-RE,2025-02-12,11:15:00,12:17:00,11:18:00,12:20:00,3,MEDIUM
TRN-12016,Synthetic Corridor Passenger 16,PASSENGER,SEC-RE-AWR,2025-02-12,12:26:00,13:25:00,12:30:00,13:30:00,5,MEDIUM
TRN-12016,Synthetic Corridor Passenger 16,PASSENGER,SEC-AWR-BKI,2025-02-12,13:34:00,14:27:00,13:39:00,14:33:00,6,MEDIUM
TRN-12016,Synthetic Corridor Passenger 16,PASSENGER,SEC-BKI-JP,2025-02-12,14:36:00,15:42:00,14:42:00,15:48:00,6,MEDIUM
TRN-12017,Synthetic Corridor Passenger 17,PASSENGER,SEC-NDLS-RE,2025-02-12,11:42:00,12:44:00,11:47:00,12:49:00,5,MEDIUM
TRN-12017,Synthetic Corridor Passenger 17,PASSENGER,SEC-RE-AWR,2025-02-12,12:53:00,13:52:00,12:59:00,13:59:00,7,MEDIUM
TRN-12017,Synthetic Corridor Passenger 17,PASSENGER,SEC-AWR-BKI,2025-02-12,14:01:00,14:54:00,14:08:00,15:01:00,7,MEDIUM
TRN-12017,Synthetic Corridor Passenger 17,PASSENGER,SEC-BKI-JP,2025-02-12,15:03:00,16:09:00,15:11:00,16:19:00,10,MEDIUM
TRN-12018,Synthetic Corridor Passenger 18,PASSENGER,SEC-NDLS-RE,2025-02-12,12:09:00,13:11:00,12:12:00,13:15:00,4,MEDIUM
TRN-12018,Synthetic Corridor Passenger 18,PASSENGER,SEC-RE-AWR,2025-02-12,13:20:00,14:19:00,13:24:00,14:25:00,6,MEDIUM
TRN-12018,Synthetic Corridor Passenger 18,PASSENGER,SEC-AWR-BKI,2025-02-12,14:28:00,15:21:00,14:34:00,15:28:00,7,MEDIUM
TRN-12018,Synthetic Corridor Passenger 18,PASSENGER,SEC-BKI-JP,2025-02-12,15:30:00,16:36:00,15:37:00,16:43:00,7,MEDIUM
TRN-12019,Synthetic Corridor Freight 19,FREIGHT,SEC-NDLS-RE,2025-02-12,12:36:00,13:58:00,12:39:00,14:01:00,3,LOW
TRN-12019,Synthetic Corridor Freight 19,FREIGHT,SEC-RE-AWR,2025-02-12,14:10:00,15:28:00,14:14:00,15:34:00,6,LOW
TRN-12019,Synthetic Corridor Freight 19,FREIGHT,SEC-AWR-BKI,2025-02-12,15:40:00,16:51:00,15:48:00,17:00:00,9,LOW
TRN-12019,Synthetic Corridor Freight 19,FREIGHT,SEC-BKI-JP,2025-02-12,17:03:00,18:31:00,17:13:00,18:42:00,11,LOW
TRN-12021,Synthetic Corridor Freight 21,FREIGHT,SEC-NDLS-RE,2025-02-12,13:30:00,14:52:00,13:33:00,14:59:00,7,LOW
TRN-12021,Synthetic Corridor Freight 21,FREIGHT,SEC-RE-AWR,2025-02-12,15:04:00,16:22:00,15:12:00,16:32:00,10,LOW
TRN-12021,Synthetic Corridor Freight 21,FREIGHT,SEC-AWR-BKI,2025-02-12,16:34:00,17:45:00,16:44:00,17:55:00,10,LOW
TRN-12021,Synthetic Corridor Freight 21,FREIGHT,SEC-BKI-JP,2025-02-12,17:57:00,19:25:00,18:07:00,19:38:00,13,LOW
TRN-12022,Synthetic Corridor Freight 22,FREIGHT,SEC-NDLS-RE,2025-02-12,13:57:00,15:19:00,14:00:00,15:22:00,3,LOW
TRN-12022,Synthetic Corridor Freight 22,FREIGHT,SEC-RE-AWR,2025-02-12,15:31:00,16:49:00,15:35:00,16:53:00,4,LOW
TRN-12022,Synthetic Corridor Freight 22,FREIGHT,SEC-AWR-BKI,2025-02-12,17:01:00,18:12:00,17:05:00,18:18:00,6,LOW
TRN-12022,Synthetic Corridor Freight 22,FREIGHT,SEC-BKI-JP,2025-02-12,18:24:00,19:52:00,18:30:00,19:58:00,6,LOW
TRN-12023,Synthetic Corridor Freight 23,FREIGHT,SEC-NDLS-RE,2025-02-12,14:24:00,15:46:00,14:30:00,15:52:00,6,LOW
TRN-12023,Synthetic Corridor Freight 23,FREIGHT,SEC-RE-AWR,2025-02-12,15:58:00,17:16:00,16:06:00,17:27:00,11,LOW
TRN-12023,Synthetic Corridor Freight 23,FREIGHT,SEC-AWR-BKI,2025-02-12,17:28:00,18:39:00,17:39:00,18:52:00,13,LOW
TRN-12023,Synthetic Corridor Freight 23,FREIGHT,SEC-BKI-JP,2025-02-12,18:51:00,20:19:00,19:04:00,20:32:00,13,LOW
TRN-12001,Synthetic Corridor Express 01,EXPRESS,SEC-NDLS-RE,2025-02-13,04:30:00,05:22:00,04:34:00,05:30:00,8,HIGH
TRN-12001,Synthetic Corridor Express 01,EXPRESS,SEC-RE-AWR,2025-02-13,05:28:00,06:18:00,05:39:00,06:35:00,17,HIGH
TRN-12001,Synthetic Corridor Express 01,EXPRESS,SEC-AWR-BKI,2025-02-13,06:24:00,07:09:00,06:46:00,07:34:00,25,HIGH
TRN-12001,Synthetic Corridor Express 01,EXPRESS,SEC-BKI-JP,2025-02-13,07:15:00,08:10:00,07:44:00,08:40:00,30,HIGH
TRN-12002,Synthetic Corridor Express 02,EXPRESS,SEC-NDLS-RE,2025-02-13,04:57:00,05:49:00,05:08:00,06:03:00,14,HIGH
TRN-12002,Synthetic Corridor Express 02,EXPRESS,SEC-RE-AWR,2025-02-13,05:55:00,06:45:00,06:10:00,07:03:00,18,HIGH
TRN-12002,Synthetic Corridor Express 02,EXPRESS,SEC-AWR-BKI,2025-02-13,06:51:00,07:36:00,07:13:00,08:01:00,25,HIGH
TRN-12002,Synthetic Corridor Express 02,EXPRESS,SEC-BKI-JP,2025-02-13,07:42:00,08:37:00,08:08:00,09:06:00,29,HIGH
TRN-12004,Synthetic Corridor Express 04,EXPRESS,SEC-NDLS-RE,2025-02-13,05:51:00,06:43:00,05:59:00,06:54:00,11,HIGH
TRN-12004,Synthetic Corridor Express 04,EXPRESS,SEC-RE-AWR,2025-02-13,06:49:00,07:39:00,07:01:00,07:55:00,16,HIGH
TRN-12004,Synthetic Corridor Express 04,EXPRESS,SEC-AWR-BKI,2025-02-13,07:45:00,08:30:00,08:01:00,08:48:00,18,HIGH
TRN-12004,Synthetic Corridor Express 04,EXPRESS,SEC-BKI-JP,2025-02-13,08:36:00,09:31:00,08:57:00,09:53:00,22,HIGH
TRN-12005,Synthetic Corridor Express 05,EXPRESS,SEC-NDLS-RE,2025-02-13,06:18:00,07:10:00,06:28:00,07:21:00,11,HIGH
TRN-12005,Synthetic Corridor Express 05,EXPRESS,SEC-RE-AWR,2025-02-13,07:16:00,08:06:00,07:29:00,08:23:00,17,HIGH
TRN-12005,Synthetic Corridor Express 05,EXPRESS,SEC-AWR-BKI,2025-02-13,08:12:00,08:57:00,08:29:00,09:15:00,18,HIGH
TRN-12005,Synthetic Corridor Express 05,EXPRESS,SEC-BKI-JP,2025-02-13,09:03:00,09:58:00,09:23:00,10:19:00,21,HIGH
TRN-12006,Synthetic Corridor Express 06,EXPRESS,SEC-NDLS-RE,2025-02-13,06:45:00,07:37:00,06:54:00,07:46:00,9,HIGH
TRN-12006,Synthetic Corridor Express 06,EXPRESS,SEC-RE-AWR,2025-02-13,07:43:00,08:33:00,07:53:00,08:49:00,16,HIGH
TRN-12006,Synthetic Corridor Express 06,EXPRESS,SEC-AWR-BKI,2025-02-13,08:39:00,09:24:00,08:56:00,09:42:00,18,HIGH
TRN-12006,Synthetic Corridor Express 06,EXPRESS,SEC-BKI-JP,2025-02-13,09:30:00,10:25:00,09:49:00,10:48:00,23,HIGH
TRN-12008,Synthetic Corridor Express 08,EXPRESS,SEC-NDLS-RE,2025-02-13,07:39:00,08:31:00,07:46:00,08:39:00,8,HIGH
TRN-12008,Synthetic Corridor Express 08,EXPRESS,SEC-RE-AWR,2025-02-13,08:37:00,09:27:00,08:47:00,09:43:00,16,HIGH
TRN-12008,Synthetic Corridor Express 08,EXPRESS,SEC-AWR-BKI,2025-02-13,09:33:00,10:18:00,09:51:00,10:39:00,21,HIGH
TRN-12008,Synthetic Corridor Express 08,EXPRESS,SEC-BKI-JP,2025-02-13,10:24:00,11:19:00,10:46:00,11:45:00,26,HIGH
TRN-12009,Synthetic Corridor Express 09,EXPRESS,SEC-NDLS-RE,2025-02-13,08:06:00,08:58:00,08:15:00,09:11:00,13,HIGH
TRN-12009,Synthetic Corridor Express 09,EXPRESS,SEC-RE-AWR,2025-02-13,09:04:00,09:54:00,09:18:00,10:13:00,19,HIGH
TRN-12009,Synthetic Corridor Express 09,EXPRESS,SEC-AWR-BKI,2025-02-13,10:00:00,10:45:00,10:20:00,11:11:00,26,HIGH
TRN-12009,Synthetic Corridor Express 09,EXPRESS,SEC-BKI-JP,2025-02-13,10:51:00,11:46:00,11:18:00,12:15:00,29,HIGH
TRN-12010,Synthetic Corridor Express 10,EXPRESS,SEC-NDLS-RE,2025-02-13,08:33:00,09:25:00,08:41:00,09:35:00,10,HIGH
TRN-12010,Synthetic Corridor Express 10,EXPRESS,SEC-RE-AWR,2025-02-13,09:31:00,10:21:00,09:42:00,10:33:00,12,HIGH
TRN-12010,Synthetic Corridor Express 10,EXPRESS,SEC-AWR-BKI,2025-02-13,10:27:00,11:12:00,10:40:00,11:25:00,13,HIGH
TRN-12010,Synthetic Corridor Express 10,EXPRESS,SEC-BKI-JP,2025-02-13,11:18:00,12:13:00,11:31:00,12:28:00,15,HIGH
TRN-12011,Synthetic Corridor Passenger 11,PASSENGER,SEC-NDLS-RE,2025-02-13,09:00:00,10:02:00,09:14:00,10:22:00,20,MEDIUM
TRN-12011,Synthetic Corridor Passenger 11,PASSENGER,SEC-RE-AWR,2025-02-13,10:11:00,11:10:00,10:34:00,11:37:00,27,MEDIUM
TRN-12011,Synthetic Corridor Passenger 11,PASSENGER,SEC-AWR-BKI,2025-02-13,11:19:00,12:12:00,11:46:00,12:43:00,31,MEDIUM
TRN-12011,Synthetic Corridor Passenger 11,PASSENGER,SEC-BKI-JP,2025-02-13,12:21:00,13:27:00,12:53:00,14:01:00,34,MEDIUM
TRN-12012,Synthetic Corridor Passenger 12,PASSENGER,SEC-NDLS-RE,2025-02-13,09:27:00,10:29:00,09:43:00,10:49:00,20,MEDIUM
TRN-12012,Synthetic Corridor Passenger 12,PASSENGER,SEC-RE-AWR,2025-02-13,10:38:00,11:37:00,11:00:00,12:04:00,27,MEDIUM
TRN-12012,Synthetic Corridor Passenger 12,PASSENGER,SEC-AWR-BKI,2025-02-13,11:46:00,12:39:00,12:14:00,13:10:00,31,MEDIUM
TRN-12012,Synthetic Corridor Passenger 12,PASSENGER,SEC-BKI-JP,2025-02-13,12:48:00,13:54:00,13:21:00,14:29:00,35,MEDIUM
TRN-12013,Synthetic Corridor Passenger 13,PASSENGER,SEC-NDLS-RE,2025-02-13,09:54:00,10:56:00,10:10:00,11:12:00,16,MEDIUM
TRN-12013,Synthetic Corridor Passenger 13,PASSENGER,SEC-RE-AWR,2025-02-13,11:05:00,12:04:00,11:22:00,12:21:00,17,MEDIUM
TRN-12013,Synthetic Corridor Passenger 13,PASSENGER,SEC-AWR-BKI,2025-02-13,12:13:00,13:06:00,12:31:00,13:29:00,23,MEDIUM
TRN-12013,Synthetic Corridor Passenger 13,PASSENGER,SEC-BKI-JP,2025-02-13,13:15:00,14:21:00,13:41:00,14:49:00,28,MEDIUM
TRN-12014,Synthetic Corridor Passenger 14,PASSENGER,SEC-NDLS-RE,2025-02-13,10:21:00,11:23:00,10:34:00,11:37:00,14,MEDIUM
TRN-12014,Synthetic Corridor Passenger 14,PASSENGER,SEC-RE-AWR,2025-02-13,11:32:00,12:31:00,11:47:00,12:53:00,22,MEDIUM
TRN-12014,Synthetic Corridor Passenger 14,PASSENGER,SEC-AWR-BKI,2025-02-13,12:40:00,13:33:00,13:03:00,13:58:00,25,MEDIUM
TRN-12014,Synthetic Corridor Passenger 14,PASSENGER,SEC-BKI-JP,2025-02-13,13:42:00,14:48:00,14:10:00,15:17:00,29,MEDIUM
TRN-12015,Synthetic Corridor Passenger 15,PASSENGER,SEC-NDLS-RE,2025-02-13,10:48:00,11:50:00,10:57:00,12:03:00,13,MEDIUM
TRN-12015,Synthetic Corridor Passenger 15,PASSENGER,SEC-RE-AWR,2025-02-13,11:59:00,12:58:00,12:13:00,13:14:00,16,MEDIUM
TRN-12015,Synthetic Corridor Passenger 15,PASSENGER,SEC-AWR-BKI,2025-02-13,13:07:00,14:00:00,13:24:00,14:22:00,22,MEDIUM
TRN-12015,Synthetic Corridor Passenger 15,PASSENGER,SEC-BKI-JP,2025-02-13,14:09:00,15:15:00,14:33:00,15:42:00,27,MEDIUM
TRN-12016,Synthetic Corridor Passenger 16,PASSENGER,SEC-NDLS-RE,2025-02-13,11:15:00,12:17:00,11:30:00,12:34:00,17,MEDIUM
TRN-12016,Synthetic Corridor Passenger 16,PASSENGER,SEC-RE-AWR,2025-02-13,12:26:00,13:25:00,12:47:00,13:49:00,24,MEDIUM
TRN-12016,Synthetic Corridor Passenger 16,PASSENGER,SEC-AWR-BKI,2025-02-13,13:34:00,14:27:00,13:58:00,14:54:00,27,MEDIUM
TRN-12016,Synthetic Corridor Passenger 16,PASSENGER,SEC-BKI-JP,2025-02-13,14:36:00,15:42:00,15:04:00,16:12:00,30,MEDIUM
TRN-12017,Synthetic Corridor Passenger 17,PASSENGER,SEC-NDLS-RE,2025-02-13,11:42:00,12:44:00,11:55:00,13:01:00,17,MEDIUM
TRN-12017,Synthetic Corridor Passenger 17,PASSENGER,SEC-RE-AWR,2025-02-13,12:53:00,13:52:00,13:12:00,14:15:00,23,MEDIUM
TRN-12017,Synthetic Corridor Passenger 17,PASSENGER,SEC-AWR-BKI,2025-02-13,14:01:00,14:54:00,14:26:00,15:22:00,28,MEDIUM
TRN-12017,Synthetic Corridor Passenger 17,PASSENGER,SEC-BKI-JP,2025-02-13,15:03:00,16:09:00,15:34:00,16:44:00,35,MEDIUM
TRN-12018,Synthetic Corridor Passenger 18,PASSENGER,SEC-NDLS-RE,2025-02-13,12:09:00,13:11:00,12:23:00,13:26:00,15,MEDIUM
TRN-12018,Synthetic Corridor Passenger 18,PASSENGER,SEC-RE-AWR,2025-02-13,13:20:00,14:19:00,13:35:00,14:35:00,16,MEDIUM
TRN-12018,Synthetic Corridor Passenger 18,PASSENGER,SEC-AWR-BKI,2025-02-13,14:28:00,15:21:00,14:47:00,15:43:00,22,MEDIUM
TRN-12018,Synthetic Corridor Passenger 18,PASSENGER,SEC-BKI-JP,2025-02-13,15:30:00,16:36:00,15:53:00,17:01:00,25,MEDIUM
TRN-12020,Synthetic Corridor Freight 20,FREIGHT,SEC-NDLS-RE,2025-02-13,13:03:00,14:25:00,13:09:00,14:34:00,9,LOW
TRN-12020,Synthetic Corridor Freight 20,FREIGHT,SEC-RE-AWR,2025-02-13,14:37:00,15:55:00,14:48:00,16:10:00,15,LOW
TRN-12020,Synthetic Corridor Freight 20,FREIGHT,SEC-AWR-BKI,2025-02-13,16:07:00,17:18:00,16:26:00,17:41:00,23,LOW
TRN-12020,Synthetic Corridor Freight 20,FREIGHT,SEC-BKI-JP,2025-02-13,17:30:00,18:58:00,17:53:00,19:25:00,27,LOW
TRN-12021,Synthetic Corridor Freight 21,FREIGHT,SEC-NDLS-RE,2025-02-13,13:30:00,14:52:00,13:42:00,15:06:00,14,LOW
TRN-12021,Synthetic Corridor Freight 21,FREIGHT,SEC-RE-AWR,2025-02-13,15:04:00,16:22:00,15:20:00,16:43:00,21,LOW
TRN-12021,Synthetic Corridor Freight 21,FREIGHT,SEC-AWR-BKI,2025-02-13,16:34:00,17:45:00,16:57:00,18:12:00,27,LOW
TRN-12021,Synthetic Corridor Freight 21,FREIGHT,SEC-BKI-JP,2025-02-13,17:57:00,19:25:00,18:26:00,19:58:00,33,LOW
TRN-12022,Synthetic Corridor Freight 22,FREIGHT,SEC-NDLS-RE,2025-02-13,13:57:00,15:19:00,14:08:00,15:37:00,18,LOW
TRN-12022,Synthetic Corridor Freight 22,FREIGHT,SEC-RE-AWR,2025-02-13,15:31:00,16:49:00,15:51:00,17:12:00,23,LOW
TRN-12022,Synthetic Corridor Freight 22,FREIGHT,SEC-AWR-BKI,2025-02-13,17:01:00,18:12:00,17:28:00,18:40:00,28,LOW
TRN-12022,Synthetic Corridor Freight 22,FREIGHT,SEC-BKI-JP,2025-02-13,18:24:00,19:52:00,18:54:00,20:26:00,34,LOW
TRN-12024,Synthetic Corridor Freight 24,FREIGHT,SEC-NDLS-RE,2025-02-13,14:51:00,16:13:00,15:03:00,16:26:00,13,LOW
TRN-12024,Synthetic Corridor Freight 24,FREIGHT,SEC-RE-AWR,2025-02-13,16:25:00,17:43:00,16:39:00,18:00:00,17,LOW
TRN-12024,Synthetic Corridor Freight 24,FREIGHT,SEC-AWR-BKI,2025-02-13,17:55:00,19:06:00,18:12:00,19:25:00,19,LOW
TRN-12024,Synthetic Corridor Freight 24,FREIGHT,SEC-BKI-JP,2025-02-13,19:18:00,20:46:00,19:39:00,21:08:00,22,LOW
TRN-12001,Synthetic Corridor Express 01,EXPRESS,SEC-NDLS-RE,2025-02-14,04:30:00,05:22:00,04:33:00,05:25:00,3,HIGH
TRN-12001,Synthetic Corridor Express 01,EXPRESS,SEC-RE-AWR,2025-02-14,05:28:00,06:18:00,05:31:00,06:21:00,3,HIGH
TRN-12001,Synthetic Corridor Express 01,EXPRESS,SEC-AWR-BKI,2025-02-14,06:24:00,07:09:00,06:27:00,07:12:00,3,HIGH
TRN-12001,Synthetic Corridor Express 01,EXPRESS,SEC-BKI-JP,2025-02-14,07:15:00,08:10:00,07:18:00,08:13:00,3,HIGH
TRN-12002,Synthetic Corridor Express 02,EXPRESS,SEC-NDLS-RE,2025-02-14,04:57:00,05:49:00,04:58:00,05:50:00,1,HIGH
TRN-12002,Synthetic Corridor Express 02,EXPRESS,SEC-RE-AWR,2025-02-14,05:55:00,06:45:00,05:56:00,06:46:00,1,HIGH
TRN-12002,Synthetic Corridor Express 02,EXPRESS,SEC-AWR-BKI,2025-02-14,06:51:00,07:36:00,06:52:00,07:37:00,1,HIGH
TRN-12002,Synthetic Corridor Express 02,EXPRESS,SEC-BKI-JP,2025-02-14,07:42:00,08:37:00,07:43:00,08:39:00,2,HIGH
TRN-12003,Synthetic Corridor Express 03,EXPRESS,SEC-NDLS-RE,2025-02-14,05:24:00,06:16:00,05:25:00,06:18:00,2,HIGH
TRN-12003,Synthetic Corridor Express 03,EXPRESS,SEC-RE-AWR,2025-02-14,06:22:00,07:12:00,06:24:00,07:15:00,3,HIGH
TRN-12003,Synthetic Corridor Express 03,EXPRESS,SEC-AWR-BKI,2025-02-14,07:18:00,08:03:00,07:21:00,08:06:00,3,HIGH
TRN-12003,Synthetic Corridor Express 03,EXPRESS,SEC-BKI-JP,2025-02-14,08:09:00,09:04:00,08:12:00,09:08:00,4,HIGH
TRN-12005,Synthetic Corridor Express 05,EXPRESS,SEC-NDLS-RE,2025-02-14,06:18:00,07:10:00,06:20:00,07:13:00,3,HIGH
TRN-12005,Synthetic Corridor Express 05,EXPRESS,SEC-RE-AWR,2025-02-14,07:16:00,08:06:00,07:20:00,08:10:00,4,HIGH
TRN-12005,Synthetic Corridor Express 05,EXPRESS,SEC-AWR-BKI,2025-02-14,08:12:00,08:57:00,08:16:00,09:01:00,4,HIGH
TRN-12005,Synthetic Corridor Express 05,EXPRESS,SEC-BKI-JP,2025-02-14,09:03:00,09:58:00,09:07:00,10:02:00,4,HIGH
TRN-12006,Synthetic Corridor Express 06,EXPRESS,SEC-NDLS-RE,2025-02-14,06:45:00,07:37:00,06:46:00,07:39:00,2,HIGH
TRN-12006,Synthetic Corridor Express 06,EXPRESS,SEC-RE-AWR,2025-02-14,07:43:00,08:33:00,07:45:00,08:36:00,3,HIGH
TRN-12006,Synthetic Corridor Express 06,EXPRESS,SEC-AWR-BKI,2025-02-14,08:39:00,09:24:00,08:42:00,09:27:00,3,HIGH
TRN-12006,Synthetic Corridor Express 06,EXPRESS,SEC-BKI-JP,2025-02-14,09:30:00,10:25:00,09:33:00,10:29:00,4,HIGH
TRN-12007,Synthetic Corridor Express 07,EXPRESS,SEC-NDLS-RE,2025-02-14,07:12:00,08:04:00,07:13:00,08:05:00,1,HIGH
TRN-12007,Synthetic Corridor Express 07,EXPRESS,SEC-RE-AWR,2025-02-14,08:10:00,09:00:00,08:12:00,09:04:00,4,HIGH
TRN-12007,Synthetic Corridor Express 07,EXPRESS,SEC-AWR-BKI,2025-02-14,09:06:00,09:51:00,09:11:00,09:56:00,5,HIGH
TRN-12007,Synthetic Corridor Express 07,EXPRESS,SEC-BKI-JP,2025-02-14,09:57:00,10:52:00,10:03:00,10:59:00,7,HIGH
TRN-12009,Synthetic Corridor Express 09,EXPRESS,SEC-NDLS-RE,2025-02-14,08:06:00,08:58:00,08:08:00,09:00:00,2,HIGH
TRN-12009,Synthetic Corridor Express 09,EXPRESS,SEC-RE-AWR,2025-02-14,09:04:00,09:54:00,09:06:00,09:56:00,2,HIGH
TRN-12009,Synthetic Corridor Express 09,EXPRESS,SEC-AWR-BKI,2025-02-14,10:00:00,10:45:00,10:02:00,10:48:00,3,HIGH
TRN-12009,Synthetic Corridor Express 09,EXPRESS,SEC-BKI-JP,2025-02-14,10:51:00,11:46:00,10:55:00,11:50:00,4,HIGH
TRN-12010,Synthetic Corridor Express 10,EXPRESS,SEC-NDLS-RE,2025-02-14,08:33:00,09:25:00,08:34:00,09:27:00,2,HIGH
TRN-12010,Synthetic Corridor Express 10,EXPRESS,SEC-RE-AWR,2025-02-14,09:31:00,10:21:00,09:33:00,10:24:00,3,HIGH
TRN-12010,Synthetic Corridor Express 10,EXPRESS,SEC-AWR-BKI,2025-02-14,10:27:00,11:12:00,10:30:00,11:16:00,4,HIGH
TRN-12010,Synthetic Corridor Express 10,EXPRESS,SEC-BKI-JP,2025-02-14,11:18:00,12:13:00,11:22:00,12:17:00,4,HIGH
TRN-12011,Synthetic Corridor Passenger 11,PASSENGER,SEC-NDLS-RE,2025-02-14,09:00:00,10:02:00,09:04:00,10:07:00,5,MEDIUM
TRN-12011,Synthetic Corridor Passenger 11,PASSENGER,SEC-RE-AWR,2025-02-14,10:11:00,11:10:00,10:18:00,11:18:00,8,MEDIUM
TRN-12011,Synthetic Corridor Passenger 11,PASSENGER,SEC-AWR-BKI,2025-02-14,11:19:00,12:12:00,11:27:00,12:22:00,10,MEDIUM
TRN-12011,Synthetic Corridor Passenger 11,PASSENGER,SEC-BKI-JP,2025-02-14,12:21:00,13:27:00,12:31:00,13:38:00,11,MEDIUM
TRN-12012,Synthetic Corridor Passenger 12,PASSENGER,SEC-NDLS-RE,2025-02-14,09:27:00,10:29:00,09:31:00,10:34:00,5,MEDIUM
TRN-12012,Synthetic Corridor Passenger 12,PASSENGER,SEC-RE-AWR,2025-02-14,10:38:00,11:37:00,10:44:00,11:43:00,6,MEDIUM
TRN-12012,Synthetic Corridor Passenger 12,PASSENGER,SEC-AWR-BKI,2025-02-14,11:46:00,12:39:00,11:54:00,12:47:00,8,MEDIUM
TRN-12012,Synthetic Corridor Passenger 12,PASSENGER,SEC-BKI-JP,2025-02-14,12:48:00,13:54:00,12:56:00,14:05:00,11,MEDIUM
TRN-12013,Synthetic Corridor Passenger 13,PASSENGER,SEC-NDLS-RE,2025-02-14,09:54:00,10:56:00,10:01:00,11:03:00,7,MEDIUM
TRN-12013,Synthetic Corridor Passenger 13,PASSENGER,SEC-RE-AWR,2025-02-14,11:05:00,12:04:00,11:12:00,12:11:00,7,MEDIUM
TRN-12013,Synthetic Corridor Passenger 13,PASSENGER,SEC-AWR-BKI,2025-02-14,12:13:00,13:06:00,12:21:00,13:14:00,8,MEDIUM
TRN-12013,Synthetic Corridor Passenger 13,PASSENGER,SEC-BKI-JP,2025-02-14,13:15:00,14:21:00,13:23:00,14:29:00,8,MEDIUM
TRN-12014,Synthetic Corridor Passenger 14,PASSENGER,SEC-NDLS-RE,2025-02-14,10:21:00,11:23:00,10:24:00,11:27:00,4,MEDIUM
TRN-12014,Synthetic Corridor Passenger 14,PASSENGER,SEC-RE-AWR,2025-02-14,11:32:00,12:31:00,11:36:00,12:35:00,4,MEDIUM
TRN-12014,Synthetic Corridor Passenger 14,PASSENGER,SEC-AWR-BKI,2025-02-14,12:40:00,13:33:00,12:44:00,13:37:00,4,MEDIUM
TRN-12014,Synthetic Corridor Passenger 14,PASSENGER,SEC-BKI-JP,2025-02-14,13:42:00,14:48:00,13:46:00,14:53:00,5,MEDIUM
TRN-12015,Synthetic Corridor Passenger 15,PASSENGER,SEC-NDLS-RE,2025-02-14,10:48:00,11:50:00,10:51:00,11:53:00,3,MEDIUM
TRN-12015,Synthetic Corridor Passenger 15,PASSENGER,SEC-RE-AWR,2025-02-14,11:59:00,12:58:00,12:02:00,13:01:00,3,MEDIUM
TRN-12015,Synthetic Corridor Passenger 15,PASSENGER,SEC-AWR-BKI,2025-02-14,13:07:00,14:00:00,13:11:00,14:06:00,6,MEDIUM
TRN-12015,Synthetic Corridor Passenger 15,PASSENGER,SEC-BKI-JP,2025-02-14,14:09:00,15:15:00,14:15:00,15:21:00,6,MEDIUM
TRN-12016,Synthetic Corridor Passenger 16,PASSENGER,SEC-NDLS-RE,2025-02-14,11:15:00,12:17:00,11:17:00,12:21:00,4,MEDIUM
TRN-12016,Synthetic Corridor Passenger 16,PASSENGER,SEC-RE-AWR,2025-02-14,12:26:00,13:25:00,12:30:00,13:30:00,5,MEDIUM
TRN-12016,Synthetic Corridor Passenger 16,PASSENGER,SEC-AWR-BKI,2025-02-14,13:34:00,14:27:00,13:39:00,14:32:00,5,MEDIUM
TRN-12016,Synthetic Corridor Passenger 16,PASSENGER,SEC-BKI-JP,2025-02-14,14:36:00,15:42:00,14:41:00,15:48:00,6,MEDIUM
TRN-12017,Synthetic Corridor Passenger 17,PASSENGER,SEC-NDLS-RE,2025-02-14,11:42:00,12:44:00,11:47:00,12:49:00,5,MEDIUM
TRN-12017,Synthetic Corridor Passenger 17,PASSENGER,SEC-RE-AWR,2025-02-14,12:53:00,13:52:00,12:58:00,13:57:00,5,MEDIUM
TRN-12017,Synthetic Corridor Passenger 17,PASSENGER,SEC-AWR-BKI,2025-02-14,14:01:00,14:54:00,14:06:00,14:59:00,5,MEDIUM
TRN-12017,Synthetic Corridor Passenger 17,PASSENGER,SEC-BKI-JP,2025-02-14,15:03:00,16:09:00,15:09:00,16:16:00,7,MEDIUM
TRN-12018,Synthetic Corridor Passenger 18,PASSENGER,SEC-NDLS-RE,2025-02-14,12:09:00,13:11:00,12:13:00,13:15:00,4,MEDIUM
TRN-12018,Synthetic Corridor Passenger 18,PASSENGER,SEC-RE-AWR,2025-02-14,13:20:00,14:19:00,13:24:00,14:24:00,5,MEDIUM
TRN-12018,Synthetic Corridor Passenger 18,PASSENGER,SEC-AWR-BKI,2025-02-14,14:28:00,15:21:00,14:33:00,15:27:00,6,MEDIUM
TRN-12018,Synthetic Corridor Passenger 18,PASSENGER,SEC-BKI-JP,2025-02-14,15:30:00,16:36:00,15:36:00,16:42:00,6,MEDIUM
TRN-12019,Synthetic Corridor Freight 19,FREIGHT,SEC-NDLS-RE,2025-02-14,12:36:00,13:58:00,12:37:00,14:01:00,3,LOW
TRN-12019,Synthetic Corridor Freight 19,FREIGHT,SEC-RE-AWR,2025-02-14,14:10:00,15:28:00,14:13:00,15:32:00,4,LOW
TRN-12019,Synthetic Corridor Freight 19,FREIGHT,SEC-AWR-BKI,2025-02-14,15:40:00,16:51:00,15:44:00,16:55:00,4,LOW
TRN-12019,Synthetic Corridor Freight 19,FREIGHT,SEC-BKI-JP,2025-02-14,17:03:00,18:31:00,17:08:00,18:36:00,5,LOW
TRN-12021,Synthetic Corridor Freight 21,FREIGHT,SEC-NDLS-RE,2025-02-14,13:30:00,14:52:00,13:34:00,14:57:00,5,LOW
TRN-12021,Synthetic Corridor Freight 21,FREIGHT,SEC-RE-AWR,2025-02-14,15:04:00,16:22:00,15:11:00,16:30:00,8,LOW
TRN-12021,Synthetic Corridor Freight 21,FREIGHT,SEC-AWR-BKI,2025-02-14,16:34:00,17:45:00,16:42:00,17:53:00,8,LOW
TRN-12021,Synthetic Corridor Freight 21,FREIGHT,SEC-BKI-JP,2025-02-14,17:57:00,19:25:00,18:06:00,19:34:00,9,LOW
TRN-12022,Synthetic Corridor Freight 22,FREIGHT,SEC-NDLS-RE,2025-02-14,13:57:00,15:19:00,14:01:00,15:24:00,5,LOW
TRN-12022,Synthetic Corridor Freight 22,FREIGHT,SEC-RE-AWR,2025-02-14,15:31:00,16:49:00,15:38:00,16:56:00,7,LOW
TRN-12022,Synthetic Corridor Freight 22,FREIGHT,SEC-AWR-BKI,2025-02-14,17:01:00,18:12:00,17:08:00,18:20:00,8,LOW
TRN-12022,Synthetic Corridor Freight 22,FREIGHT,SEC-BKI-JP,2025-02-14,18:24:00,19:52:00,18:33:00,20:03:00,11,LOW
TRN-12023,Synthetic Corridor Freight 23,FREIGHT,SEC-NDLS-RE,2025-02-14,14:24:00,15:46:00,14:25:00,15:47:00,1,LOW
TRN-12023,Synthetic Corridor Freight 23,FREIGHT,SEC-RE-AWR,2025-02-14,15:58:00,17:16:00,16:00:00,17:19:00,3,LOW
TRN-12023,Synthetic Corridor Freight 23,FREIGHT,SEC-AWR-BKI,2025-02-14,17:28:00,18:39:00,17:31:00,18:46:00,7,LOW
TRN-12023,Synthetic Corridor Freight 23,FREIGHT,SEC-BKI-JP,2025-02-14,18:51:00,20:19:00,18:58:00,20:26:00,7,LOW
TRN-12001,Synthetic Corridor Express 01,EXPRESS,SEC-NDLS-RE,2025-02-15,04:30:00,05:22:00,04:31:00,05:24:00,2,HIGH
TRN-12001,Synthetic Corridor Express 01,EXPRESS,SEC-RE-AWR,2025-02-15,05:28:00,06:18:00,05:30:00,06:21:00,3,HIGH
TRN-12001,Synthetic Corridor Express 01,EXPRESS,SEC-AWR-BKI,2025-02-15,06:24:00,07:09:00,06:28:00,07:13:00,4,HIGH
TRN-12001,Synthetic Corridor Express 01,EXPRESS,SEC-BKI-JP,2025-02-15,07:15:00,08:10:00,07:19:00,08:14:00,4,HIGH
TRN-12004,Synthetic Corridor Express 04,EXPRESS,SEC-NDLS-RE,2025-02-15,05:51:00,06:43:00,05:54:00,06:46:00,3,HIGH
TRN-12004,Synthetic Corridor Express 04,EXPRESS,SEC-RE-AWR,2025-02-15,06:49:00,07:39:00,06:52:00,07:42:00,3,HIGH
TRN-12004,Synthetic Corridor Express 04,EXPRESS,SEC-AWR-BKI,2025-02-15,07:45:00,08:30:00,07:48:00,08:33:00,3,HIGH
TRN-12004,Synthetic Corridor Express 04,EXPRESS,SEC-BKI-JP,2025-02-15,08:36:00,09:31:00,08:40:00,09:36:00,5,HIGH
TRN-12005,Synthetic Corridor Express 05,EXPRESS,SEC-NDLS-RE,2025-02-15,06:18:00,07:10:00,06:19:00,07:11:00,1,HIGH
TRN-12005,Synthetic Corridor Express 05,EXPRESS,SEC-RE-AWR,2025-02-15,07:16:00,08:06:00,07:17:00,08:08:00,2,HIGH
TRN-12005,Synthetic Corridor Express 05,EXPRESS,SEC-AWR-BKI,2025-02-15,08:12:00,08:57:00,08:14:00,08:59:00,2,HIGH
TRN-12005,Synthetic Corridor Express 05,EXPRESS,SEC-BKI-JP,2025-02-15,09:03:00,09:58:00,09:06:00,10:02:00,4,HIGH
TRN-12008,Synthetic Corridor Express 08,EXPRESS,SEC-NDLS-RE,2025-02-15,07:39:00,08:31:00,07:41:00,08:34:00,3,HIGH
TRN-12008,Synthetic Corridor Express 08,EXPRESS,SEC-RE-AWR,2025-02-15,08:37:00,09:27:00,08:41:00,09:33:00,6,HIGH
TRN-12008,Synthetic Corridor Express 08,EXPRESS,SEC-AWR-BKI,2025-02-15,09:33:00,10:18:00,09:39:00,10:24:00,6,HIGH
TRN-12008,Synthetic Corridor Express 08,EXPRESS,SEC-BKI-JP,2025-02-15,10:24:00,11:19:00,10:31:00,11:26:00,7,HIGH
TRN-12009,Synthetic Corridor Express 09,EXPRESS,SEC-NDLS-RE,2025-02-15,08:06:00,08:58:00,08:08:00,09:01:00,3,HIGH
TRN-12009,Synthetic Corridor Express 09,EXPRESS,SEC-RE-AWR,2025-02-15,09:04:00,09:54:00,09:08:00,09:58:00,4,HIGH
TRN-12009,Synthetic Corridor Express 09,EXPRESS,SEC-AWR-BKI,2025-02-15,10:00:00,10:45:00,10:05:00,10:51:00,6,HIGH
TRN-12009,Synthetic Corridor Express 09,EXPRESS,SEC-BKI-JP,2025-02-15,10:51:00,11:46:00,10:57:00,11:52:00,6,HIGH
TRN-12011,Synthetic Corridor Passenger 11,PASSENGER,SEC-NDLS-RE,2025-02-15,09:00:00,10:02:00,09:04:00,10:07:00,5,MEDIUM
TRN-12011,Synthetic Corridor Passenger 11,PASSENGER,SEC-RE-AWR,2025-02-15,10:11:00,11:10:00,10:16:00,11:17:00,7,MEDIUM
TRN-12011,Synthetic Corridor Passenger 11,PASSENGER,SEC-AWR-BKI,2025-02-15,11:19:00,12:12:00,11:26:00,12:19:00,7,MEDIUM
TRN-12011,Synthetic Corridor Passenger 11,PASSENGER,SEC-BKI-JP,2025-02-15,12:21:00,13:27:00,12:29:00,13:37:00,10,MEDIUM
TRN-12012,Synthetic Corridor Passenger 12,PASSENGER,SEC-NDLS-RE,2025-02-15,09:27:00,10:29:00,09:30:00,10:33:00,4,MEDIUM
TRN-12012,Synthetic Corridor Passenger 12,PASSENGER,SEC-RE-AWR,2025-02-15,10:38:00,11:37:00,10:43:00,11:42:00,5,MEDIUM
TRN-12012,Synthetic Corridor Passenger 12,PASSENGER,SEC-AWR-BKI,2025-02-15,11:46:00,12:39:00,11:51:00,12:45:00,6,MEDIUM
TRN-12012,Synthetic Corridor Passenger 12,PASSENGER,SEC-BKI-JP,2025-02-15,12:48:00,13:54:00,12:55:00,14:02:00,8,MEDIUM
TRN-12013,Synthetic Corridor Passenger 13,PASSENGER,SEC-NDLS-RE,2025-02-15,09:54:00,10:56:00,09:57:00,10:59:00,3,MEDIUM
TRN-12013,Synthetic Corridor Passenger 13,PASSENGER,SEC-RE-AWR,2025-02-15,11:05:00,12:04:00,11:09:00,12:08:00,4,MEDIUM
TRN-12013,Synthetic Corridor Passenger 13,PASSENGER,SEC-AWR-BKI,2025-02-15,12:13:00,13:06:00,12:17:00,13:10:00,4,MEDIUM
TRN-12013,Synthetic Corridor Passenger 13,PASSENGER,SEC-BKI-JP,2025-02-15,13:15:00,14:21:00,13:20:00,14:27:00,6,MEDIUM
TRN-12014,Synthetic Corridor Passenger 14,PASSENGER,SEC-NDLS-RE,2025-02-15,10:21:00,11:23:00,10:26:00,11:28:00,5,MEDIUM
TRN-12014,Synthetic Corridor Passenger 14,PASSENGER,SEC-RE-AWR,2025-02-15,11:32:00,12:31:00,11:37:00,12:36:00,5,MEDIUM
TRN-12014,Synthetic Corridor Passenger 14,PASSENGER,SEC-AWR-BKI,2025-02-15,12:40:00,13:33:00,12:45:00,13:40:00,7,MEDIUM
TRN-12014,Synthetic Corridor Passenger 14,PASSENGER,SEC-BKI-JP,2025-02-15,13:42:00,14:48:00,13:49:00,14:56:00,8,MEDIUM
TRN-12015,Synthetic Corridor Passenger 15,PASSENGER,SEC-NDLS-RE,2025-02-15,10:48:00,11:50:00,10:51:00,11:53:00,3,MEDIUM
TRN-12015,Synthetic Corridor Passenger 15,PASSENGER,SEC-RE-AWR,2025-02-15,11:59:00,12:58:00,12:02:00,13:02:00,4,MEDIUM
TRN-12015,Synthetic Corridor Passenger 15,PASSENGER,SEC-AWR-BKI,2025-02-15,13:07:00,14:00:00,13:12:00,14:07:00,7,MEDIUM
TRN-12015,Synthetic Corridor Passenger 15,PASSENGER,SEC-BKI-JP,2025-02-15,14:09:00,15:15:00,14:18:00,15:26:00,11,MEDIUM
TRN-12016,Synthetic Corridor Passenger 16,PASSENGER,SEC-NDLS-RE,2025-02-15,11:15:00,12:17:00,11:18:00,12:20:00,3,MEDIUM
TRN-12016,Synthetic Corridor Passenger 16,PASSENGER,SEC-RE-AWR,2025-02-15,12:26:00,13:25:00,12:30:00,13:29:00,4,MEDIUM
TRN-12016,Synthetic Corridor Passenger 16,PASSENGER,SEC-AWR-BKI,2025-02-15,13:34:00,14:27:00,13:38:00,14:31:00,4,MEDIUM
TRN-12016,Synthetic Corridor Passenger 16,PASSENGER,SEC-BKI-JP,2025-02-15,14:36:00,15:42:00,14:41:00,15:47:00,5,MEDIUM
TRN-12017,Synthetic Corridor Passenger 17,PASSENGER,SEC-NDLS-RE,2025-02-15,11:42:00,12:44:00,11:46:00,12:50:00,6,MEDIUM
TRN-12017,Synthetic Corridor Passenger 17,PASSENGER,SEC-RE-AWR,2025-02-15,12:53:00,13:52:00,12:59:00,14:00:00,8,MEDIUM
TRN-12017,Synthetic Corridor Passenger 17,PASSENGER,SEC-AWR-BKI,2025-02-15,14:01:00,14:54:00,14:11:00,15:05:00,11,MEDIUM
TRN-12017,Synthetic Corridor Passenger 17,PASSENGER,SEC-BKI-JP,2025-02-15,15:03:00,16:09:00,15:14:00,16:20:00,11,MEDIUM
TRN-12018,Synthetic Corridor Passenger 18,PASSENGER,SEC-NDLS-RE,2025-02-15,12:09:00,13:11:00,12:13:00,13:16:00,5,MEDIUM
TRN-12018,Synthetic Corridor Passenger 18,PASSENGER,SEC-RE-AWR,2025-02-15,13:20:00,14:19:00,13:25:00,14:24:00,5,MEDIUM
TRN-12018,Synthetic Corridor Passenger 18,PASSENGER,SEC-AWR-BKI,2025-02-15,14:28:00,15:21:00,14:33:00,15:26:00,5,MEDIUM
TRN-12018,Synthetic Corridor Passenger 18,PASSENGER,SEC-BKI-JP,2025-02-15,15:30:00,16:36:00,15:35:00,16:42:00,6,MEDIUM
TRN-12020,Synthetic Corridor Freight 20,FREIGHT,SEC-NDLS-RE,2025-02-15,13:03:00,14:25:00,13:04:00,14:26:00,1,LOW
TRN-12020,Synthetic Corridor Freight 20,FREIGHT,SEC-RE-AWR,2025-02-15,14:37:00,15:55:00,14:38:00,15:56:00,1,LOW
TRN-12020,Synthetic Corridor Freight 20,FREIGHT,SEC-AWR-BKI,2025-02-15,16:07:00,17:18:00,16:08:00,17:21:00,3,LOW
TRN-12020,Synthetic Corridor Freight 20,FREIGHT,SEC-BKI-JP,2025-02-15,17:30:00,18:58:00,17:33:00,19:01:00,3,LOW
TRN-12021,Synthetic Corridor Freight 21,FREIGHT,SEC-NDLS-RE,2025-02-15,13:30:00,14:52:00,13:30:00,14:53:00,1,LOW
TRN-12021,Synthetic Corridor Freight 21,FREIGHT,SEC-RE-AWR,2025-02-15,15:04:00,16:22:00,15:05:00,16:24:00,2,LOW
TRN-12021,Synthetic Corridor Freight 21,FREIGHT,SEC-AWR-BKI,2025-02-15,16:34:00,17:45:00,16:36:00,17:48:00,3,LOW
TRN-12021,Synthetic Corridor Freight 21,FREIGHT,SEC-BKI-JP,2025-02-15,17:57:00,19:25:00,18:00:00,19:28:00,3,LOW
TRN-12024,Synthetic Corridor Freight 24,FREIGHT,SEC-NDLS-RE,2025-02-15,14:51:00,16:13:00,14:56:00,16:19:00,6,LOW
TRN-12024,Synthetic Corridor Freight 24,FREIGHT,SEC-RE-AWR,2025-02-15,16:25:00,17:43:00,16:31:00,17:53:00,10,LOW
TRN-12024,Synthetic Corridor Freight 24,FREIGHT,SEC-AWR-BKI,2025-02-15,17:55:00,19:06:00,18:05:00,19:17:00,11,LOW
TRN-12024,Synthetic Corridor Freight 24,FREIGHT,SEC-BKI-JP,2025-02-15,19:18:00,20:46:00,19:29:00,20:57:00,11,LOW
TRN-12001,Synthetic Corridor Express 01,EXPRESS,SEC-NDLS-RE,2025-02-16,04:30:00,05:22:00,04:35:00,05:27:00,5,HIGH
TRN-12001,Synthetic Corridor Express 01,EXPRESS,SEC-RE-AWR,2025-02-16,05:28:00,06:18:00,05:33:00,06:25:00,7,HIGH
TRN-12001,Synthetic Corridor Express 01,EXPRESS,SEC-AWR-BKI,2025-02-16,06:24:00,07:09:00,06:31:00,07:16:00,7,HIGH
TRN-12001,Synthetic Corridor Express 01,EXPRESS,SEC-BKI-JP,2025-02-16,07:15:00,08:10:00,07:22:00,08:18:00,8,HIGH
TRN-12003,Synthetic Corridor Express 03,EXPRESS,SEC-NDLS-RE,2025-02-16,05:24:00,06:16:00,05:25:00,06:18:00,2,HIGH
TRN-12003,Synthetic Corridor Express 03,EXPRESS,SEC-RE-AWR,2025-02-16,06:22:00,07:12:00,06:24:00,07:14:00,2,HIGH
TRN-12003,Synthetic Corridor Express 03,EXPRESS,SEC-AWR-BKI,2025-02-16,07:18:00,08:03:00,07:21:00,08:06:00,3,HIGH
TRN-12003,Synthetic Corridor Express 03,EXPRESS,SEC-BKI-JP,2025-02-16,08:09:00,09:04:00,08:12:00,09:09:00,5,HIGH
TRN-12005,Synthetic Corridor Express 05,EXPRESS,SEC-NDLS-RE,2025-02-16,06:18:00,07:10:00,06:18:00,07:10:00,0,HIGH
TRN-12005,Synthetic Corridor Express 05,EXPRESS,SEC-RE-AWR,2025-02-16,07:16:00,08:06:00,07:16:00,08:06:00,0,HIGH
TRN-12005,Synthetic Corridor Express 05,EXPRESS,SEC-AWR-BKI,2025-02-16,08:12:00,08:57:00,08:12:00,08:57:00,0,HIGH
TRN-12005,Synthetic Corridor Express 05,EXPRESS,SEC-BKI-JP,2025-02-16,09:03:00,09:58:00,09:03:00,09:58:00,0,HIGH
TRN-12007,Synthetic Corridor Express 07,EXPRESS,SEC-NDLS-RE,2025-02-16,07:12:00,08:04:00,07:18:00,08:10:00,6,HIGH
TRN-12007,Synthetic Corridor Express 07,EXPRESS,SEC-RE-AWR,2025-02-16,08:10:00,09:00:00,08:17:00,09:07:00,7,HIGH
TRN-12007,Synthetic Corridor Express 07,EXPRESS,SEC-AWR-BKI,2025-02-16,09:06:00,09:51:00,09:13:00,09:58:00,7,HIGH
TRN-12007,Synthetic Corridor Express 07,EXPRESS,SEC-BKI-JP,2025-02-16,09:57:00,10:52:00,10:05:00,11:02:00,10,HIGH
TRN-12009,Synthetic Corridor Express 09,EXPRESS,SEC-NDLS-RE,2025-02-16,08:06:00,08:58:00,08:09:00,09:02:00,4,HIGH
TRN-12009,Synthetic Corridor Express 09,EXPRESS,SEC-RE-AWR,2025-02-16,09:04:00,09:54:00,09:08:00,10:00:00,6,HIGH
TRN-12009,Synthetic Corridor Express 09,EXPRESS,SEC-AWR-BKI,2025-02-16,10:00:00,10:45:00,10:06:00,10:51:00,6,HIGH
TRN-12009,Synthetic Corridor Express 09,EXPRESS,SEC-BKI-JP,2025-02-16,10:51:00,11:46:00,10:57:00,11:52:00,6,HIGH
TRN-12011,Synthetic Corridor Passenger 11,PASSENGER,SEC-NDLS-RE,2025-02-16,09:00:00,10:02:00,09:05:00,10:09:00,7,MEDIUM
TRN-12011,Synthetic Corridor Passenger 11,PASSENGER,SEC-RE-AWR,2025-02-16,10:11:00,11:10:00,10:18:00,11:18:00,8,MEDIUM
TRN-12011,Synthetic Corridor Passenger 11,PASSENGER,SEC-AWR-BKI,2025-02-16,11:19:00,12:12:00,11:27:00,12:20:00,8,MEDIUM
TRN-12011,Synthetic Corridor Passenger 11,PASSENGER,SEC-BKI-JP,2025-02-16,12:21:00,13:27:00,12:29:00,13:36:00,9,MEDIUM
TRN-12012,Synthetic Corridor Passenger 12,PASSENGER,SEC-NDLS-RE,2025-02-16,09:27:00,10:29:00,09:33:00,10:36:00,7,MEDIUM
TRN-12012,Synthetic Corridor Passenger 12,PASSENGER,SEC-RE-AWR,2025-02-16,10:38:00,11:37:00,10:45:00,11:44:00,7,MEDIUM
TRN-12012,Synthetic Corridor Passenger 12,PASSENGER,SEC-AWR-BKI,2025-02-16,11:46:00,12:39:00,11:54:00,12:48:00,9,MEDIUM
TRN-12012,Synthetic Corridor Passenger 12,PASSENGER,SEC-BKI-JP,2025-02-16,12:48:00,13:54:00,12:58:00,14:04:00,10,MEDIUM
TRN-12013,Synthetic Corridor Passenger 13,PASSENGER,SEC-NDLS-RE,2025-02-16,09:54:00,10:56:00,10:01:00,11:04:00,8,MEDIUM
TRN-12013,Synthetic Corridor Passenger 13,PASSENGER,SEC-RE-AWR,2025-02-16,11:05:00,12:04:00,11:14:00,12:13:00,9,MEDIUM
TRN-12013,Synthetic Corridor Passenger 13,PASSENGER,SEC-AWR-BKI,2025-02-16,12:13:00,13:06:00,12:23:00,13:17:00,11,MEDIUM
TRN-12013,Synthetic Corridor Passenger 13,PASSENGER,SEC-BKI-JP,2025-02-16,13:15:00,14:21:00,13:26:00,14:33:00,12,MEDIUM
TRN-12014,Synthetic Corridor Passenger 14,PASSENGER,SEC-NDLS-RE,2025-02-16,10:21:00,11:23:00,10:23:00,11:25:00,2,MEDIUM
TRN-12014,Synthetic Corridor Passenger 14,PASSENGER,SEC-RE-AWR,2025-02-16,11:32:00,12:31:00,11:34:00,12:33:00,2,MEDIUM
TRN-12014,Synthetic Corridor Passenger 14,PASSENGER,SEC-AWR-BKI,2025-02-16,12:40:00,13:33:00,12:42:00,13:35:00,2,MEDIUM
TRN-12014,Synthetic Corridor Passenger 14,PASSENGER,SEC-BKI-JP,2025-02-16,13:42:00,14:48:00,13:45:00,14:52:00,4,MEDIUM
TRN-12015,Synthetic Corridor Passenger 15,PASSENGER,SEC-NDLS-RE,2025-02-16,10:48:00,11:50:00,10:49:00,11:51:00,1,MEDIUM
TRN-12015,Synthetic Corridor Passenger 15,PASSENGER,SEC-RE-AWR,2025-02-16,11:59:00,12:58:00,12:00:00,12:59:00,1,MEDIUM
TRN-12015,Synthetic Corridor Passenger 15,PASSENGER,SEC-AWR-BKI,2025-02-16,13:07:00,14:00:00,13:09:00,14:02:00,2,MEDIUM
TRN-12015,Synthetic Corridor Passenger 15,PASSENGER,SEC-BKI-JP,2025-02-16,14:09:00,15:15:00,14:13:00,15:20:00,5,MEDIUM
TRN-12016,Synthetic Corridor Passenger 16,PASSENGER,SEC-NDLS-RE,2025-02-16,11:15:00,12:17:00,11:21:00,12:24:00,7,MEDIUM
TRN-12016,Synthetic Corridor Passenger 16,PASSENGER,SEC-RE-AWR,2025-02-16,12:26:00,13:25:00,12:33:00,13:32:00,7,MEDIUM
TRN-12016,Synthetic Corridor Passenger 16,PASSENGER,SEC-AWR-BKI,2025-02-16,13:34:00,14:27:00,13:42:00,14:35:00,8,MEDIUM
TRN-12016,Synthetic Corridor Passenger 16,PASSENGER,SEC-BKI-JP,2025-02-16,14:36:00,15:42:00,14:45:00,15:51:00,9,MEDIUM
TRN-12017,Synthetic Corridor Passenger 17,PASSENGER,SEC-NDLS-RE,2025-02-16,11:42:00,12:44:00,11:46:00,12:48:00,4,MEDIUM
TRN-12017,Synthetic Corridor Passenger 17,PASSENGER,SEC-RE-AWR,2025-02-16,12:53:00,13:52:00,12:57:00,13:56:00,4,MEDIUM
TRN-12017,Synthetic Corridor Passenger 17,PASSENGER,SEC-AWR-BKI,2025-02-16,14:01:00,14:54:00,14:05:00,14:58:00,4,MEDIUM
TRN-12017,Synthetic Corridor Passenger 17,PASSENGER,SEC-BKI-JP,2025-02-16,15:03:00,16:09:00,15:07:00,16:13:00,4,MEDIUM
TRN-12018,Synthetic Corridor Passenger 18,PASSENGER,SEC-NDLS-RE,2025-02-16,12:09:00,13:11:00,12:12:00,13:14:00,3,MEDIUM
TRN-12018,Synthetic Corridor Passenger 18,PASSENGER,SEC-RE-AWR,2025-02-16,13:20:00,14:19:00,13:23:00,14:23:00,4,MEDIUM
TRN-12018,Synthetic Corridor Passenger 18,PASSENGER,SEC-AWR-BKI,2025-02-16,14:28:00,15:21:00,14:32:00,15:27:00,6,MEDIUM
TRN-12018,Synthetic Corridor Passenger 18,PASSENGER,SEC-BKI-JP,2025-02-16,15:30:00,16:36:00,15:36:00,16:45:00,9,MEDIUM
TRN-12019,Synthetic Corridor Freight 19,FREIGHT,SEC-NDLS-RE,2025-02-16,12:36:00,13:58:00,12:42:00,14:04:00,6,LOW
TRN-12019,Synthetic Corridor Freight 19,FREIGHT,SEC-RE-AWR,2025-02-16,14:10:00,15:28:00,14:16:00,15:35:00,7,LOW
TRN-12019,Synthetic Corridor Freight 19,FREIGHT,SEC-AWR-BKI,2025-02-16,15:40:00,16:51:00,15:47:00,16:58:00,7,LOW
TRN-12019,Synthetic Corridor Freight 19,FREIGHT,SEC-BKI-JP,2025-02-16,17:03:00,18:31:00,17:10:00,18:39:00,8,LOW
TRN-12021,Synthetic Corridor Freight 21,FREIGHT,SEC-NDLS-RE,2025-02-16,13:30:00,14:52:00,13:31:00,14:53:00,1,LOW
TRN-12021,Synthetic Corridor Freight 21,FREIGHT,SEC-RE-AWR,2025-02-16,15:04:00,16:22:00,15:05:00,16:26:00,4,LOW
TRN-12021,Synthetic Corridor Freight 21,FREIGHT,SEC-AWR-BKI,2025-02-16,16:34:00,17:45:00,16:38:00,17:50:00,5,LOW
TRN-12021,Synthetic Corridor Freight 21,FREIGHT,SEC-BKI-JP,2025-02-16,17:57:00,19:25:00,18:02:00,19:31:00,6,LOW
TRN-12023,Synthetic Corridor Freight 23,FREIGHT,SEC-NDLS-RE,2025-02-16,14:24:00,15:46:00,14:25:00,15:48:00,2,LOW
TRN-12023,Synthetic Corridor Freight 23,FREIGHT,SEC-RE-AWR,2025-02-16,15:58:00,17:16:00,16:00:00,17:20:00,4,LOW
TRN-12023,Synthetic Corridor Freight 23,FREIGHT,SEC-AWR-BKI,2025-02-16,17:28:00,18:39:00,17:32:00,18:44:00,5,LOW
TRN-12023,Synthetic Corridor Freight 23,FREIGHT,SEC-BKI-JP,2025-02-16,18:51:00,20:19:00,18:57:00,20:25:00,6,LOW
TRN-12001,Synthetic Corridor Express 01,EXPRESS,SEC-NDLS-RE,2025-02-17,04:30:00,05:22:00,04:34:00,05:26:00,4,HIGH
TRN-12001,Synthetic Corridor Express 01,EXPRESS,SEC-RE-AWR,2025-02-17,05:28:00,06:18:00,05:33:00,06:23:00,5,HIGH
TRN-12001,Synthetic Corridor Express 01,EXPRESS,SEC-AWR-BKI,2025-02-17,06:24:00,07:09:00,06:29:00,07:14:00,5,HIGH
TRN-12001,Synthetic Corridor Express 01,EXPRESS,SEC-BKI-JP,2025-02-17,07:15:00,08:10:00,07:20:00,08:15:00,5,HIGH
TRN-12002,Synthetic Corridor Express 02,EXPRESS,SEC-NDLS-RE,2025-02-17,04:57:00,05:49:00,04:59:00,05:53:00,4,HIGH
TRN-12002,Synthetic Corridor Express 02,EXPRESS,SEC-RE-AWR,2025-02-17,05:55:00,06:45:00,06:00:00,06:50:00,5,HIGH
TRN-12002,Synthetic Corridor Express 02,EXPRESS,SEC-AWR-BKI,2025-02-17,06:51:00,07:36:00,06:56:00,07:41:00,5,HIGH
TRN-12002,Synthetic Corridor Express 02,EXPRESS,SEC-BKI-JP,2025-02-17,07:42:00,08:37:00,07:48:00,08:44:00,7,HIGH
TRN-12003,Synthetic Corridor Express 03,EXPRESS,SEC-NDLS-RE,2025-02-17,05:24:00,06:16:00,05:26:00,06:18:00,2,HIGH
TRN-12003,Synthetic Corridor Express 03,EXPRESS,SEC-RE-AWR,2025-02-17,06:22:00,07:12:00,06:24:00,07:14:00,2,HIGH
TRN-12003,Synthetic Corridor Express 03,EXPRESS,SEC-AWR-BKI,2025-02-17,07:18:00,08:03:00,07:22:00,08:08:00,5,HIGH
TRN-12003,Synthetic Corridor Express 03,EXPRESS,SEC-BKI-JP,2025-02-17,08:09:00,09:04:00,08:14:00,09:09:00,5,HIGH
TRN-12005,Synthetic Corridor Express 05,EXPRESS,SEC-NDLS-RE,2025-02-17,06:18:00,07:10:00,06:22:00,07:15:00,5,HIGH
TRN-12005,Synthetic Corridor Express 05,EXPRESS,SEC-RE-AWR,2025-02-17,07:16:00,08:06:00,07:21:00,08:11:00,5,HIGH
TRN-12005,Synthetic Corridor Express 05,EXPRESS,SEC-AWR-BKI,2025-02-17,08:12:00,08:57:00,08:17:00,09:02:00,5,HIGH
TRN-12005,Synthetic Corridor Express 05,EXPRESS,SEC-BKI-JP,2025-02-17,09:03:00,09:58:00,09:09:00,10:04:00,6,HIGH
TRN-12006,Synthetic Corridor Express 06,EXPRESS,SEC-NDLS-RE,2025-02-17,06:45:00,07:37:00,06:51:00,07:43:00,6,HIGH
TRN-12006,Synthetic Corridor Express 06,EXPRESS,SEC-RE-AWR,2025-02-17,07:43:00,08:33:00,07:49:00,08:41:00,8,HIGH
TRN-12006,Synthetic Corridor Express 06,EXPRESS,SEC-AWR-BKI,2025-02-17,08:39:00,09:24:00,08:47:00,09:33:00,9,HIGH
TRN-12006,Synthetic Corridor Express 06,EXPRESS,SEC-BKI-JP,2025-02-17,09:30:00,10:25:00,09:39:00,10:34:00,9,HIGH
TRN-12007,Synthetic Corridor Express 07,EXPRESS,SEC-NDLS-RE,2025-02-17,07:12:00,08:04:00,07:13:00,08:06:00,2,HIGH
TRN-12007,Synthetic Corridor Express 07,EXPRESS,SEC-RE-AWR,2025-02-17,08:10:00,09:00:00,08:14:00,09:05:00,5,HIGH
TRN-12007,Synthetic Corridor Express 07,EXPRESS,SEC-AWR-BKI,2025-02-17,09:06:00,09:51:00,09:12:00,09:57:00,6,HIGH
TRN-12007,Synthetic Corridor Express 07,EXPRESS,SEC-BKI-JP,2025-02-17,09:57:00,10:52:00,10:03:00,10:59:00,7,HIGH
TRN-12009,Synthetic Corridor Express 09,EXPRESS,SEC-NDLS-RE,2025-02-17,08:06:00,08:58:00,08:10:00,09:02:00,4,HIGH
TRN-12009,Synthetic Corridor Express 09,EXPRESS,SEC-RE-AWR,2025-02-17,09:04:00,09:54:00,09:08:00,10:00:00,6,HIGH
TRN-12009,Synthetic Corridor Express 09,EXPRESS,SEC-AWR-BKI,2025-02-17,10:00:00,10:45:00,10:06:00,10:51:00,6,HIGH
TRN-12009,Synthetic Corridor Express 09,EXPRESS,SEC-BKI-JP,2025-02-17,10:51:00,11:46:00,10:59:00,11:55:00,9,HIGH
TRN-12010,Synthetic Corridor Express 10,EXPRESS,SEC-NDLS-RE,2025-02-17,08:33:00,09:25:00,08:36:00,09:28:00,3,HIGH
TRN-12010,Synthetic Corridor Express 10,EXPRESS,SEC-RE-AWR,2025-02-17,09:31:00,10:21:00,09:35:00,10:26:00,5,HIGH
TRN-12010,Synthetic Corridor Express 10,EXPRESS,SEC-AWR-BKI,2025-02-17,10:27:00,11:12:00,10:32:00,11:17:00,5,HIGH
TRN-12010,Synthetic Corridor Express 10,EXPRESS,SEC-BKI-JP,2025-02-17,11:18:00,12:13:00,11:24:00,12:20:00,7,HIGH
TRN-12011,Synthetic Corridor Passenger 11,PASSENGER,SEC-NDLS-RE,2025-02-17,09:00:00,10:02:00,09:11:00,10:15:00,13,MEDIUM
TRN-12011,Synthetic Corridor Passenger 11,PASSENGER,SEC-RE-AWR,2025-02-17,10:11:00,11:10:00,10:24:00,11:23:00,13,MEDIUM
TRN-12011,Synthetic Corridor Passenger 11,PASSENGER,SEC-AWR-BKI,2025-02-17,11:19:00,12:12:00,11:32:00,12:26:00,14,MEDIUM
TRN-12011,Synthetic Corridor Passenger 11,PASSENGER,SEC-BKI-JP,2025-02-17,12:21:00,13:27:00,12:35:00,13:44:00,17,MEDIUM
TRN-12012,Synthetic Corridor Passenger 12,PASSENGER,SEC-NDLS-RE,2025-02-17,09:27:00,10:29:00,09:32:00,10:34:00,5,MEDIUM
TRN-12012,Synthetic Corridor Passenger 12,PASSENGER,SEC-RE-AWR,2025-02-17,10:38:00,11:37:00,10:43:00,11:43:00,6,MEDIUM
TRN-12012,Synthetic Corridor Passenger 12,PASSENGER,SEC-AWR-BKI,2025-02-17,11:46:00,12:39:00,11:52:00,12:45:00,6,MEDIUM
TRN-12012,Synthetic Corridor Passenger 12,PASSENGER,SEC-BKI-JP,2025-02-17,12:48:00,13:54:00,12:54:00,14:01:00,7,MEDIUM
TRN-12013,Synthetic Corridor Passenger 13,PASSENGER,SEC-NDLS-RE,2025-02-17,09:54:00,10:56:00,10:02:00,11:05:00,9,MEDIUM
TRN-12013,Synthetic Corridor Passenger 13,PASSENGER,SEC-RE-AWR,2025-02-17,11:05:00,12:04:00,11:14:00,12:13:00,9,MEDIUM
TRN-12013,Synthetic Corridor Passenger 13,PASSENGER,SEC-AWR-BKI,2025-02-17,12:13:00,13:06:00,12:22:00,13:15:00,9,MEDIUM
TRN-12013,Synthetic Corridor Passenger 13,PASSENGER,SEC-BKI-JP,2025-02-17,13:15:00,14:21:00,13:25:00,14:33:00,12,MEDIUM
TRN-12014,Synthetic Corridor Passenger 14,PASSENGER,SEC-NDLS-RE,2025-02-17,10:21:00,11:23:00,10:24:00,11:26:00,3,MEDIUM
TRN-12014,Synthetic Corridor Passenger 14,PASSENGER,SEC-RE-AWR,2025-02-17,11:32:00,12:31:00,11:36:00,12:35:00,4,MEDIUM
TRN-12014,Synthetic Corridor Passenger 14,PASSENGER,SEC-AWR-BKI,2025-02-17,12:40:00,13:33:00,12:46:00,13:39:00,6,MEDIUM
TRN-12014,Synthetic Corridor Passenger 14,PASSENGER,SEC-BKI-JP,2025-02-17,13:42:00,14:48:00,13:48:00,14:54:00,6,MEDIUM
TRN-12015,Synthetic Corridor Passenger 15,PASSENGER,SEC-NDLS-RE,2025-02-17,10:48:00,11:50:00,10:54:00,11:56:00,6,MEDIUM
TRN-12015,Synthetic Corridor Passenger 15,PASSENGER,SEC-RE-AWR,2025-02-17,11:59:00,12:58:00,12:05:00,13:04:00,6,MEDIUM
TRN-12015,Synthetic Corridor Passenger 15,PASSENGER,SEC-AWR-BKI,2025-02-17,13:07:00,14:00:00,13:13:00,14:07:00,7,MEDIUM
TRN-12015,Synthetic Corridor Passenger 15,PASSENGER,SEC-BKI-JP,2025-02-17,14:09:00,15:15:00,14:16:00,15:24:00,9,MEDIUM
TRN-12016,Synthetic Corridor Passenger 16,PASSENGER,SEC-NDLS-RE,2025-02-17,11:15:00,12:17:00,11:18:00,12:22:00,5,MEDIUM
TRN-12016,Synthetic Corridor Passenger 16,PASSENGER,SEC-RE-AWR,2025-02-17,12:26:00,13:25:00,12:31:00,13:31:00,6,MEDIUM
TRN-12016,Synthetic Corridor Passenger 16,PASSENGER,SEC-AWR-BKI,2025-02-17,13:34:00,14:27:00,13:40:00,14:33:00,6,MEDIUM
TRN-12016,Synthetic Corridor Passenger 16,PASSENGER,SEC-BKI-JP,2025-02-17,14:36:00,15:42:00,14:42:00,15:48:00,6,MEDIUM
TRN-12017,Synthetic Corridor Passenger 17,PASSENGER,SEC-NDLS-RE,2025-02-17,11:42:00,12:44:00,11:44:00,12:48:00,4,MEDIUM
TRN-12017,Synthetic Corridor Passenger 17,PASSENGER,SEC-RE-AWR,2025-02-17,12:53:00,13:52:00,12:57:00,13:58:00,6,MEDIUM
TRN-12017,Synthetic Corridor Passenger 17,PASSENGER,SEC-AWR-BKI,2025-02-17,14:01:00,14:54:00,14:08:00,15:01:00,7,MEDIUM
TRN-12017,Synthetic Corridor Passenger 17,PASSENGER,SEC-BKI-JP,2025-02-17,15:03:00,16:09:00,15:10:00,16:17:00,8,MEDIUM
TRN-12018,Synthetic Corridor Passenger 18,PASSENGER,SEC-NDLS-RE,2025-02-17,12:09:00,13:11:00,12:13:00,13:15:00,4,MEDIUM
TRN-12018,Synthetic Corridor Passenger 18,PASSENGER,SEC-RE-AWR,2025-02-17,13:20:00,14:19:00,13:24:00,14:23:00,4,MEDIUM
TRN-12018,Synthetic Corridor Passenger 18,PASSENGER,SEC-AWR-BKI,2025-02-17,14:28:00,15:21:00,14:32:00,15:25:00,4,MEDIUM
TRN-12018,Synthetic Corridor Passenger 18,PASSENGER,SEC-BKI-JP,2025-02-17,15:30:00,16:36:00,15:35:00,16:41:00,5,MEDIUM
TRN-12019,Synthetic Corridor Freight 19,FREIGHT,SEC-NDLS-RE,2025-02-17,12:36:00,13:58:00,12:39:00,14:02:00,4,LOW
TRN-12019,Synthetic Corridor Freight 19,FREIGHT,SEC-RE-AWR,2025-02-17,14:10:00,15:28:00,14:15:00,15:36:00,8,LOW
TRN-12019,Synthetic Corridor Freight 19,FREIGHT,SEC-AWR-BKI,2025-02-17,15:40:00,16:51:00,15:48:00,17:01:00,10,LOW
TRN-12019,Synthetic Corridor Freight 19,FREIGHT,SEC-BKI-JP,2025-02-17,17:03:00,18:31:00,17:13:00,18:41:00,10,LOW
TRN-12021,Synthetic Corridor Freight 21,FREIGHT,SEC-NDLS-RE,2025-02-17,13:30:00,14:52:00,13:32:00,14:54:00,2,LOW
TRN-12021,Synthetic Corridor Freight 21,FREIGHT,SEC-RE-AWR,2025-02-17,15:04:00,16:22:00,15:06:00,16:24:00,2,LOW
TRN-12021,Synthetic Corridor Freight 21,FREIGHT,SEC-AWR-BKI,2025-02-17,16:34:00,17:45:00,16:36:00,17:48:00,3,LOW
TRN-12021,Synthetic Corridor Freight 21,FREIGHT,SEC-BKI-JP,2025-02-17,17:57:00,19:25:00,18:02:00,19:31:00,6,LOW
TRN-12022,Synthetic Corridor Freight 22,FREIGHT,SEC-NDLS-RE,2025-02-17,13:57:00,15:19:00,14:03:00,15:27:00,8,LOW
TRN-12022,Synthetic Corridor Freight 22,FREIGHT,SEC-RE-AWR,2025-02-17,15:31:00,16:49:00,15:40:00,16:59:00,10,LOW
TRN-12022,Synthetic Corridor Freight 22,FREIGHT,SEC-AWR-BKI,2025-02-17,17:01:00,18:12:00,17:12:00,18:23:00,11,LOW
TRN-12022,Synthetic Corridor Freight 22,FREIGHT,SEC-BKI-JP,2025-02-17,18:24:00,19:52:00,18:35:00,20:04:00,12,LOW
TRN-12023,Synthetic Corridor Freight 23,FREIGHT,SEC-NDLS-RE,2025-02-17,14:24:00,15:46:00,14:28:00,15:52:00,6,LOW
TRN-12023,Synthetic Corridor Freight 23,FREIGHT,SEC-RE-AWR,2025-02-17,15:58:00,17:16:00,16:04:00,17:24:00,8,LOW
TRN-12023,Synthetic Corridor Freight 23,FREIGHT,SEC-AWR-BKI,2025-02-17,17:28:00,18:39:00,17:36:00,18:50:00,11,LOW
TRN-12023,Synthetic Corridor Freight 23,FREIGHT,SEC-BKI-JP,2025-02-17,18:51:00,20:19:00,19:03:00,20:31:00,12,LOW
TRN-12001,Synthetic Corridor Express 01,EXPRESS,SEC-NDLS-RE,2025-02-18,04:30:00,05:22:00,04:32:00,05:24:00,2,HIGH
TRN-12001,Synthetic Corridor Express 01,EXPRESS,SEC-RE-AWR,2025-02-18,05:28:00,06:18:00,05:30:00,06:21:00,3,HIGH
TRN-12001,Synthetic Corridor Express 01,EXPRESS,SEC-AWR-BKI,2025-02-18,06:24:00,07:09:00,06:27:00,07:13:00,4,HIGH
TRN-12001,Synthetic Corridor Express 01,EXPRESS,SEC-BKI-JP,2025-02-18,07:15:00,08:10:00,07:19:00,08:14:00,4,HIGH
TRN-12002,Synthetic Corridor Express 02,EXPRESS,SEC-NDLS-RE,2025-02-18,04:57:00,05:49:00,04:58:00,05:50:00,1,HIGH
TRN-12002,Synthetic Corridor Express 02,EXPRESS,SEC-RE-AWR,2025-02-18,05:55:00,06:45:00,05:56:00,06:46:00,1,HIGH
TRN-12002,Synthetic Corridor Express 02,EXPRESS,SEC-AWR-BKI,2025-02-18,06:51:00,07:36:00,06:52:00,07:38:00,2,HIGH
TRN-12002,Synthetic Corridor Express 02,EXPRESS,SEC-BKI-JP,2025-02-18,07:42:00,08:37:00,07:44:00,08:39:00,2,HIGH
TRN-12004,Synthetic Corridor Express 04,EXPRESS,SEC-NDLS-RE,2025-02-18,05:51:00,06:43:00,05:53:00,06:45:00,2,HIGH
TRN-12004,Synthetic Corridor Express 04,EXPRESS,SEC-RE-AWR,2025-02-18,06:49:00,07:39:00,06:51:00,07:41:00,2,HIGH
TRN-12004,Synthetic Corridor Express 04,EXPRESS,SEC-AWR-BKI,2025-02-18,07:45:00,08:30:00,07:47:00,08:32:00,2,HIGH
TRN-12004,Synthetic Corridor Express 04,EXPRESS,SEC-BKI-JP,2025-02-18,08:36:00,09:31:00,08:38:00,09:33:00,2,HIGH
TRN-12005,Synthetic Corridor Express 05,EXPRESS,SEC-NDLS-RE,2025-02-18,06:18:00,07:10:00,06:19:00,07:11:00,1,HIGH
TRN-12005,Synthetic Corridor Express 05,EXPRESS,SEC-RE-AWR,2025-02-18,07:16:00,08:06:00,07:17:00,08:07:00,1,HIGH
TRN-12005,Synthetic Corridor Express 05,EXPRESS,SEC-AWR-BKI,2025-02-18,08:12:00,08:57:00,08:13:00,08:58:00,1,HIGH
TRN-12005,Synthetic Corridor Express 05,EXPRESS,SEC-BKI-JP,2025-02-18,09:03:00,09:58:00,09:04:00,09:59:00,1,HIGH
TRN-12006,Synthetic Corridor Express 06,EXPRESS,SEC-NDLS-RE,2025-02-18,06:45:00,07:37:00,06:46:00,07:39:00,2,HIGH
TRN-12006,Synthetic Corridor Express 06,EXPRESS,SEC-RE-AWR,2025-02-18,07:43:00,08:33:00,07:46:00,08:38:00,5,HIGH
TRN-12006,Synthetic Corridor Express 06,EXPRESS,SEC-AWR-BKI,2025-02-18,08:39:00,09:24:00,08:44:00,09:29:00,5,HIGH
TRN-12006,Synthetic Corridor Express 06,EXPRESS,SEC-BKI-JP,2025-02-18,09:30:00,10:25:00,09:35:00,10:30:00,5,HIGH
TRN-12008,Synthetic Corridor Express 08,EXPRESS,SEC-NDLS-RE,2025-02-18,07:39:00,08:31:00,07:48:00,08:40:00,9,HIGH
TRN-12008,Synthetic Corridor Express 08,EXPRESS,SEC-RE-AWR,2025-02-18,08:37:00,09:27:00,08:46:00,09:37:00,10,HIGH
TRN-12008,Synthetic Corridor Express 08,EXPRESS,SEC-AWR-BKI,2025-02-18,09:33:00,10:18:00,09:43:00,10:28:00,10,HIGH
TRN-12008,Synthetic Corridor Express 08,EXPRESS,SEC-BKI-JP,2025-02-18,10:24:00,11:19:00,10:34:00,11:29:00,10,HIGH
TRN-12009,Synthetic Corridor Express 09,EXPRESS,SEC-NDLS-RE,2025-02-18,08:06:00,08:58:00,08:11:00,09:05:00,7,HIGH
TRN-12009,Synthetic Corridor Express 09,EXPRESS,SEC-RE-AWR,2025-02-18,09:04:00,09:54:00,09:11:00,10:01:00,7,HIGH
TRN-12009,Synthetic Corridor Express 09,EXPRESS,SEC-AWR-BKI,2025-02-18,10:00:00,10:45:00,10:09:00,10:55:00,10,HIGH
TRN-12009,Synthetic Corridor Express 09,EXPRESS,SEC-BKI-JP,2025-02-18,10:51:00,11:46:00,11:01:00,11:59:00,13,HIGH
TRN-12010,Synthetic Corridor Express 10,EXPRESS,SEC-NDLS-RE,2025-02-18,08:33:00,09:25:00,08:38:00,09:30:00,5,HIGH
TRN-12010,Synthetic Corridor Express 10,EXPRESS,SEC-RE-AWR,2025-02-18,09:31:00,10:21:00,09:37:00,10:27:00,6,HIGH
TRN-12010,Synthetic Corridor Express 10,EXPRESS,SEC-AWR-BKI,2025-02-18,10:27:00,11:12:00,10:33:00,11:18:00,6,HIGH
TRN-12010,Synthetic Corridor Express 10,EXPRESS,SEC-BKI-JP,2025-02-18,11:18:00,12:13:00,11:24:00,12:19:00,6,HIGH
TRN-12011,Synthetic Corridor Passenger 11,PASSENGER,SEC-NDLS-RE,2025-02-18,09:00:00,10:02:00,09:07:00,10:10:00,8,MEDIUM
TRN-12011,Synthetic Corridor Passenger 11,PASSENGER,SEC-RE-AWR,2025-02-18,10:11:00,11:10:00,10:19:00,11:18:00,8,MEDIUM
TRN-12011,Synthetic Corridor Passenger 11,PASSENGER,SEC-AWR-BKI,2025-02-18,11:19:00,12:12:00,11:27:00,12:20:00,8,MEDIUM
TRN-12011,Synthetic Corridor Passenger 11,PASSENGER,SEC-BKI-JP,2025-02-18,12:21:00,13:27:00,12:29:00,13:36:00,9,MEDIUM
TRN-12012,Synthetic Corridor Passenger 12,PASSENGER,SEC-NDLS-RE,2025-02-18,09:27:00,10:29:00,09:31:00,10:36:00,7,MEDIUM
TRN-12012,Synthetic Corridor Passenger 12,PASSENGER,SEC-RE-AWR,2025-02-18,10:38:00,11:37:00,10:46:00,11:46:00,9,MEDIUM
TRN-12012,Synthetic Corridor Passenger 12,PASSENGER,SEC-AWR-BKI,2025-02-18,11:46:00,12:39:00,11:56:00,12:49:00,10,MEDIUM
TRN-12012,Synthetic Corridor Passenger 12,PASSENGER,SEC-BKI-JP,2025-02-18,12:48:00,13:54:00,13:01:00,14:07:00,13,MEDIUM
TRN-12013,Synthetic Corridor Passenger 13,PASSENGER,SEC-NDLS-RE,2025-02-18,09:54:00,10:56:00,09:55:00,10:58:00,2,MEDIUM
TRN-12013,Synthetic Corridor Passenger 13,PASSENGER,SEC-RE-AWR,2025-02-18,11:05:00,12:04:00,11:07:00,12:07:00,3,MEDIUM
TRN-12013,Synthetic Corridor Passenger 13,PASSENGER,SEC-AWR-BKI,2025-02-18,12:13:00,13:06:00,12:18:00,13:11:00,5,MEDIUM
TRN-12013,Synthetic Corridor Passenger 13,PASSENGER,SEC-BKI-JP,2025-02-18,13:15:00,14:21:00,13:20:00,14:26:00,5,MEDIUM
TRN-12014,Synthetic Corridor Passenger 14,PASSENGER,SEC-NDLS-RE,2025-02-18,10:21:00,11:23:00,10:24:00,11:27:00,4,MEDIUM
TRN-12014,Synthetic Corridor Passenger 14,PASSENGER,SEC-RE-AWR,2025-02-18,11:32:00,12:31:00,11:36:00,12:35:00,4,MEDIUM
TRN-12014,Synthetic Corridor Passenger 14,PASSENGER,SEC-AWR-BKI,2025-02-18,12:40:00,13:33:00,12:44:00,13:37:00,4,MEDIUM
TRN-12014,Synthetic Corridor Passenger 14,PASSENGER,SEC-BKI-JP,2025-02-18,13:42:00,14:48:00,13:46:00,14:53:00,5,MEDIUM
TRN-12015,Synthetic Corridor Passenger 15,PASSENGER,SEC-NDLS-RE,2025-02-18,10:48:00,11:50:00,10:48:00,11:51:00,1,MEDIUM
TRN-12015,Synthetic Corridor Passenger 15,PASSENGER,SEC-RE-AWR,2025-02-18,11:59:00,12:58:00,12:00:00,12:59:00,1,MEDIUM
TRN-12015,Synthetic Corridor Passenger 15,PASSENGER,SEC-AWR-BKI,2025-02-18,13:07:00,14:00:00,13:08:00,14:01:00,1,MEDIUM
TRN-12015,Synthetic Corridor Passenger 15,PASSENGER,SEC-BKI-JP,2025-02-18,14:09:00,15:15:00,14:11:00,15:18:00,3,MEDIUM
TRN-12016,Synthetic Corridor Passenger 16,PASSENGER,SEC-NDLS-RE,2025-02-18,11:15:00,12:17:00,11:17:00,12:19:00,2,MEDIUM
TRN-12016,Synthetic Corridor Passenger 16,PASSENGER,SEC-RE-AWR,2025-02-18,12:26:00,13:25:00,12:28:00,13:27:00,2,MEDIUM
TRN-12016,Synthetic Corridor Passenger 16,PASSENGER,SEC-AWR-BKI,2025-02-18,13:34:00,14:27:00,13:36:00,14:31:00,4,MEDIUM
TRN-12016,Synthetic Corridor Passenger 16,PASSENGER,SEC-BKI-JP,2025-02-18,14:36:00,15:42:00,14:41:00,15:47:00,5,MEDIUM
TRN-12017,Synthetic Corridor Passenger 17,PASSENGER,SEC-NDLS-RE,2025-02-18,11:42:00,12:44:00,11:43:00,12:45:00,1,MEDIUM
TRN-12017,Synthetic Corridor Passenger 17,PASSENGER,SEC-RE-AWR,2025-02-18,12:53:00,13:52:00,12:54:00,13:53:00,1,MEDIUM
TRN-12017,Synthetic Corridor Passenger 17,PASSENGER,SEC-AWR-BKI,2025-02-18,14:01:00,14:54:00,14:02:00,14:56:00,2,MEDIUM
TRN-12017,Synthetic Corridor Passenger 17,PASSENGER,SEC-BKI-JP,2025-02-18,15:03:00,16:09:00,15:05:00,16:11:00,2,MEDIUM
TRN-12018,Synthetic Corridor Passenger 18,PASSENGER,SEC-NDLS-RE,2025-02-18,12:09:00,13:11:00,12:11:00,13:14:00,3,MEDIUM
TRN-12018,Synthetic Corridor Passenger 18,PASSENGER,SEC-RE-AWR,2025-02-18,13:20:00,14:19:00,13:23:00,14:22:00,3,MEDIUM
TRN-12018,Synthetic Corridor Passenger 18,PASSENGER,SEC-AWR-BKI,2025-02-18,14:28:00,15:21:00,14:31:00,15:24:00,3,MEDIUM
TRN-12018,Synthetic Corridor Passenger 18,PASSENGER,SEC-BKI-JP,2025-02-18,15:30:00,16:36:00,15:33:00,16:42:00,6,MEDIUM
TRN-12020,Synthetic Corridor Freight 20,FREIGHT,SEC-NDLS-RE,2025-02-18,13:03:00,14:25:00,13:04:00,14:28:00,3,LOW
TRN-12020,Synthetic Corridor Freight 20,FREIGHT,SEC-RE-AWR,2025-02-18,14:37:00,15:55:00,14:40:00,15:58:00,3,LOW
TRN-12020,Synthetic Corridor Freight 20,FREIGHT,SEC-AWR-BKI,2025-02-18,16:07:00,17:18:00,16:11:00,17:23:00,5,LOW
TRN-12020,Synthetic Corridor Freight 20,FREIGHT,SEC-BKI-JP,2025-02-18,17:30:00,18:58:00,17:35:00,19:03:00,5,LOW
TRN-12021,Synthetic Corridor Freight 21,FREIGHT,SEC-NDLS-RE,2025-02-18,13:30:00,14:52:00,13:34:00,14:56:00,4,LOW
TRN-12021,Synthetic Corridor Freight 21,FREIGHT,SEC-RE-AWR,2025-02-18,15:04:00,16:22:00,15:08:00,16:26:00,4,LOW
TRN-12021,Synthetic Corridor Freight 21,FREIGHT,SEC-AWR-BKI,2025-02-18,16:34:00,17:45:00,16:38:00,17:51:00,6,LOW
TRN-12021,Synthetic Corridor Freight 21,FREIGHT,SEC-BKI-JP,2025-02-18,17:57:00,19:25:00,18:05:00,19:33:00,8,LOW
TRN-12022,Synthetic Corridor Freight 22,FREIGHT,SEC-NDLS-RE,2025-02-18,13:57:00,15:19:00,13:59:00,15:21:00,2,LOW
TRN-12022,Synthetic Corridor Freight 22,FREIGHT,SEC-RE-AWR,2025-02-18,15:31:00,16:49:00,15:33:00,16:52:00,3,LOW
TRN-12022,Synthetic Corridor Freight 22,FREIGHT,SEC-AWR-BKI,2025-02-18,17:01:00,18:12:00,17:04:00,18:17:00,5,LOW
TRN-12022,Synthetic Corridor Freight 22,FREIGHT,SEC-BKI-JP,2025-02-18,18:24:00,19:52:00,18:30:00,19:58:00,6,LOW
TRN-12024,Synthetic Corridor Freight 24,FREIGHT,SEC-NDLS-RE,2025-02-18,14:51:00,16:13:00,14:57:00,16:23:00,10,LOW
TRN-12024,Synthetic Corridor Freight 24,FREIGHT,SEC-RE-AWR,2025-02-18,16:25:00,17:43:00,16:35:00,17:53:00,10,LOW
TRN-12024,Synthetic Corridor Freight 24,FREIGHT,SEC-AWR-BKI,2025-02-18,17:55:00,19:06:00,18:05:00,19:17:00,11,LOW
TRN-12024,Synthetic Corridor Freight 24,FREIGHT,SEC-BKI-JP,2025-02-18,19:18:00,20:46:00,19:30:00,20:58:00,12,LOW
TRN-12001,Synthetic Corridor Express 01,EXPRESS,SEC-NDLS-RE,2025-02-19,04:30:00,05:22:00,04:34:00,05:26:00,4,HIGH
TRN-12001,Synthetic Corridor Express 01,EXPRESS,SEC-RE-AWR,2025-02-19,05:28:00,06:18:00,05:32:00,06:24:00,6,HIGH
TRN-12001,Synthetic Corridor Express 01,EXPRESS,SEC-AWR-BKI,2025-02-19,06:24:00,07:09:00,06:30:00,07:16:00,7,HIGH
TRN-12001,Synthetic Corridor Express 01,EXPRESS,SEC-BKI-JP,2025-02-19,07:15:00,08:10:00,07:22:00,08:18:00,8,HIGH
TRN-12002,Synthetic Corridor Express 02,EXPRESS,SEC-NDLS-RE,2025-02-19,04:57:00,05:49:00,05:00:00,05:52:00,3,HIGH
TRN-12002,Synthetic Corridor Express 02,EXPRESS,SEC-RE-AWR,2025-02-19,05:55:00,06:45:00,05:58:00,06:48:00,3,HIGH
TRN-12002,Synthetic Corridor Express 02,EXPRESS,SEC-AWR-BKI,2025-02-19,06:51:00,07:36:00,06:54:00,07:39:00,3,HIGH
TRN-12002,Synthetic Corridor Express 02,EXPRESS,SEC-BKI-JP,2025-02-19,07:42:00,08:37:00,07:45:00,08:41:00,4,HIGH
TRN-12003,Synthetic Corridor Express 03,EXPRESS,SEC-NDLS-RE,2025-02-19,05:24:00,06:16:00,05:27:00,06:19:00,3,HIGH
TRN-12003,Synthetic Corridor Express 03,EXPRESS,SEC-RE-AWR,2025-02-19,06:22:00,07:12:00,06:26:00,07:16:00,4,HIGH
TRN-12003,Synthetic Corridor Express 03,EXPRESS,SEC-AWR-BKI,2025-02-19,07:18:00,08:03:00,07:22:00,08:07:00,4,HIGH
TRN-12003,Synthetic Corridor Express 03,EXPRESS,SEC-BKI-JP,2025-02-19,08:09:00,09:04:00,08:13:00,09:08:00,4,HIGH
TRN-12005,Synthetic Corridor Express 05,EXPRESS,SEC-NDLS-RE,2025-02-19,06:18:00,07:10:00,06:20:00,07:13:00,3,HIGH
TRN-12005,Synthetic Corridor Express 05,EXPRESS,SEC-RE-AWR,2025-02-19,07:16:00,08:06:00,07:19:00,08:09:00,3,HIGH
TRN-12005,Synthetic Corridor Express 05,EXPRESS,SEC-AWR-BKI,2025-02-19,08:12:00,08:57:00,08:15:00,09:00:00,3,HIGH
TRN-12005,Synthetic Corridor Express 05,EXPRESS,SEC-BKI-JP,2025-02-19,09:03:00,09:58:00,09:07:00,10:03:00,5,HIGH
TRN-12006,Synthetic Corridor Express 06,EXPRESS,SEC-NDLS-RE,2025-02-19,06:45:00,07:37:00,06:48:00,07:40:00,3,HIGH
TRN-12006,Synthetic Corridor Express 06,EXPRESS,SEC-RE-AWR,2025-02-19,07:43:00,08:33:00,07:46:00,08:36:00,3,HIGH
TRN-12006,Synthetic Corridor Express 06,EXPRESS,SEC-AWR-BKI,2025-02-19,08:39:00,09:24:00,08:42:00,09:27:00,3,HIGH
TRN-12006,Synthetic Corridor Express 06,EXPRESS,SEC-BKI-JP,2025-02-19,09:30:00,10:25:00,09:33:00,10:29:00,4,HIGH
TRN-12007,Synthetic Corridor Express 07,EXPRESS,SEC-NDLS-RE,2025-02-19,07:12:00,08:04:00,07:15:00,08:07:00,3,HIGH
TRN-12007,Synthetic Corridor Express 07,EXPRESS,SEC-RE-AWR,2025-02-19,08:10:00,09:00:00,08:13:00,09:03:00,3,HIGH
TRN-12007,Synthetic Corridor Express 07,EXPRESS,SEC-AWR-BKI,2025-02-19,09:06:00,09:51:00,09:11:00,09:56:00,5,HIGH
TRN-12007,Synthetic Corridor Express 07,EXPRESS,SEC-BKI-JP,2025-02-19,09:57:00,10:52:00,10:03:00,10:59:00,7,HIGH
TRN-12009,Synthetic Corridor Express 09,EXPRESS,SEC-NDLS-RE,2025-02-19,08:06:00,08:58:00,08:09:00,09:02:00,4,HIGH
TRN-12009,Synthetic Corridor Express 09,EXPRESS,SEC-RE-AWR,2025-02-19,09:04:00,09:54:00,09:08:00,09:58:00,4,HIGH
TRN-12009,Synthetic Corridor Express 09,EXPRESS,SEC-AWR-BKI,2025-02-19,10:00:00,10:45:00,10:04:00,10:50:00,5,HIGH
TRN-12009,Synthetic Corridor Express 09,EXPRESS,SEC-BKI-JP,2025-02-19,10:51:00,11:46:00,10:56:00,11:51:00,5,HIGH
TRN-12010,Synthetic Corridor Express 10,EXPRESS,SEC-NDLS-RE,2025-02-19,08:33:00,09:25:00,08:38:00,09:31:00,6,HIGH
TRN-12010,Synthetic Corridor Express 10,EXPRESS,SEC-RE-AWR,2025-02-19,09:31:00,10:21:00,09:38:00,10:28:00,7,HIGH
TRN-12010,Synthetic Corridor Express 10,EXPRESS,SEC-AWR-BKI,2025-02-19,10:27:00,11:12:00,10:34:00,11:19:00,7,HIGH
TRN-12010,Synthetic Corridor Express 10,EXPRESS,SEC-BKI-JP,2025-02-19,11:18:00,12:13:00,11:25:00,12:21:00,8,HIGH
TRN-12011,Synthetic Corridor Passenger 11,PASSENGER,SEC-NDLS-RE,2025-02-19,09:00:00,10:02:00,09:01:00,10:03:00,1,MEDIUM
TRN-12011,Synthetic Corridor Passenger 11,PASSENGER,SEC-RE-AWR,2025-02-19,10:11:00,11:10:00,10:12:00,11:11:00,1,MEDIUM
TRN-12011,Synthetic Corridor Passenger 11,PASSENGER,SEC-AWR-BKI,2025-02-19,11:19:00,12:12:00,11:22:00,12:16:00,4,MEDIUM
TRN-12011,Synthetic Corridor Passenger 11,PASSENGER,SEC-BKI-JP,2025-02-19,12:21:00,13:27:00,12:25:00,13:33:00,6,MEDIUM
TRN-12012,Synthetic Corridor Passenger 12,PASSENGER,SEC-NDLS-RE,2025-02-19,09:27:00,10:29:00,09:31:00,10:35:00,6,MEDIUM
TRN-12012,Synthetic Corridor Passenger 12,PASSENGER,SEC-RE-AWR,2025-02-19,10:38:00,11:37:00,10:46:00,11:45:00,8,MEDIUM
TRN-12012,Synthetic Corridor Passenger 12,PASSENGER,SEC-AWR-BKI,2025-02-19,11:46:00,12:39:00,11:56:00,12:51:00,12,MEDIUM
TRN-12012,Synthetic Corridor Passenger 12,PASSENGER,SEC-BKI-JP,2025-02-19,12:48:00,13:54:00,13:00:00,14:06:00,12,MEDIUM
TRN-12013,Synthetic Corridor Passenger 13,PASSENGER,SEC-NDLS-RE,2025-02-19,09:54:00,10:56:00,09:55:00,10:57:00,1,MEDIUM
TRN-12013,Synthetic Corridor Passenger 13,PASSENGER,SEC-RE-AWR,2025-02-19,11:05:00,12:04:00,11:06:00,12:05:00,1,MEDIUM
TRN-12013,Synthetic Corridor Passenger 13,PASSENGER,SEC-AWR-BKI,2025-02-19,12:13:00,13:06:00,12:15:00,13:09:00,3,MEDIUM
TRN-12013,Synthetic Corridor Passenger 13,PASSENGER,SEC-BKI-JP,2025-02-19,13:15:00,14:21:00,13:19:00,14:25:00,4,MEDIUM
TRN-12014,Synthetic Corridor Passenger 14,PASSENGER,SEC-NDLS-RE,2025-02-19,10:21:00,11:23:00,10:25:00,11:28:00,5,MEDIUM
TRN-12014,Synthetic Corridor Passenger 14,PASSENGER,SEC-RE-AWR,2025-02-19,11:32:00,12:31:00,11:38:00,12:38:00,7,MEDIUM
TRN-12014,Synthetic Corridor Passenger 14,PASSENGER,SEC-AWR-BKI,2025-02-19,12:40:00,13:33:00,12:47:00,13:41:00,8,MEDIUM
TRN-12014,Synthetic Corridor Passenger 14,PASSENGER,SEC-BKI-JP,2025-02-19,13:42:00,14:48:00,13:51:00,14:57:00,9,MEDIUM
TRN-12015,Synthetic Corridor Passenger 15,PASSENGER,SEC-NDLS-RE,2025-02-19,10:48:00,11:50:00,10:52:00,11:55:00,5,MEDIUM
TRN-12015,Synthetic Corridor Passenger 15,PASSENGER,SEC-RE-AWR,2025-02-19,11:59:00,12:58:00,12:04:00,13:03:00,5,MEDIUM
TRN-12015,Synthetic Corridor Passenger 15,PASSENGER,SEC-AWR-BKI,2025-02-19,13:07:00,14:00:00,13:12:00,14:07:00,7,MEDIUM
TRN-12015,Synthetic Corridor Passenger 15,PASSENGER,SEC-BKI-JP,2025-02-19,14:09:00,15:15:00,14:16:00,15:22:00,7,MEDIUM
TRN-12016,Synthetic Corridor Passenger 16,PASSENGER,SEC-NDLS-RE,2025-02-19,11:15:00,12:17:00,11:17:00,12:19:00,2,MEDIUM
TRN-12016,Synthetic Corridor Passenger 16,PASSENGER,SEC-RE-AWR,2025-02-19,12:26:00,13:25:00,12:29:00,13:28:00,3,MEDIUM
TRN-12016,Synthetic Corridor Passenger 16,PASSENGER,SEC-AWR-BKI,2025-02-19,13:34:00,14:27:00,13:39:00,14:33:00,6,MEDIUM
TRN-12016,Synthetic Corridor Passenger 16,PASSENGER,SEC-BKI-JP,2025-02-19,14:36:00,15:42:00,14:42:00,15:48:00,6,MEDIUM
TRN-12017,Synthetic Corridor Passenger 17,PASSENGER,SEC-NDLS-RE,2025-02-19,11:42:00,12:44:00,11:44:00,12:46:00,2,MEDIUM
TRN-12017,Synthetic Corridor Passenger 17,PASSENGER,SEC-RE-AWR,2025-02-19,12:53:00,13:52:00,12:55:00,13:54:00,2,MEDIUM
TRN-12017,Synthetic Corridor Passenger 17,PASSENGER,SEC-AWR-BKI,2025-02-19,14:01:00,14:54:00,14:03:00,14:57:00,3,MEDIUM
TRN-12017,Synthetic Corridor Passenger 17,PASSENGER,SEC-BKI-JP,2025-02-19,15:03:00,16:09:00,15:06:00,16:12:00,3,MEDIUM
TRN-12018,Synthetic Corridor Passenger 18,PASSENGER,SEC-NDLS-RE,2025-02-19,12:09:00,13:11:00,12:13:00,13:16:00,5,MEDIUM
TRN-12018,Synthetic Corridor Passenger 18,PASSENGER,SEC-RE-AWR,2025-02-19,13:20:00,14:19:00,13:26:00,14:25:00,6,MEDIUM
TRN-12018,Synthetic Corridor Passenger 18,PASSENGER,SEC-AWR-BKI,2025-02-19,14:28:00,15:21:00,14:34:00,15:27:00,6,MEDIUM
TRN-12018,Synthetic Corridor Passenger 18,PASSENGER,SEC-BKI-JP,2025-02-19,15:30:00,16:36:00,15:37:00,16:43:00,7,MEDIUM
TRN-12019,Synthetic Corridor Freight 19,FREIGHT,SEC-NDLS-RE,2025-02-19,12:36:00,13:58:00,12:39:00,14:01:00,3,LOW
TRN-12019,Synthetic Corridor Freight 19,FREIGHT,SEC-RE-AWR,2025-02-19,14:10:00,15:28:00,14:14:00,15:32:00,4,LOW
TRN-12019,Synthetic Corridor Freight 19,FREIGHT,SEC-AWR-BKI,2025-02-19,15:40:00,16:51:00,15:44:00,16:57:00,6,LOW
TRN-12019,Synthetic Corridor Freight 19,FREIGHT,SEC-BKI-JP,2025-02-19,17:03:00,18:31:00,17:09:00,18:37:00,6,LOW
TRN-12021,Synthetic Corridor Freight 21,FREIGHT,SEC-NDLS-RE,2025-02-19,13:30:00,14:52:00,13:33:00,14:58:00,6,LOW
TRN-12021,Synthetic Corridor Freight 21,FREIGHT,SEC-RE-AWR,2025-02-19,15:04:00,16:22:00,15:10:00,16:29:00,7,LOW
TRN-12021,Synthetic Corridor Freight 21,FREIGHT,SEC-AWR-BKI,2025-02-19,16:34:00,17:45:00,16:41:00,17:52:00,7,LOW
TRN-12021,Synthetic Corridor Freight 21,FREIGHT,SEC-BKI-JP,2025-02-19,17:57:00,19:25:00,18:05:00,19:33:00,8,LOW
TRN-12022,Synthetic Corridor Freight 22,FREIGHT,SEC-NDLS-RE,2025-02-19,13:57:00,15:19:00,14:00:00,15:23:00,4,LOW
TRN-12022,Synthetic Corridor Freight 22,FREIGHT,SEC-RE-AWR,2025-02-19,15:31:00,16:49:00,15:35:00,16:55:00,6,LOW
TRN-12022,Synthetic Corridor Freight 22,FREIGHT,SEC-AWR-BKI,2025-02-19,17:01:00,18:12:00,17:07:00,18:21:00,9,LOW
TRN-12022,Synthetic Corridor Freight 22,FREIGHT,SEC-BKI-JP,2025-02-19,18:24:00,19:52:00,18:33:00,20:02:00,10,LOW
TRN-12023,Synthetic Corridor Freight 23,FREIGHT,SEC-NDLS-RE,2025-02-19,14:24:00,15:46:00,14:25:00,15:47:00,1,LOW
TRN-12023,Synthetic Corridor Freight 23,FREIGHT,SEC-RE-AWR,2025-02-19,15:58:00,17:16:00,15:59:00,17:17:00,1,LOW
TRN-12023,Synthetic Corridor Freight 23,FREIGHT,SEC-AWR-BKI,2025-02-19,17:28:00,18:39:00,17:29:00,18:41:00,2,LOW
TRN-12023,Synthetic Corridor Freight 23,FREIGHT,SEC-BKI-JP,2025-02-19,18:51:00,20:19:00,18:53:00,20:21:00,2,LOW
TRN-12001,Synthetic Corridor Express 01,EXPRESS,SEC-NDLS-RE,2025-02-20,04:30:00,05:22:00,04:35:00,05:28:00,6,HIGH
TRN-12001,Synthetic Corridor Express 01,EXPRESS,SEC-RE-AWR,2025-02-20,05:28:00,06:18:00,05:34:00,06:24:00,6,HIGH
TRN-12001,Synthetic Corridor Express 01,EXPRESS,SEC-AWR-BKI,2025-02-20,06:24:00,07:09:00,06:30:00,07:16:00,7,HIGH
TRN-12001,Synthetic Corridor Express 01,EXPRESS,SEC-BKI-JP,2025-02-20,07:15:00,08:10:00,07:22:00,08:17:00,7,HIGH
TRN-12002,Synthetic Corridor Express 02,EXPRESS,SEC-NDLS-RE,2025-02-20,04:57:00,05:49:00,05:00:00,05:52:00,3,HIGH
TRN-12002,Synthetic Corridor Express 02,EXPRESS,SEC-RE-AWR,2025-02-20,05:55:00,06:45:00,05:59:00,06:49:00,4,HIGH
TRN-12002,Synthetic Corridor Express 02,EXPRESS,SEC-AWR-BKI,2025-02-20,06:51:00,07:36:00,06:55:00,07:40:00,4,HIGH
TRN-12002,Synthetic Corridor Express 02,EXPRESS,SEC-BKI-JP,2025-02-20,07:42:00,08:37:00,07:46:00,08:41:00,4,HIGH
TRN-12004,Synthetic Corridor Express 04,EXPRESS,SEC-NDLS-RE,2025-02-20,05:51:00,06:43:00,05:54:00,06:46:00,3,HIGH
TRN-12004,Synthetic Corridor Express 04,EXPRESS,SEC-RE-AWR,2025-02-20,06:49:00,07:39:00,06:52:00,07:44:00,5,HIGH
TRN-12004,Synthetic Corridor Express 04,EXPRESS,SEC-AWR-BKI,2025-02-20,07:45:00,08:30:00,07:51:00,08:37:00,7,HIGH
TRN-12004,Synthetic Corridor Express 04,EXPRESS,SEC-BKI-JP,2025-02-20,08:36:00,09:31:00,08:43:00,09:38:00,7,HIGH
TRN-12005,Synthetic Corridor Express 05,EXPRESS,SEC-NDLS-RE,2025-02-20,06:18:00,07:10:00,06:21:00,07:13:00,3,HIGH
TRN-12005,Synthetic Corridor Express 05,EXPRESS,SEC-RE-AWR,2025-02-20,07:16:00,08:06:00,07:20:00,08:10:00,4,HIGH
TRN-12005,Synthetic Corridor Express 05,EXPRESS,SEC-AWR-BKI,2025-02-20,08:12:00,08:57:00,08:16:00,09:01:00,4,HIGH
TRN-12005,Synthetic Corridor Express 05,EXPRESS,SEC-BKI-JP,2025-02-20,09:03:00,09:58:00,09:07:00,10:02:00,4,HIGH
TRN-12006,Synthetic Corridor Express 06,EXPRESS,SEC-NDLS-RE,2025-02-20,06:45:00,07:37:00,06:49:00,07:44:00,7,HIGH
TRN-12006,Synthetic Corridor Express 06,EXPRESS,SEC-RE-AWR,2025-02-20,07:43:00,08:33:00,07:50:00,08:40:00,7,HIGH
TRN-12006,Synthetic Corridor Express 06,EXPRESS,SEC-AWR-BKI,2025-02-20,08:39:00,09:24:00,08:47:00,09:34:00,10,HIGH
TRN-12006,Synthetic Corridor Express 06,EXPRESS,SEC-BKI-JP,2025-02-20,09:30:00,10:25:00,09:40:00,10:36:00,11,HIGH
TRN-12008,Synthetic Corridor Express 08,EXPRESS,SEC-NDLS-RE,2025-02-20,07:39:00,08:31:00,07:43:00,08:36:00,5,HIGH
TRN-12008,Synthetic Corridor Express 08,EXPRESS,SEC-RE-AWR,2025-02-20,08:37:00,09:27:00,08:42:00,09:32:00,5,HIGH
TRN-12008,Synthetic Corridor Express 08,EXPRESS,SEC-AWR-BKI,2025-02-20,09:33:00,10:18:00,09:38:00,10:23:00,5,HIGH
TRN-12008,Synthetic Corridor Express 08,EXPRESS,SEC-BKI-JP,2025-02-20,10:24:00,11:19:00,10:29:00,11:25:00,6,HIGH
TRN-12009,Synthetic Corridor Express 09,EXPRESS,SEC-NDLS-RE,2025-02-20,08:06:00,08:58:00,08:12:00,09:04:00,6,HIGH
TRN-12009,Synthetic Corridor Express 09,EXPRESS,SEC-RE-AWR,2025-02-20,09:04:00,09:54:00,09:11:00,10:01:00,7,HIGH
TRN-12009,Synthetic Corridor Express 09,EXPRESS,SEC-AWR-BKI,2025-02-20,10:00:00,10:45:00,10:08:00,10:53:00,8,HIGH
TRN-12009,Synthetic Corridor Express 09,EXPRESS,SEC-BKI-JP,2025-02-20,10:51:00,11:46:00,10:59:00,11:54:00,8,HIGH
TRN-12010,Synthetic Corridor Express 10,EXPRESS,SEC-NDLS-RE,2025-02-20,08:33:00,09:25:00,08:39:00,09:32:00,7,HIGH
TRN-12010,Synthetic Corridor Express 10,EXPRESS,SEC-RE-AWR,2025-02-20,09:31:00,10:21:00,09:39:00,10:29:00,8,HIGH
TRN-12010,Synthetic Corridor Express 10,EXPRESS,SEC-AWR-BKI,2025-02-20,10:27:00,11:12:00,10:35:00,11:21:00,9,HIGH
TRN-12010,Synthetic Corridor Express 10,EXPRESS,SEC-BKI-JP,2025-02-20,11:18:00,12:13:00,11:28:00,12:24:00,11,HIGH
TRN-12011,Synthetic Corridor Passenger 11,PASSENGER,SEC-NDLS-RE,2025-02-20,09:00:00,10:02:00,09:11:00,10:15:00,13,MEDIUM
TRN-12011,Synthetic Corridor Passenger 11,PASSENGER,SEC-RE-AWR,2025-02-20,10:11:00,11:10:00,10:24:00,11:25:00,15,MEDIUM
TRN-12011,Synthetic Corridor Passenger 11,PASSENGER,SEC-AWR-BKI,2025-02-20,11:19:00,12:12:00,11:35:00,12:28:00,16,MEDIUM
TRN-12011,Synthetic Corridor Passenger 11,PASSENGER,SEC-BKI-JP,2025-02-20,12:21:00,13:27:00,12:38:00,13:46:00,19,MEDIUM
TRN-12012,Synthetic Corridor Passenger 12,PASSENGER,SEC-NDLS-RE,2025-02-20,09:27:00,10:29:00,09:34:00,10:37:00,8,MEDIUM
TRN-12012,Synthetic Corridor Passenger 12,PASSENGER,SEC-RE-AWR,2025-02-20,10:38:00,11:37:00,10:46:00,11:49:00,12,MEDIUM
TRN-12012,Synthetic Corridor Passenger 12,PASSENGER,SEC-AWR-BKI,2025-02-20,11:46:00,12:39:00,11:58:00,12:52:00,13,MEDIUM
TRN-12012,Synthetic Corridor Passenger 12,PASSENGER,SEC-BKI-JP,2025-02-20,12:48:00,13:54:00,13:01:00,14:08:00,14,MEDIUM
TRN-12013,Synthetic Corridor Passenger 13,PASSENGER,SEC-NDLS-RE,2025-02-20,09:54:00,10:56:00,09:58:00,11:02:00,6,MEDIUM
TRN-12013,Synthetic Corridor Passenger 13,PASSENGER,SEC-RE-AWR,2025-02-20,11:05:00,12:04:00,11:11:00,12:11:00,7,MEDIUM
TRN-12013,Synthetic Corridor Passenger 13,PASSENGER,SEC-AWR-BKI,2025-02-20,12:13:00,13:06:00,12:20:00,13:13:00,7,MEDIUM
TRN-12013,Synthetic Corridor Passenger 13,PASSENGER,SEC-BKI-JP,2025-02-20,13:15:00,14:21:00,13:22:00,14:28:00,7,MEDIUM
TRN-12014,Synthetic Corridor Passenger 14,PASSENGER,SEC-NDLS-RE,2025-02-20,10:21:00,11:23:00,10:25:00,11:28:00,5,MEDIUM
TRN-12014,Synthetic Corridor Passenger 14,PASSENGER,SEC-RE-AWR,2025-02-20,11:32:00,12:31:00,11:37:00,12:37:00,6,MEDIUM
TRN-12014,Synthetic Corridor Passenger 14,PASSENGER,SEC-AWR-BKI,2025-02-20,12:40:00,13:33:00,12:47:00,13:40:00,7,MEDIUM
TRN-12014,Synthetic Corridor Passenger 14,PASSENGER,SEC-BKI-JP,2025-02-20,13:42:00,14:48:00,13:49:00,14:56:00,8,MEDIUM
TRN-12015,Synthetic Corridor Passenger 15,PASSENGER,SEC-NDLS-RE,2025-02-20,10:48:00,11:50:00,10:49:00,11:52:00,2,MEDIUM
TRN-12015,Synthetic Corridor Passenger 15,PASSENGER,SEC-RE-AWR,2025-02-20,11:59:00,12:58:00,12:01:00,13:02:00,4,MEDIUM
TRN-12015,Synthetic Corridor Passenger 15,PASSENGER,SEC-AWR-BKI,2025-02-20,13:07:00,14:00:00,13:11:00,14:04:00,4,MEDIUM
TRN-12015,Synthetic Corridor Passenger 15,PASSENGER,SEC-BKI-JP,2025-02-20,14:09:00,15:15:00,14:14:00,15:21:00,6,MEDIUM
TRN-12016,Synthetic Corridor Passenger 16,PASSENGER,SEC-NDLS-RE,2025-02-20,11:15:00,12:17:00,11:18:00,12:21:00,4,MEDIUM
TRN-12016,Synthetic Corridor Passenger 16,PASSENGER,SEC-RE-AWR,2025-02-20,12:26:00,13:25:00,12:31:00,13:31:00,6,MEDIUM
TRN-12016,Synthetic Corridor Passenger 16,PASSENGER,SEC-AWR-BKI,2025-02-20,13:34:00,14:27:00,13:40:00,14:35:00,8,MEDIUM
TRN-12016,Synthetic Corridor Passenger 16,PASSENGER,SEC-BKI-JP,2025-02-20,14:36:00,15:42:00,14:44:00,15:51:00,9,MEDIUM
TRN-12017,Synthetic Corridor Passenger 17,PASSENGER,SEC-NDLS-RE,2025-02-20,11:42:00,12:44:00,11:43:00,12:47:00,3,MEDIUM
TRN-12017,Synthetic Corridor Passenger 17,PASSENGER,SEC-RE-AWR,2025-02-20,12:53:00,13:52:00,12:56:00,13:55:00,3,MEDIUM
TRN-12017,Synthetic Corridor Passenger 17,PASSENGER,SEC-AWR-BKI,2025-02-20,14:01:00,14:54:00,14:04:00,14:59:00,5,MEDIUM
TRN-12017,Synthetic Corridor Passenger 17,PASSENGER,SEC-BKI-JP,2025-02-20,15:03:00,16:09:00,15:09:00,16:16:00,7,MEDIUM
TRN-12018,Synthetic Corridor Passenger 18,PASSENGER,SEC-NDLS-RE,2025-02-20,12:09:00,13:11:00,12:12:00,13:15:00,4,MEDIUM
TRN-12018,Synthetic Corridor Passenger 18,PASSENGER,SEC-RE-AWR,2025-02-20,13:20:00,14:19:00,13:24:00,14:24:00,5,MEDIUM
TRN-12018,Synthetic Corridor Passenger 18,PASSENGER,SEC-AWR-BKI,2025-02-20,14:28:00,15:21:00,14:33:00,15:27:00,6,MEDIUM
TRN-12018,Synthetic Corridor Passenger 18,PASSENGER,SEC-BKI-JP,2025-02-20,15:30:00,16:36:00,15:37:00,16:44:00,8,MEDIUM
TRN-12020,Synthetic Corridor Freight 20,FREIGHT,SEC-NDLS-RE,2025-02-20,13:03:00,14:25:00,13:08:00,14:31:00,6,LOW
TRN-12020,Synthetic Corridor Freight 20,FREIGHT,SEC-RE-AWR,2025-02-20,14:37:00,15:55:00,14:43:00,16:02:00,7,LOW
TRN-12020,Synthetic Corridor Freight 20,FREIGHT,SEC-AWR-BKI,2025-02-20,16:07:00,17:18:00,16:14:00,17:26:00,8,LOW
TRN-12020,Synthetic Corridor Freight 20,FREIGHT,SEC-BKI-JP,2025-02-20,17:30:00,18:58:00,17:40:00,19:08:00,10,LOW
TRN-12021,Synthetic Corridor Freight 21,FREIGHT,SEC-NDLS-RE,2025-02-20,13:30:00,14:52:00,13:34:00,14:58:00,6,LOW
TRN-12021,Synthetic Corridor Freight 21,FREIGHT,SEC-RE-AWR,2025-02-20,15:04:00,16:22:00,15:10:00,16:30:00,8,LOW
TRN-12021,Synthetic Corridor Freight 21,FREIGHT,SEC-AWR-BKI,2025-02-20,16:34:00,17:45:00,16:42:00,17:53:00,8,LOW
TRN-12021,Synthetic Corridor Freight 21,FREIGHT,SEC-BKI-JP,2025-02-20,17:57:00,19:25:00,18:05:00,19:33:00,8,LOW
TRN-12022,Synthetic Corridor Freight 22,FREIGHT,SEC-NDLS-RE,2025-02-20,13:57:00,15:19:00,14:00:00,15:23:00,4,LOW
TRN-12022,Synthetic Corridor Freight 22,FREIGHT,SEC-RE-AWR,2025-02-20,15:31:00,16:49:00,15:35:00,16:54:00,5,LOW
TRN-12022,Synthetic Corridor Freight 22,FREIGHT,SEC-AWR-BKI,2025-02-20,17:01:00,18:12:00,17:06:00,18:19:00,7,LOW
TRN-12022,Synthetic Corridor Freight 22,FREIGHT,SEC-BKI-JP,2025-02-20,18:24:00,19:52:00,18:31:00,19:59:00,7,LOW
TRN-12024,Synthetic Corridor Freight 24,FREIGHT,SEC-NDLS-RE,2025-02-20,14:51:00,16:13:00,14:57:00,16:19:00,6,LOW
TRN-12024,Synthetic Corridor Freight 24,FREIGHT,SEC-RE-AWR,2025-02-20,16:25:00,17:43:00,16:31:00,17:50:00,7,LOW
TRN-12024,Synthetic Corridor Freight 24,FREIGHT,SEC-AWR-BKI,2025-02-20,17:55:00,19:06:00,18:02:00,19:15:00,9,LOW
TRN-12024,Synthetic Corridor Freight 24,FREIGHT,SEC-BKI-JP,2025-02-20,19:18:00,20:46:00,19:28:00,20:57:00,11,LOW
TRN-12001,Synthetic Corridor Express 01,EXPRESS,SEC-NDLS-RE,2025-02-21,04:30:00,05:22:00,04:32:00,05:24:00,2,HIGH
TRN-12001,Synthetic Corridor Express 01,EXPRESS,SEC-RE-AWR,2025-02-21,05:28:00,06:18:00,05:30:00,06:22:00,4,HIGH
TRN-12001,Synthetic Corridor Express 01,EXPRESS,SEC-AWR-BKI,2025-02-21,06:24:00,07:09:00,06:28:00,07:13:00,4,HIGH
TRN-12001,Synthetic Corridor Express 01,EXPRESS,SEC-BKI-JP,2025-02-21,07:15:00,08:10:00,07:19:00,08:14:00,4,HIGH
TRN-12002,Synthetic Corridor Express 02,EXPRESS,SEC-NDLS-RE,2025-02-21,04:57:00,05:49:00,04:57:00,05:49:00,0,HIGH
TRN-12002,Synthetic Corridor Express 02,EXPRESS,SEC-RE-AWR,2025-02-21,05:55:00,06:45:00,05:56:00,06:46:00,1,HIGH
TRN-12002,Synthetic Corridor Express 02,EXPRESS,SEC-AWR-BKI,2025-02-21,06:51:00,07:36:00,06:53:00,07:38:00,2,HIGH
TRN-12002,Synthetic Corridor Express 02,EXPRESS,SEC-BKI-JP,2025-02-21,07:42:00,08:37:00,07:44:00,08:39:00,2,HIGH
TRN-12003,Synthetic Corridor Express 03,EXPRESS,SEC-NDLS-RE,2025-02-21,05:24:00,06:16:00,05:25:00,06:17:00,1,HIGH
TRN-12003,Synthetic Corridor Express 03,EXPRESS,SEC-RE-AWR,2025-02-21,06:22:00,07:12:00,06:23:00,07:14:00,2,HIGH
TRN-12003,Synthetic Corridor Express 03,EXPRESS,SEC-AWR-BKI,2025-02-21,07:18:00,08:03:00,07:20:00,08:05:00,2,HIGH
TRN-12003,Synthetic Corridor Express 03,EXPRESS,SEC-BKI-JP,2025-02-21,08:09:00,09:04:00,08:11:00,09:06:00,2,HIGH
TRN-12005,Synthetic Corridor Express 05,EXPRESS,SEC-NDLS-RE,2025-02-21,06:18:00,07:10:00,06:20:00,07:12:00,2,HIGH
TRN-12005,Synthetic Corridor Express 05,EXPRESS,SEC-RE-AWR,2025-02-21,07:16:00,08:06:00,07:19:00,08:10:00,4,HIGH
TRN-12005,Synthetic Corridor Express 05,EXPRESS,SEC-AWR-BKI,2025-02-21,08:12:00,08:57:00,08:16:00,09:01:00,4,HIGH
TRN-12005,Synthetic Corridor Express 05,EXPRESS,SEC-BKI-JP,2025-02-21,09:03:00,09:58:00,09:08:00,10:05:00,7,HIGH
TRN-12006,Synthetic Corridor Express 06,EXPRESS,SEC-NDLS-RE,2025-02-21,06:45:00,07:37:00,06:50:00,07:44:00,7,HIGH
TRN-12006,Synthetic Corridor Express 06,EXPRESS,SEC-RE-AWR,2025-02-21,07:43:00,08:33:00,07:50:00,08:40:00,7,HIGH
TRN-12006,Synthetic Corridor Express 06,EXPRESS,SEC-AWR-BKI,2025-02-21,08:39:00,09:24:00,08:48:00,09:34:00,10,HIGH
TRN-12006,Synthetic Corridor Express 06,EXPRESS,SEC-BKI-JP,2025-02-21,09:30:00,10:25:00,09:41:00,10:36:00,11,HIGH
TRN-12007,Synthetic Corridor Express 07,EXPRESS,SEC-NDLS-RE,2025-02-21,07:12:00,08:04:00,07:16:00,08:09:00,5,HIGH
TRN-12007,Synthetic Corridor Express 07,EXPRESS,SEC-RE-AWR,2025-02-21,08:10:00,09:00:00,08:16:00,09:07:00,7,HIGH
TRN-12007,Synthetic Corridor Express 07,EXPRESS,SEC-AWR-BKI,2025-02-21,09:06:00,09:51:00,09:13:00,09:58:00,7,HIGH
TRN-12007,Synthetic Corridor Express 07,EXPRESS,SEC-BKI-JP,2025-02-21,09:57:00,10:52:00,10:04:00,10:59:00,7,HIGH
TRN-12009,Synthetic Corridor Express 09,EXPRESS,SEC-NDLS-RE,2025-02-21,08:06:00,08:58:00,08:08:00,09:00:00,2,HIGH
TRN-12009,Synthetic Corridor Express 09,EXPRESS,SEC-RE-AWR,2025-02-21,09:04:00,09:54:00,09:06:00,09:56:00,2,HIGH
TRN-12009,Synthetic Corridor Express 09,EXPRESS,SEC-AWR-BKI,2025-02-21,10:00:00,10:45:00,10:02:00,10:47:00,2,HIGH
TRN-12009,Synthetic Corridor Express 09,EXPRESS,SEC-BKI-JP,2025-02-21,10:51:00,11:46:00,10:54:00,11:49:00,3,HIGH
TRN-12010,Synthetic Corridor Express 10,EXPRESS,SEC-NDLS-RE,2025-02-21,08:33:00,09:25:00,08:37:00,09:29:00,4,HIGH
TRN-12010,Synthetic Corridor Express 10,EXPRESS,SEC-RE-AWR,2025-02-21,09:31:00,10:21:00,09:36:00,10:27:00,6,HIGH
TRN-12010,Synthetic Corridor Express 10,EXPRESS,SEC-AWR-BKI,2025-02-21,10:27:00,11:12:00,10:33:00,11:19:00,7,HIGH
TRN-12010,Synthetic Corridor Express 10,EXPRESS,SEC-BKI-JP,2025-02-21,11:18:00,12:13:00,11:25:00,12:20:00,7,HIGH
TRN-12011,Synthetic Corridor Passenger 11,PASSENGER,SEC-NDLS-RE,2025-02-21,09:00:00,10:02:00,09:03:00,10:05:00,3,MEDIUM
TRN-12011,Synthetic Corridor Passenger 11,PASSENGER,SEC-RE-AWR,2025-02-21,10:11:00,11:10:00,10:15:00,11:14:00,4,MEDIUM
TRN-12011,Synthetic Corridor Passenger 11,PASSENGER,SEC-AWR-BKI,2025-02-21,11:19:00,12:12:00,11:24:00,12:19:00,7,MEDIUM
TRN-12011,Synthetic Corridor Passenger 11,PASSENGER,SEC-BKI-JP,2025-02-21,12:21:00,13:27:00,12:30:00,13:36:00,9,MEDIUM
TRN-12012,Synthetic Corridor Passenger 12,PASSENGER,SEC-NDLS-RE,2025-02-21,09:27:00,10:29:00,09:36:00,10:39:00,10,MEDIUM
TRN-12012,Synthetic Corridor Passenger 12,PASSENGER,SEC-RE-AWR,2025-02-21,10:38:00,11:37:00,10:48:00,11:48:00,11,MEDIUM
TRN-12012,Synthetic Corridor Passenger 12,PASSENGER,SEC-AWR-BKI,2025-02-21,11:46:00,12:39:00,11:57:00,12:51:00,12,MEDIUM
TRN-12012,Synthetic Corridor Passenger 12,PASSENGER,SEC-BKI-JP,2025-02-21,12:48:00,13:54:00,13:01:00,14:07:00,13,MEDIUM
TRN-12013,Synthetic Corridor Passenger 13,PASSENGER,SEC-NDLS-RE,2025-02-21,09:54:00,10:56:00,10:00:00,11:03:00,7,MEDIUM
TRN-12013,Synthetic Corridor Passenger 13,PASSENGER,SEC-RE-AWR,2025-02-21,11:05:00,12:04:00,11:14:00,12:14:00,10,MEDIUM
TRN-12013,Synthetic Corridor Passenger 13,PASSENGER,SEC-AWR-BKI,2025-02-21,12:13:00,13:06:00,12:23:00,13:16:00,10,MEDIUM
TRN-12013,Synthetic Corridor Passenger 13,PASSENGER,SEC-BKI-JP,2025-02-21,13:15:00,14:21:00,13:26:00,14:33:00,12,MEDIUM
TRN-12014,Synthetic Corridor Passenger 14,PASSENGER,SEC-NDLS-RE,2025-02-21,10:21:00,11:23:00,10:26:00,11:28:00,5,MEDIUM
TRN-12014,Synthetic Corridor Passenger 14,PASSENGER,SEC-RE-AWR,2025-02-21,11:32:00,12:31:00,11:38:00,12:37:00,6,MEDIUM
TRN-12014,Synthetic Corridor Passenger 14,PASSENGER,SEC-AWR-BKI,2025-02-21,12:40:00,13:33:00,12:46:00,13:39:00,6,MEDIUM
TRN-12014,Synthetic Corridor Passenger 14,PASSENGER,SEC-BKI-JP,2025-02-21,13:42:00,14:48:00,13:49:00,14:55:00,7,MEDIUM
TRN-12015,Synthetic Corridor Passenger 15,PASSENGER,SEC-NDLS-RE,2025-02-21,10:48:00,11:50:00,10:52:00,11:54:00,4,MEDIUM
TRN-12015,Synthetic Corridor Passenger 15,PASSENGER,SEC-RE-AWR,2025-02-21,11:59:00,12:58:00,12:03:00,13:03:00,5,MEDIUM
TRN-12015,Synthetic Corridor Passenger 15,PASSENGER,SEC-AWR-BKI,2025-02-21,13:07:00,14:00:00,13:12:00,14:06:00,6,MEDIUM
TRN-12015,Synthetic Corridor Passenger 15,PASSENGER,SEC-BKI-JP,2025-02-21,14:09:00,15:15:00,14:15:00,15:21:00,6,MEDIUM
TRN-12016,Synthetic Corridor Passenger 16,PASSENGER,SEC-NDLS-RE,2025-02-21,11:15:00,12:17:00,11:18:00,12:20:00,3,MEDIUM
TRN-12016,Synthetic Corridor Passenger 16,PASSENGER,SEC-RE-AWR,2025-02-21,12:26:00,13:25:00,12:29:00,13:28:00,3,MEDIUM
TRN-12016,Synthetic Corridor Passenger 16,PASSENGER,SEC-AWR-BKI,2025-02-21,13:34:00,14:27:00,13:38:00,14:32:00,5,MEDIUM
TRN-12016,Synthetic Corridor Passenger 16,PASSENGER,SEC-BKI-JP,2025-02-21,14:36:00,15:42:00,14:41:00,15:47:00,5,MEDIUM
TRN-12017,Synthetic Corridor Passenger 17,PASSENGER,SEC-NDLS-RE,2025-02-21,11:42:00,12:44:00,11:44:00,12:47:00,3,MEDIUM
TRN-12017,Synthetic Corridor Passenger 17,PASSENGER,SEC-RE-AWR,2025-02-21,12:53:00,13:52:00,12:56:00,13:55:00,3,MEDIUM
TRN-12017,Synthetic Corridor Passenger 17,PASSENGER,SEC-AWR-BKI,2025-02-21,14:01:00,14:54:00,14:04:00,14:57:00,3,MEDIUM
TRN-12017,Synthetic Corridor Passenger 17,PASSENGER,SEC-BKI-JP,2025-02-21,15:03:00,16:09:00,15:07:00,16:13:00,4,MEDIUM
TRN-12018,Synthetic Corridor Passenger 18,PASSENGER,SEC-NDLS-RE,2025-02-21,12:09:00,13:11:00,12:14:00,13:17:00,6,MEDIUM
TRN-12018,Synthetic Corridor Passenger 18,PASSENGER,SEC-RE-AWR,2025-02-21,13:20:00,14:19:00,13:27:00,14:29:00,10,MEDIUM
TRN-12018,Synthetic Corridor Passenger 18,PASSENGER,SEC-AWR-BKI,2025-02-21,14:28:00,15:21:00,14:38:00,15:32:00,11,MEDIUM
TRN-12018,Synthetic Corridor Passenger 18,PASSENGER,SEC-BKI-JP,2025-02-21,15:30:00,16:36:00,15:41:00,16:47:00,11,MEDIUM
TRN-12019,Synthetic Corridor Freight 19,FREIGHT,SEC-NDLS-RE,2025-02-21,12:36:00,13:58:00,12:39:00,14:01:00,3,LOW
TRN-12019,Synthetic Corridor Freight 19,FREIGHT,SEC-RE-AWR,2025-02-21,14:10:00,15:28:00,14:14:00,15:33:00,5,LOW
TRN-12019,Synthetic Corridor Freight 19,FREIGHT,SEC-AWR-BKI,2025-02-21,15:40:00,16:51:00,15:45:00,16:57:00,6,LOW
TRN-12019,Synthetic Corridor Freight 19,FREIGHT,SEC-BKI-JP,2025-02-21,17:03:00,18:31:00,17:09:00,18:37:00,6,LOW
TRN-12021,Synthetic Corridor Freight 21,FREIGHT,SEC-NDLS-RE,2025-02-21,13:30:00,14:52:00,13:34:00,14:57:00,5,LOW
TRN-12021,Synthetic Corridor Freight 21,FREIGHT,SEC-RE-AWR,2025-02-21,15:04:00,16:22:00,15:09:00,16:27:00,5,LOW
TRN-12021,Synthetic Corridor Freight 21,FREIGHT,SEC-AWR-BKI,2025-02-21,16:34:00,17:45:00,16:39:00,17:51:00,6,LOW
TRN-12021,Synthetic Corridor Freight 21,FREIGHT,SEC-BKI-JP,2025-02-21,17:57:00,19:25:00,18:03:00,19:31:00,6,LOW
TRN-12022,Synthetic Corridor Freight 22,FREIGHT,SEC-NDLS-RE,2025-02-21,13:57:00,15:19:00,13:59:00,15:22:00,3,LOW
TRN-12022,Synthetic Corridor Freight 22,FREIGHT,SEC-RE-AWR,2025-02-21,15:31:00,16:49:00,15:34:00,16:52:00,3,LOW
TRN-12022,Synthetic Corridor Freight 22,FREIGHT,SEC-AWR-BKI,2025-02-21,17:01:00,18:12:00,17:04:00,18:16:00,4,LOW
TRN-12022,Synthetic Corridor Freight 22,FREIGHT,SEC-BKI-JP,2025-02-21,18:24:00,19:52:00,18:28:00,19:57:00,5,LOW
TRN-12023,Synthetic Corridor Freight 23,FREIGHT,SEC-NDLS-RE,2025-02-21,14:24:00,15:46:00,14:27:00,15:51:00,5,LOW
TRN-12023,Synthetic Corridor Freight 23,FREIGHT,SEC-RE-AWR,2025-02-21,15:58:00,17:16:00,16:03:00,17:21:00,5,LOW
TRN-12023,Synthetic Corridor Freight 23,FREIGHT,SEC-AWR-BKI,2025-02-21,17:28:00,18:39:00,17:33:00,18:47:00,8,LOW
TRN-12023,Synthetic Corridor Freight 23,FREIGHT,SEC-BKI-JP,2025-02-21,18:51:00,20:19:00,18:59:00,20:27:00,8,LOW
TRN-12001,Synthetic Corridor Express 01,EXPRESS,SEC-NDLS-RE,2025-02-22,04:30:00,05:22:00,04:30:00,05:22:00,0,HIGH
TRN-12001,Synthetic Corridor Express 01,EXPRESS,SEC-RE-AWR,2025-02-22,05:28:00,06:18:00,05:29:00,06:19:00,1,HIGH
TRN-12001,Synthetic Corridor Express 01,EXPRESS,SEC-AWR-BKI,2025-02-22,06:24:00,07:09:00,06:25:00,07:10:00,1,HIGH
TRN-12001,Synthetic Corridor Express 01,EXPRESS,SEC-BKI-JP,2025-02-22,07:15:00,08:10:00,07:16:00,08:11:00,1,HIGH
TRN-12004,Synthetic Corridor Express 04,EXPRESS,SEC-NDLS-RE,2025-02-22,05:51:00,06:43:00,05:54:00,06:47:00,4,HIGH
TRN-12004,Synthetic Corridor Express 04,EXPRESS,SEC-RE-AWR,2025-02-22,06:49:00,07:39:00,06:53:00,07:43:00,4,HIGH
TRN-12004,Synthetic Corridor Express 04,EXPRESS,SEC-AWR-BKI,2025-02-22,07:45:00,08:30:00,07:50:00,08:35:00,5,HIGH
TRN-12004,Synthetic Corridor Express 04,EXPRESS,SEC-BKI-JP,2025-02-22,08:36:00,09:31:00,08:43:00,09:39:00,8,HIGH
TRN-12005,Synthetic Corridor Express 05,EXPRESS,SEC-NDLS-RE,2025-02-22,06:18:00,07:10:00,06:21:00,07:14:00,4,HIGH
TRN-12005,Synthetic Corridor Express 05,EXPRESS,SEC-RE-AWR,2025-02-22,07:16:00,08:06:00,07:20:00,08:10:00,4,HIGH
TRN-12005,Synthetic Corridor Express 05,EXPRESS,SEC-AWR-BKI,2025-02-22,08:12:00,08:57:00,08:16:00,09:03:00,6,HIGH
TRN-12005,Synthetic Corridor Express 05,EXPRESS,SEC-BKI-JP,2025-02-22,09:03:00,09:58:00,09:09:00,10:05:00,7,HIGH
TRN-12008,Synthetic Corridor Express 08,EXPRESS,SEC-NDLS-RE,2025-02-22,07:39:00,08:31:00,07:43:00,08:35:00,4,HIGH
TRN-12008,Synthetic Corridor Express 08,EXPRESS,SEC-RE-AWR,2025-02-22,08:37:00,09:27:00,08:43:00,09:34:00,7,HIGH
TRN-12008,Synthetic Corridor Express 08,EXPRESS,SEC-AWR-BKI,2025-02-22,09:33:00,10:18:00,09:40:00,10:26:00,8,HIGH
TRN-12008,Synthetic Corridor Express 08,EXPRESS,SEC-BKI-JP,2025-02-22,10:24:00,11:19:00,10:33:00,11:28:00,9,HIGH
TRN-12009,Synthetic Corridor Express 09,EXPRESS,SEC-NDLS-RE,2025-02-22,08:06:00,08:58:00,08:08:00,09:00:00,2,HIGH
TRN-12009,Synthetic Corridor Express 09,EXPRESS,SEC-RE-AWR,2025-02-22,09:04:00,09:54:00,09:06:00,09:56:00,2,HIGH
TRN-12009,Synthetic Corridor Express 09,EXPRESS,SEC-AWR-BKI,2025-02-22,10:00:00,10:45:00,10:02:00,10:48:00,3,HIGH
TRN-12009,Synthetic Corridor Express 09,EXPRESS,SEC-BKI-JP,2025-02-22,10:51:00,11:46:00,10:54:00,11:49:00,3,HIGH
TRN-12011,Synthetic Corridor Passenger 11,PASSENGER,SEC-NDLS-RE,2025-02-22,09:00:00,10:02:00,09:05:00,10:10:00,8,MEDIUM
TRN-12011,Synthetic Corridor Passenger 11,PASSENGER,SEC-RE-AWR,2025-02-22,10:11:00,11:10:00,10:19:00,11:19:00,9,MEDIUM
TRN-12011,Synthetic Corridor Passenger 11,PASSENGER,SEC-AWR-BKI,2025-02-22,11:19:00,12:12:00,11:30:00,12:24:00,12,MEDIUM
TRN-12011,Synthetic Corridor Passenger 11,PASSENGER,SEC-BKI-JP,2025-02-22,12:21:00,13:27:00,12:34:00,13:41:00,14,MEDIUM
TRN-12012,Synthetic Corridor Passenger 12,PASSENGER,SEC-NDLS-RE,2025-02-22,09:27:00,10:29:00,09:31:00,10:34:00,5,MEDIUM
TRN-12012,Synthetic Corridor Passenger 12,PASSENGER,SEC-RE-AWR,2025-02-22,10:38:00,11:37:00,10:43:00,11:45:00,8,MEDIUM
TRN-12012,Synthetic Corridor Passenger 12,PASSENGER,SEC-AWR-BKI,2025-02-22,11:46:00,12:39:00,11:56:00,12:50:00,11,MEDIUM
TRN-12012,Synthetic Corridor Passenger 12,PASSENGER,SEC-BKI-JP,2025-02-22,12:48:00,13:54:00,13:01:00,14:07:00,13,MEDIUM
TRN-12013,Synthetic Corridor Passenger 13,PASSENGER,SEC-NDLS-RE,2025-02-22,09:54:00,10:56:00,09:55:00,10:59:00,3,MEDIUM
TRN-12013,Synthetic Corridor Passenger 13,PASSENGER,SEC-RE-AWR,2025-02-22,11:05:00,12:04:00,11:08:00,12:08:00,4,MEDIUM
TRN-12013,Synthetic Corridor Passenger 13,PASSENGER,SEC-AWR-BKI,2025-02-22,12:13:00,13:06:00,12:17:00,13:10:00,4,MEDIUM
TRN-12013,Synthetic Corridor Passenger 13,PASSENGER,SEC-BKI-JP,2025-02-22,13:15:00,14:21:00,13:20:00,14:27:00,6,MEDIUM
TRN-12014,Synthetic Corridor Passenger 14,PASSENGER,SEC-NDLS-RE,2025-02-22,10:21:00,11:23:00,10:24:00,11:29:00,6,MEDIUM
TRN-12014,Synthetic Corridor Passenger 14,PASSENGER,SEC-RE-AWR,2025-02-22,11:32:00,12:31:00,11:38:00,12:37:00,6,MEDIUM
TRN-12014,Synthetic Corridor Passenger 14,PASSENGER,SEC-AWR-BKI,2025-02-22,12:40:00,13:33:00,12:46:00,13:40:00,7,MEDIUM
TRN-12014,Synthetic Corridor Passenger 14,PASSENGER,SEC-BKI-JP,2025-02-22,13:42:00,14:48:00,13:49:00,14:55:00,7,MEDIUM
TRN-12015,Synthetic Corridor Passenger 15,PASSENGER,SEC-NDLS-RE,2025-02-22,10:48:00,11:50:00,10:54:00,11:56:00,6,MEDIUM
TRN-12015,Synthetic Corridor Passenger 15,PASSENGER,SEC-RE-AWR,2025-02-22,11:59:00,12:58:00,12:05:00,13:06:00,8,MEDIUM
TRN-12015,Synthetic Corridor Passenger 15,PASSENGER,SEC-AWR-BKI,2025-02-22,13:07:00,14:00:00,13:15:00,14:09:00,9,MEDIUM
TRN-12015,Synthetic Corridor Passenger 15,PASSENGER,SEC-BKI-JP,2025-02-22,14:09:00,15:15:00,14:18:00,15:25:00,10,MEDIUM
TRN-12016,Synthetic Corridor Passenger 16,PASSENGER,SEC-NDLS-RE,2025-02-22,11:15:00,12:17:00,11:17:00,12:19:00,2,MEDIUM
TRN-12016,Synthetic Corridor Passenger 16,PASSENGER,SEC-RE-AWR,2025-02-22,12:26:00,13:25:00,12:28:00,13:28:00,3,MEDIUM
TRN-12016,Synthetic Corridor Passenger 16,PASSENGER,SEC-AWR-BKI,2025-02-22,13:34:00,14:27:00,13:37:00,14:31:00,4,MEDIUM
TRN-12016,Synthetic Corridor Passenger 16,PASSENGER,SEC-BKI-JP,2025-02-22,14:36:00,15:42:00,14:40:00,15:47:00,5,MEDIUM
TRN-12017,Synthetic Corridor Passenger 17,PASSENGER,SEC-NDLS-RE,2025-02-22,11:42:00,12:44:00,11:43:00,12:46:00,2,MEDIUM
TRN-12017,Synthetic Corridor Passenger 17,PASSENGER,SEC-RE-AWR,2025-02-22,12:53:00,13:52:00,12:56:00,13:56:00,4,MEDIUM
TRN-12017,Synthetic Corridor Passenger 17,PASSENGER,SEC-AWR-BKI,2025-02-22,14:01:00,14:54:00,14:05:00,14:58:00,4,MEDIUM
TRN-12017,Synthetic Corridor Passenger 17,PASSENGER,SEC-BKI-JP,2025-02-22,15:03:00,16:09:00,15:07:00,16:13:00,4,MEDIUM
TRN-12018,Synthetic Corridor Passenger 18,PASSENGER,SEC-NDLS-RE,2025-02-22,12:09:00,13:11:00,12:12:00,13:15:00,4,MEDIUM
TRN-12018,Synthetic Corridor Passenger 18,PASSENGER,SEC-RE-AWR,2025-02-22,13:20:00,14:19:00,13:24:00,14:24:00,5,MEDIUM
TRN-12018,Synthetic Corridor Passenger 18,PASSENGER,SEC-AWR-BKI,2025-02-22,14:28:00,15:21:00,14:33:00,15:27:00,6,MEDIUM
TRN-12018,Synthetic Corridor Passenger 18,PASSENGER,SEC-BKI-JP,2025-02-22,15:30:00,16:36:00,15:36:00,16:43:00,7,MEDIUM
TRN-12020,Synthetic Corridor Freight 20,FREIGHT,SEC-NDLS-RE,2025-02-22,13:03:00,14:25:00,13:08:00,14:34:00,9,LOW
TRN-12020,Synthetic Corridor Freight 20,FREIGHT,SEC-RE-AWR,2025-02-22,14:37:00,15:55:00,14:47:00,16:05:00,10,LOW
TRN-12020,Synthetic Corridor Freight 20,FREIGHT,SEC-AWR-BKI,2025-02-22,16:07:00,17:18:00,16:18:00,17:29:00,11,LOW
TRN-12020,Synthetic Corridor Freight 20,FREIGHT,SEC-BKI-JP,2025-02-22,17:30:00,18:58:00,17:41:00,19:10:00,12,LOW
TRN-12021,Synthetic Corridor Freight 21,FREIGHT,SEC-NDLS-RE,2025-02-22,13:30:00,14:52:00,13:32:00,14:54:00,2,LOW
TRN-12021,Synthetic Corridor Freight 21,FREIGHT,SEC-RE-AWR,2025-02-22,15:04:00,16:22:00,15:06:00,16:25:00,3,LOW
TRN-12021,Synthetic Corridor Freight 21,FREIGHT,SEC-AWR-BKI,2025-02-22,16:34:00,17:45:00,16:37:00,17:49:00,4,LOW
TRN-12021,Synthetic Corridor Freight 21,FREIGHT,SEC-BKI-JP,2025-02-22,17:57:00,19:25:00,18:01:00,19:29:00,4,LOW
TRN-12024,Synthetic Corridor Freight 24,FREIGHT,SEC-NDLS-RE,2025-02-22,14:51:00,16:13:00,14:54:00,16:19:00,6,LOW
TRN-12024,Synthetic Corridor Freight 24,FREIGHT,SEC-RE-AWR,2025-02-22,16:25:00,17:43:00,16:31:00,17:49:00,6,LOW
TRN-12024,Synthetic Corridor Freight 24,FREIGHT,SEC-AWR-BKI,2025-02-22,17:55:00,19:06:00,18:01:00,19:12:00,6,LOW
TRN-12024,Synthetic Corridor Freight 24,FREIGHT,SEC-BKI-JP,2025-02-22,19:18:00,20:46:00,19:24:00,20:52:00,6,LOW
TRN-12001,Synthetic Corridor Express 01,EXPRESS,SEC-NDLS-RE,2025-02-23,04:30:00,05:22:00,04:35:00,05:28:00,6,HIGH
TRN-12001,Synthetic Corridor Express 01,EXPRESS,SEC-RE-AWR,2025-02-23,05:28:00,06:18:00,05:34:00,06:27:00,9,HIGH
TRN-12001,Synthetic Corridor Express 01,EXPRESS,SEC-AWR-BKI,2025-02-23,06:24:00,07:09:00,06:33:00,07:20:00,11,HIGH
TRN-12001,Synthetic Corridor Express 01,EXPRESS,SEC-BKI-JP,2025-02-23,07:15:00,08:10:00,07:26:00,08:23:00,13,HIGH
TRN-12003,Synthetic Corridor Express 03,EXPRESS,SEC-NDLS-RE,2025-02-23,05:24:00,06:16:00,05:29:00,06:26:00,10,HIGH
TRN-12003,Synthetic Corridor Express 03,EXPRESS,SEC-RE-AWR,2025-02-23,06:22:00,07:12:00,06:32:00,07:23:00,11,HIGH
TRN-12003,Synthetic Corridor Express 03,EXPRESS,SEC-AWR-BKI,2025-02-23,07:18:00,08:03:00,07:29:00,08:17:00,14,HIGH
TRN-12003,Synthetic Corridor Express 03,EXPRESS,SEC-BKI-JP,2025-02-23,08:09:00,09:04:00,08:26:00,09:22:00,18,HIGH
TRN-12005,Synthetic Corridor Express 05,EXPRESS,SEC-NDLS-RE,2025-02-23,06:18:00,07:10:00,06:27:00,07:19:00,9,HIGH
TRN-12005,Synthetic Corridor Express 05,EXPRESS,SEC-RE-AWR,2025-02-23,07:16:00,08:06:00,07:25:00,08:18:00,12,HIGH
TRN-12005,Synthetic Corridor Express 05,EXPRESS,SEC-AWR-BKI,2025-02-23,08:12:00,08:57:00,08:25:00,09:11:00,14,HIGH
TRN-12005,Synthetic Corridor Express 05,EXPRESS,SEC-BKI-JP,2025-02-23,09:03:00,09:58:00,09:17:00,10:14:00,16,HIGH
TRN-12007,Synthetic Corridor Express 07,EXPRESS,SEC-NDLS-RE,2025-02-23,07:12:00,08:04:00,07:17:00,08:09:00,5,HIGH
TRN-12007,Synthetic Corridor Express 07,EXPRESS,SEC-RE-AWR,2025-02-23,08:10:00,09:00:00,08:15:00,09:06:00,6,HIGH
TRN-12007,Synthetic Corridor Express 07,EXPRESS,SEC-AWR-BKI,2025-02-23,09:06:00,09:51:00,09:13:00,09:59:00,8,HIGH
TRN-12007,Synthetic Corridor Express 07,EXPRESS,SEC-BKI-JP,2025-02-23,09:57:00,10:52:00,10:05:00,11:02:00,10,HIGH
TRN-12009,Synthetic Corridor Express 09,EXPRESS,SEC-NDLS-RE,2025-02-23,08:06:00,08:58:00,08:08:00,09:01:00,3,HIGH
TRN-12009,Synthetic Corridor Express 09,EXPRESS,SEC-RE-AWR,2025-02-23,09:04:00,09:54:00,09:07:00,10:00:00,6,HIGH
TRN-12009,Synthetic Corridor Express 09,EXPRESS,SEC-AWR-BKI,2025-02-23,10:00:00,10:45:00,10:06:00,10:51:00,6,HIGH
TRN-12009,Synthetic Corridor Express 09,EXPRESS,SEC-BKI-JP,2025-02-23,10:51:00,11:46:00,10:59:00,11:57:00,11,HIGH
TRN-12011,Synthetic Corridor Passenger 11,PASSENGER,SEC-NDLS-RE,2025-02-23,09:00:00,10:02:00,09:03:00,10:07:00,5,MEDIUM
TRN-12011,Synthetic Corridor Passenger 11,PASSENGER,SEC-RE-AWR,2025-02-23,10:11:00,11:10:00,10:18:00,11:18:00,8,MEDIUM
TRN-12011,Synthetic Corridor Passenger 11,PASSENGER,SEC-AWR-BKI,2025-02-23,11:19:00,12:12:00,11:27:00,12:21:00,9,MEDIUM
TRN-12011,Synthetic Corridor Passenger 11,PASSENGER,SEC-BKI-JP,2025-02-23,12:21:00,13:27:00,12:31:00,13:37:00,10,MEDIUM
TRN-12012,Synthetic Corridor Passenger 12,PASSENGER,SEC-NDLS-RE,2025-02-23,09:27:00,10:29:00,09:35:00,10:39:00,10,MEDIUM
TRN-12012,Synthetic Corridor Passenger 12,PASSENGER,SEC-RE-AWR,2025-02-23,10:38:00,11:37:00,10:49:00,11:52:00,15,MEDIUM
TRN-12012,Synthetic Corridor Passenger 12,PASSENGER,SEC-AWR-BKI,2025-02-23,11:46:00,12:39:00,12:02:00,12:56:00,17,MEDIUM
TRN-12012,Synthetic Corridor Passenger 12,PASSENGER,SEC-BKI-JP,2025-02-23,12:48:00,13:54:00,13:05:00,14:12:00,18,MEDIUM
TRN-12013,Synthetic Corridor Passenger 13,PASSENGER,SEC-NDLS-RE,2025-02-23,09:54:00,10:56:00,10:01:00,11:04:00,8,MEDIUM
TRN-12013,Synthetic Corridor Passenger 13,PASSENGER,SEC-RE-AWR,2025-02-23,11:05:00,12:04:00,11:13:00,12:15:00,11,MEDIUM
TRN-12013,Synthetic Corridor Passenger 13,PASSENGER,SEC-AWR-BKI,2025-02-23,12:13:00,13:06:00,12:25:00,13:18:00,12,MEDIUM
TRN-12013,Synthetic Corridor Passenger 13,PASSENGER,SEC-BKI-JP,2025-02-23,13:15:00,14:21:00,13:29:00,14:39:00,18,MEDIUM
TRN-12014,Synthetic Corridor Passenger 14,PASSENGER,SEC-NDLS-RE,2025-02-23,10:21:00,11:23:00,10:26:00,11:31:00,8,MEDIUM
TRN-12014,Synthetic Corridor Passenger 14,PASSENGER,SEC-RE-AWR,2025-02-23,11:32:00,12:31:00,11:40:00,12:40:00,9,MEDIUM
TRN-12014,Synthetic Corridor Passenger 14,PASSENGER,SEC-AWR-BKI,2025-02-23,12:40:00,13:33:00,12:49:00,13:43:00,10,MEDIUM
TRN-12014,Synthetic Corridor Passenger 14,PASSENGER,SEC-BKI-JP,2025-02-23,13:42:00,14:48:00,13:52:00,14:58:00,10,MEDIUM
TRN-12015,Synthetic Corridor Passenger 15,PASSENGER,SEC-NDLS-RE,2025-02-23,10:48:00,11:50:00,10:52:00,11:57:00,7,MEDIUM
TRN-12015,Synthetic Corridor Passenger 15,PASSENGER,SEC-RE-AWR,2025-02-23,11:59:00,12:58:00,12:06:00,13:07:00,9,MEDIUM
TRN-12015,Synthetic Corridor Passenger 15,PASSENGER,SEC-AWR-BKI,2025-02-23,13:07:00,14:00:00,13:16:00,14:10:00,10,MEDIUM
TRN-12015,Synthetic Corridor Passenger 15,PASSENGER,SEC-BKI-JP,2025-02-23,14:09:00,15:15:00,14:20:00,15:28:00,13,MEDIUM
TRN-12016,Synthetic Corridor Passenger 16,PASSENGER,SEC-NDLS-RE,2025-02-23,11:15:00,12:17:00,11:21:00,12:25:00,8,MEDIUM
TRN-12016,Synthetic Corridor Passenger 16,PASSENGER,SEC-RE-AWR,2025-02-23,12:26:00,13:25:00,12:35:00,13:34:00,9,MEDIUM
TRN-12016,Synthetic Corridor Passenger 16,PASSENGER,SEC-AWR-BKI,2025-02-23,13:34:00,14:27:00,13:43:00,14:38:00,11,MEDIUM
TRN-12016,Synthetic Corridor Passenger 16,PASSENGER,SEC-BKI-JP,2025-02-23,14:36:00,15:42:00,14:47:00,15:54:00,12,MEDIUM
TRN-12017,Synthetic Corridor Passenger 17,PASSENGER,SEC-NDLS-RE,2025-02-23,11:42:00,12:44:00,11:44:00,12:46:00,2,MEDIUM
TRN-12017,Synthetic Corridor Passenger 17,PASSENGER,SEC-RE-AWR,2025-02-23,12:53:00,13:52:00,12:56:00,13:55:00,3,MEDIUM
TRN-12017,Synthetic Corridor Passenger 17,PASSENGER,SEC-AWR-BKI,2025-02-23,14:01:00,14:54:00,14:05:00,15:00:00,6,MEDIUM
TRN-12017,Synthetic Corridor Passenger 17,PASSENGER,SEC-BKI-JP,2025-02-23,15:03:00,16:09:00,15:09:00,16:17:00,8,MEDIUM
TRN-12018,Synthetic Corridor Passenger 18,PASSENGER,SEC-NDLS-RE,2025-02-23,12:09:00,13:11:00,12:13:00,13:18:00,7,MEDIUM
TRN-12018,Synthetic Corridor Passenger 18,PASSENGER,SEC-RE-AWR,2025-02-23,13:20:00,14:19:00,13:27:00,14:27:00,8,MEDIUM
TRN-12018,Synthetic Corridor Passenger 18,PASSENGER,SEC-AWR-BKI,2025-02-23,14:28:00,15:21:00,14:37:00,15:33:00,12,MEDIUM
TRN-12018,Synthetic Corridor Passenger 18,PASSENGER,SEC-BKI-JP,2025-02-23,15:30:00,16:36:00,15:42:00,16:49:00,13,MEDIUM
TRN-12019,Synthetic Corridor Freight 19,FREIGHT,SEC-NDLS-RE,2025-02-23,12:36:00,13:58:00,12:45:00,14:07:00,9,LOW
TRN-12019,Synthetic Corridor Freight 19,FREIGHT,SEC-RE-AWR,2025-02-23,14:10:00,15:28:00,14:19:00,15:39:00,11,LOW
TRN-12019,Synthetic Corridor Freight 19,FREIGHT,SEC-AWR-BKI,2025-02-23,15:40:00,16:51:00,15:51:00,17:06:00,15,LOW
TRN-12019,Synthetic Corridor Freight 19,FREIGHT,SEC-BKI-JP,2025-02-23,17:03:00,18:31:00,17:18:00,18:47:00,16,LOW
TRN-12021,Synthetic Corridor Freight 21,FREIGHT,SEC-NDLS-RE,2025-02-23,13:30:00,14:52:00,13:34:00,14:58:00,6,LOW
TRN-12021,Synthetic Corridor Freight 21,FREIGHT,SEC-RE-AWR,2025-02-23,15:04:00,16:22:00,15:10:00,16:32:00,10,LOW
TRN-12021,Synthetic Corridor Freight 21,FREIGHT,SEC-AWR-BKI,2025-02-23,16:34:00,17:45:00,16:45:00,17:59:00,14,LOW
TRN-12021,Synthetic Corridor Freight 21,FREIGHT,SEC-BKI-JP,2025-02-23,17:57:00,19:25:00,18:12:00,19:40:00,15,LOW
TRN-12023,Synthetic Corridor Freight 23,FREIGHT,SEC-NDLS-RE,2025-02-23,14:24:00,15:46:00,14:29:00,15:52:00,6,LOW
TRN-12023,Synthetic Corridor Freight 23,FREIGHT,SEC-RE-AWR,2025-02-23,15:58:00,17:16:00,16:04:00,17:23:00,7,LOW
TRN-12023,Synthetic Corridor Freight 23,FREIGHT,SEC-AWR-BKI,2025-02-23,17:28:00,18:39:00,17:37:00,18:52:00,13,LOW
TRN-12023,Synthetic Corridor Freight 23,FREIGHT,SEC-BKI-JP,2025-02-23,18:51:00,20:19:00,19:05:00,20:34:00,15,LOW
TRN-12001,Synthetic Corridor Express 01,EXPRESS,SEC-NDLS-RE,2025-02-24,04:30:00,05:22:00,04:34:00,05:28:00,6,HIGH
TRN-12001,Synthetic Corridor Express 01,EXPRESS,SEC-RE-AWR,2025-02-24,05:28:00,06:18:00,05:36:00,06:27:00,9,HIGH
TRN-12001,Synthetic Corridor Express 01,EXPRESS,SEC-AWR-BKI,2025-02-24,06:24:00,07:09:00,06:35:00,07:20:00,11,HIGH
TRN-12001,Synthetic Corridor Express 01,EXPRESS,SEC-BKI-JP,2025-02-24,07:15:00,08:10:00,07:27:00,08:24:00,14,HIGH
TRN-12002,Synthetic Corridor Express 02,EXPRESS,SEC-NDLS-RE,2025-02-24,04:57:00,05:49:00,05:01:00,05:54:00,5,HIGH
TRN-12002,Synthetic Corridor Express 02,EXPRESS,SEC-RE-AWR,2025-02-24,05:55:00,06:45:00,06:00:00,06:52:00,7,HIGH
TRN-12002,Synthetic Corridor Express 02,EXPRESS,SEC-AWR-BKI,2025-02-24,06:51:00,07:36:00,06:58:00,07:46:00,10,HIGH
TRN-12002,Synthetic Corridor Express 02,EXPRESS,SEC-BKI-JP,2025-02-24,07:42:00,08:37:00,07:54:00,08:52:00,15,HIGH
TRN-12003,Synthetic Corridor Express 03,EXPRESS,SEC-NDLS-RE,2025-02-24,05:24:00,06:16:00,05:31:00,06:26:00,10,HIGH
TRN-12003,Synthetic Corridor Express 03,EXPRESS,SEC-RE-AWR,2025-02-24,06:22:00,07:12:00,06:32:00,07:22:00,10,HIGH
TRN-12003,Synthetic Corridor Express 03,EXPRESS,SEC-AWR-BKI,2025-02-24,07:18:00,08:03:00,07:29:00,08:15:00,12,HIGH
TRN-12003,Synthetic Corridor Express 03,EXPRESS,SEC-BKI-JP,2025-02-24,08:09:00,09:04:00,08:21:00,09:17:00,13,HIGH
TRN-12005,Synthetic Corridor Express 05,EXPRESS,SEC-NDLS-RE,2025-02-24,06:18:00,07:10:00,06:21:00,07:15:00,5,HIGH
TRN-12005,Synthetic Corridor Express 05,EXPRESS,SEC-RE-AWR,2025-02-24,07:16:00,08:06:00,07:21:00,08:13:00,7,HIGH
TRN-12005,Synthetic Corridor Express 05,EXPRESS,SEC-AWR-BKI,2025-02-24,08:12:00,08:57:00,08:21:00,09:09:00,12,HIGH
TRN-12005,Synthetic Corridor Express 05,EXPRESS,SEC-BKI-JP,2025-02-24,09:03:00,09:58:00,09:16:00,10:13:00,15,HIGH
TRN-12006,Synthetic Corridor Express 06,EXPRESS,SEC-NDLS-RE,2025-02-24,06:45:00,07:37:00,06:51:00,07:45:00,8,HIGH
TRN-12006,Synthetic Corridor Express 06,EXPRESS,SEC-RE-AWR,2025-02-24,07:43:00,08:33:00,07:51:00,08:41:00,8,HIGH
TRN-12006,Synthetic Corridor Express 06,EXPRESS,SEC-AWR-BKI,2025-02-24,08:39:00,09:24:00,08:48:00,09:34:00,10,HIGH
TRN-12006,Synthetic Corridor Express 06,EXPRESS,SEC-BKI-JP,2025-02-24,09:30:00,10:25:00,09:41:00,10:38:00,13,HIGH
TRN-12007,Synthetic Corridor Express 07,EXPRESS,SEC-NDLS-RE,2025-02-24,07:12:00,08:04:00,07:19:00,08:12:00,8,HIGH
TRN-12007,Synthetic Corridor Express 07,EXPRESS,SEC-RE-AWR,2025-02-24,08:10:00,09:00:00,08:20:00,09:10:00,10,HIGH
TRN-12007,Synthetic Corridor Express 07,EXPRESS,SEC-AWR-BKI,2025-02-24,09:06:00,09:51:00,09:16:00,10:01:00,10,HIGH
TRN-12007,Synthetic Corridor Express 07,EXPRESS,SEC-BKI-JP,2025-02-24,09:57:00,10:52:00,10:07:00,11:03:00,11,HIGH
TRN-12009,Synthetic Corridor Express 09,EXPRESS,SEC-NDLS-RE,2025-02-24,08:06:00,08:58:00,08:09:00,09:01:00,3,HIGH
TRN-12009,Synthetic Corridor Express 09,EXPRESS,SEC-RE-AWR,2025-02-24,09:04:00,09:54:00,09:07:00,09:57:00,3,HIGH
TRN-12009,Synthetic Corridor Express 09,EXPRESS,SEC-AWR-BKI,2025-02-24,10:00:00,10:45:00,10:03:00,10:49:00,4,HIGH
TRN-12009,Synthetic Corridor Express 09,EXPRESS,SEC-BKI-JP,2025-02-24,10:51:00,11:46:00,10:55:00,11:52:00,6,HIGH
TRN-12010,Synthetic Corridor Express 10,EXPRESS,SEC-NDLS-RE,2025-02-24,08:33:00,09:25:00,08:43:00,09:37:00,12,HIGH
TRN-12010,Synthetic Corridor Express 10,EXPRESS,SEC-RE-AWR,2025-02-24,09:31:00,10:21:00,09:43:00,10:34:00,13,HIGH
TRN-12010,Synthetic Corridor Express 10,EXPRESS,SEC-AWR-BKI,2025-02-24,10:27:00,11:12:00,10:41:00,11:27:00,15,HIGH
TRN-12010,Synthetic Corridor Express 10,EXPRESS,SEC-BKI-JP,2025-02-24,11:18:00,12:13:00,11:33:00,12:28:00,15,HIGH
TRN-12011,Synthetic Corridor Passenger 11,PASSENGER,SEC-NDLS-RE,2025-02-24,09:00:00,10:02:00,09:11:00,10:13:00,11,MEDIUM
TRN-12011,Synthetic Corridor Passenger 11,PASSENGER,SEC-RE-AWR,2025-02-24,10:11:00,11:10:00,10:23:00,11:24:00,14,MEDIUM
TRN-12011,Synthetic Corridor Passenger 11,PASSENGER,SEC-AWR-BKI,2025-02-24,11:19:00,12:12:00,11:34:00,12:27:00,15,MEDIUM
TRN-12011,Synthetic Corridor Passenger 11,PASSENGER,SEC-BKI-JP,2025-02-24,12:21:00,13:27:00,12:39:00,13:48:00,21,MEDIUM
TRN-12012,Synthetic Corridor Passenger 12,PASSENGER,SEC-NDLS-RE,2025-02-24,09:27:00,10:29:00,09:34:00,10:38:00,9,MEDIUM
TRN-12012,Synthetic Corridor Passenger 12,PASSENGER,SEC-RE-AWR,2025-02-24,10:38:00,11:37:00,10:49:00,11:49:00,12,MEDIUM
TRN-12012,Synthetic Corridor Passenger 12,PASSENGER,SEC-AWR-BKI,2025-02-24,11:46:00,12:39:00,11:59:00,12:53:00,14,MEDIUM
TRN-12012,Synthetic Corridor Passenger 12,PASSENGER,SEC-BKI-JP,2025-02-24,12:48:00,13:54:00,13:05:00,14:11:00,17,MEDIUM
TRN-12013,Synthetic Corridor Passenger 13,PASSENGER,SEC-NDLS-RE,2025-02-24,09:54:00,10:56:00,10:00:00,11:03:00,7,MEDIUM
TRN-12013,Synthetic Corridor Passenger 13,PASSENGER,SEC-RE-AWR,2025-02-24,11:05:00,12:04:00,11:13:00,12:14:00,10,MEDIUM
TRN-12013,Synthetic Corridor Passenger 13,PASSENGER,SEC-AWR-BKI,2025-02-24,12:13:00,13:06:00,12:24:00,13:19:00,13,MEDIUM
TRN-12013,Synthetic Corridor Passenger 13,PASSENGER,SEC-BKI-JP,2025-02-24,13:15:00,14:21:00,13:29:00,14:35:00,14,MEDIUM
TRN-12014,Synthetic Corridor Passenger 14,PASSENGER,SEC-NDLS-RE,2025-02-24,10:21:00,11:23:00,10:28:00,11:33:00,10,MEDIUM
TRN-12014,Synthetic Corridor Passenger 14,PASSENGER,SEC-RE-AWR,2025-02-24,11:32:00,12:31:00,11:42:00,12:41:00,10,MEDIUM
TRN-12014,Synthetic Corridor Passenger 14,PASSENGER,SEC-AWR-BKI,2025-02-24,12:40:00,13:33:00,12:50:00,13:47:00,14,MEDIUM
TRN-12014,Synthetic Corridor Passenger 14,PASSENGER,SEC-BKI-JP,2025-02-24,13:42:00,14:48:00,13:57:00,15:04:00,16,MEDIUM
TRN-12015,Synthetic Corridor Passenger 15,PASSENGER,SEC-NDLS-RE,2025-02-24,10:48:00,11:50:00,10:54:00,11:56:00,6,MEDIUM
TRN-12015,Synthetic Corridor Passenger 15,PASSENGER,SEC-RE-AWR,2025-02-24,11:59:00,12:58:00,12:06:00,13:05:00,7,MEDIUM
TRN-12015,Synthetic Corridor Passenger 15,PASSENGER,SEC-AWR-BKI,2025-02-24,13:07:00,14:00:00,13:15:00,14:10:00,10,MEDIUM
TRN-12015,Synthetic Corridor Passenger 15,PASSENGER,SEC-BKI-JP,2025-02-24,14:09:00,15:15:00,14:20:00,15:27:00,12,MEDIUM
TRN-12016,Synthetic Corridor Passenger 16,PASSENGER,SEC-NDLS-RE,2025-02-24,11:15:00,12:17:00,11:19:00,12:21:00,4,MEDIUM
TRN-12016,Synthetic Corridor Passenger 16,PASSENGER,SEC-RE-AWR,2025-02-24,12:26:00,13:25:00,12:31:00,13:31:00,6,MEDIUM
TRN-12016,Synthetic Corridor Passenger 16,PASSENGER,SEC-AWR-BKI,2025-02-24,13:34:00,14:27:00,13:40:00,14:34:00,7,MEDIUM
TRN-12016,Synthetic Corridor Passenger 16,PASSENGER,SEC-BKI-JP,2025-02-24,14:36:00,15:42:00,14:44:00,15:52:00,10,MEDIUM
TRN-12017,Synthetic Corridor Passenger 17,PASSENGER,SEC-NDLS-RE,2025-02-24,11:42:00,12:44:00,11:50:00,12:52:00,8,MEDIUM
TRN-12017,Synthetic Corridor Passenger 17,PASSENGER,SEC-RE-AWR,2025-02-24,12:53:00,13:52:00,13:01:00,14:00:00,8,MEDIUM
TRN-12017,Synthetic Corridor Passenger 17,PASSENGER,SEC-AWR-BKI,2025-02-24,14:01:00,14:54:00,14:09:00,15:04:00,10,MEDIUM
TRN-12017,Synthetic Corridor Passenger 17,PASSENGER,SEC-BKI-JP,2025-02-24,15:03:00,16:09:00,15:13:00,16:20:00,11,MEDIUM
TRN-12018,Synthetic Corridor Passenger 18,PASSENGER,SEC-NDLS-RE,2025-02-24,12:09:00,13:11:00,12:10:00,13:18:00,7,MEDIUM
TRN-12018,Synthetic Corridor Passenger 18,PASSENGER,SEC-RE-AWR,2025-02-24,13:20:00,14:19:00,13:28:00,14:29:00,10,MEDIUM
TRN-12018,Synthetic Corridor Passenger 18,PASSENGER,SEC-AWR-BKI,2025-02-24,14:28:00,15:21:00,14:38:00,15:31:00,10,MEDIUM
TRN-12018,Synthetic Corridor Passenger 18,PASSENGER,SEC-BKI-JP,2025-02-24,15:30:00,16:36:00,15:40:00,16:47:00,11,MEDIUM
TRN-12019,Synthetic Corridor Freight 19,FREIGHT,SEC-NDLS-RE,2025-02-24,12:36:00,13:58:00,12:42:00,14:05:00,7,LOW
TRN-12019,Synthetic Corridor Freight 19,FREIGHT,SEC-RE-AWR,2025-02-24,14:10:00,15:28:00,14:19:00,15:37:00,9,LOW
TRN-12019,Synthetic Corridor Freight 19,FREIGHT,SEC-AWR-BKI,2025-02-24,15:40:00,16:51:00,15:50:00,17:02:00,11,LOW
TRN-12019,Synthetic Corridor Freight 19,FREIGHT,SEC-BKI-JP,2025-02-24,17:03:00,18:31:00,17:15:00,18:44:00,13,LOW
TRN-12021,Synthetic Corridor Freight 21,FREIGHT,SEC-NDLS-RE,2025-02-24,13:30:00,14:52:00,13:40:00,15:03:00,11,LOW
TRN-12021,Synthetic Corridor Freight 21,FREIGHT,SEC-RE-AWR,2025-02-24,15:04:00,16:22:00,15:16:00,16:35:00,13,LOW
TRN-12021,Synthetic Corridor Freight 21,FREIGHT,SEC-AWR-BKI,2025-02-24,16:34:00,17:45:00,16:47:00,17:59:00,14,LOW
TRN-12021,Synthetic Corridor Freight 21,FREIGHT,SEC-BKI-JP,2025-02-24,17:57:00,19:25:00,18:14:00,19:43:00,18,LOW
TRN-12022,Synthetic Corridor Freight 22,FREIGHT,SEC-NDLS-RE,2025-02-24,13:57:00,15:19:00,14:06:00,15:31:00,12,LOW
TRN-12022,Synthetic Corridor Freight 22,FREIGHT,SEC-RE-AWR,2025-02-24,15:31:00,16:49:00,15:43:00,17:02:00,13,LOW
TRN-12022,Synthetic Corridor Freight 22,FREIGHT,SEC-AWR-BKI,2025-02-24,17:01:00,18:12:00,17:14:00,18:26:00,14,LOW
TRN-12022,Synthetic Corridor Freight 22,FREIGHT,SEC-BKI-JP,2025-02-24,18:24:00,19:52:00,18:39:00,20:07:00,15,LOW
TRN-12023,Synthetic Corridor Freight 23,FREIGHT,SEC-NDLS-RE,2025-02-24,14:24:00,15:46:00,14:27:00,15:50:00,4,LOW
TRN-12023,Synthetic Corridor Freight 23,FREIGHT,SEC-RE-AWR,2025-02-24,15:58:00,17:16:00,16:03:00,17:23:00,7,LOW
TRN-12023,Synthetic Corridor Freight 23,FREIGHT,SEC-AWR-BKI,2025-02-24,17:28:00,18:39:00,17:36:00,18:49:00,10,LOW
TRN-12023,Synthetic Corridor Freight 23,FREIGHT,SEC-BKI-JP,2025-02-24,18:51:00,20:19:00,19:02:00,20:30:00,11,LOW
TRN-12001,Synthetic Corridor Express 01,EXPRESS,SEC-NDLS-RE,2025-02-25,04:30:00,05:22:00,04:38:00,05:33:00,11,HIGH
TRN-12001,Synthetic Corridor Express 01,EXPRESS,SEC-RE-AWR,2025-02-25,05:28:00,06:18:00,05:39:00,06:29:00,11,HIGH
TRN-12001,Synthetic Corridor Express 01,EXPRESS,SEC-AWR-BKI,2025-02-25,06:24:00,07:09:00,06:36:00,07:23:00,14,HIGH
TRN-12001,Synthetic Corridor Express 01,EXPRESS,SEC-BKI-JP,2025-02-25,07:15:00,08:10:00,07:30:00,08:26:00,16,HIGH
TRN-12002,Synthetic Corridor Express 02,EXPRESS,SEC-NDLS-RE,2025-02-25,04:57:00,05:49:00,04:58:00,05:51:00,2,HIGH
TRN-12002,Synthetic Corridor Express 02,EXPRESS,SEC-RE-AWR,2025-02-25,05:55:00,06:45:00,05:58:00,06:48:00,3,HIGH
TRN-12002,Synthetic Corridor Express 02,EXPRESS,SEC-AWR-BKI,2025-02-25,06:51:00,07:36:00,06:54:00,07:42:00,6,HIGH
TRN-12002,Synthetic Corridor Express 02,EXPRESS,SEC-BKI-JP,2025-02-25,07:42:00,08:37:00,07:50:00,08:48:00,11,HIGH
TRN-12004,Synthetic Corridor Express 04,EXPRESS,SEC-NDLS-RE,2025-02-25,05:51:00,06:43:00,05:56:00,06:49:00,6,HIGH
TRN-12004,Synthetic Corridor Express 04,EXPRESS,SEC-RE-AWR,2025-02-25,06:49:00,07:39:00,06:57:00,07:50:00,11,HIGH
TRN-12004,Synthetic Corridor Express 04,EXPRESS,SEC-AWR-BKI,2025-02-25,07:45:00,08:30:00,07:57:00,08:44:00,14,HIGH
TRN-12004,Synthetic Corridor Express 04,EXPRESS,SEC-BKI-JP,2025-02-25,08:36:00,09:31:00,08:50:00,09:46:00,15,HIGH
TRN-12005,Synthetic Corridor Express 05,EXPRESS,SEC-NDLS-RE,2025-02-25,06:18:00,07:10:00,06:21:00,07:16:00,6,HIGH
TRN-12005,Synthetic Corridor Express 05,EXPRESS,SEC-RE-AWR,2025-02-25,07:16:00,08:06:00,07:23:00,08:14:00,8,HIGH
TRN-12005,Synthetic Corridor Express 05,EXPRESS,SEC-AWR-BKI,2025-02-25,08:12:00,08:57:00,08:20:00,09:05:00,8,HIGH
TRN-12005,Synthetic Corridor Express 05,EXPRESS,SEC-BKI-JP,2025-02-25,09:03:00,09:58:00,09:12:00,10:07:00,9,HIGH
TRN-12006,Synthetic Corridor Express 06,EXPRESS,SEC-NDLS-RE,2025-02-25,06:45:00,07:37:00,06:50:00,07:42:00,5,HIGH
TRN-12006,Synthetic Corridor Express 06,EXPRESS,SEC-RE-AWR,2025-02-25,07:43:00,08:33:00,07:49:00,08:39:00,6,HIGH
TRN-12006,Synthetic Corridor Express 06,EXPRESS,SEC-AWR-BKI,2025-02-25,08:39:00,09:24:00,08:45:00,09:31:00,7,HIGH
TRN-12006,Synthetic Corridor Express 06,EXPRESS,SEC-BKI-JP,2025-02-25,09:30:00,10:25:00,09:38:00,10:35:00,10,HIGH
TRN-12008,Synthetic Corridor Express 08,EXPRESS,SEC-NDLS-RE,2025-02-25,07:39:00,08:31:00,07:44:00,08:38:00,7,HIGH
TRN-12008,Synthetic Corridor Express 08,EXPRESS,SEC-RE-AWR,2025-02-25,08:37:00,09:27:00,08:47:00,09:37:00,10,HIGH
TRN-12008,Synthetic Corridor Express 08,EXPRESS,SEC-AWR-BKI,2025-02-25,09:33:00,10:18:00,09:44:00,10:31:00,13,HIGH
TRN-12008,Synthetic Corridor Express 08,EXPRESS,SEC-BKI-JP,2025-02-25,10:24:00,11:19:00,10:37:00,11:34:00,15,HIGH
TRN-12009,Synthetic Corridor Express 09,EXPRESS,SEC-NDLS-RE,2025-02-25,08:06:00,08:58:00,08:14:00,09:06:00,8,HIGH
TRN-12009,Synthetic Corridor Express 09,EXPRESS,SEC-RE-AWR,2025-02-25,09:04:00,09:54:00,09:12:00,10:06:00,12,HIGH
TRN-12009,Synthetic Corridor Express 09,EXPRESS,SEC-AWR-BKI,2025-02-25,10:00:00,10:45:00,10:14:00,10:59:00,14,HIGH
TRN-12009,Synthetic Corridor Express 09,EXPRESS,SEC-BKI-JP,2025-02-25,10:51:00,11:46:00,11:07:00,12:03:00,17,HIGH
TRN-12010,Synthetic Corridor Express 10,EXPRESS,SEC-NDLS-RE,2025-02-25,08:33:00,09:25:00,08:40:00,09:32:00,7,HIGH
TRN-12010,Synthetic Corridor Express 10,EXPRESS,SEC-RE-AWR,2025-02-25,09:31:00,10:21:00,09:40:00,10:32:00,11,HIGH
TRN-12010,Synthetic Corridor Express 10,EXPRESS,SEC-AWR-BKI,2025-02-25,10:27:00,11:12:00,10:38:00,11:24:00,12,HIGH
TRN-12010,Synthetic Corridor Express 10,EXPRESS,SEC-BKI-JP,2025-02-25,11:18:00,12:13:00,11:31:00,12:28:00,15,HIGH
TRN-12011,Synthetic Corridor Passenger 11,PASSENGER,SEC-NDLS-RE,2025-02-25,09:00:00,10:02:00,09:09:00,10:13:00,11,MEDIUM
TRN-12011,Synthetic Corridor Passenger 11,PASSENGER,SEC-RE-AWR,2025-02-25,10:11:00,11:10:00,10:22:00,11:22:00,12,MEDIUM
TRN-12011,Synthetic Corridor Passenger 11,PASSENGER,SEC-AWR-BKI,2025-02-25,11:19:00,12:12:00,11:32:00,12:27:00,15,MEDIUM
TRN-12011,Synthetic Corridor Passenger 11,PASSENGER,SEC-BKI-JP,2025-02-25,12:21:00,13:27:00,12:37:00,13:45:00,18,MEDIUM
TRN-12012,Synthetic Corridor Passenger 12,PASSENGER,SEC-NDLS-RE,2025-02-25,09:27:00,10:29:00,09:33:00,10:36:00,7,MEDIUM
TRN-12012,Synthetic Corridor Passenger 12,PASSENGER,SEC-RE-AWR,2025-02-25,10:38:00,11:37:00,10:46:00,11:46:00,9,MEDIUM
TRN-12012,Synthetic Corridor Passenger 12,PASSENGER,SEC-AWR-BKI,2025-02-25,11:46:00,12:39:00,11:55:00,12:51:00,12,MEDIUM
TRN-12012,Synthetic Corridor Passenger 12,PASSENGER,SEC-BKI-JP,2025-02-25,12:48:00,13:54:00,13:00:00,14:08:00,14,MEDIUM
TRN-12013,Synthetic Corridor Passenger 13,PASSENGER,SEC-NDLS-RE,2025-02-25,09:54:00,10:56:00,09:59:00,11:02:00,6,MEDIUM
TRN-12013,Synthetic Corridor Passenger 13,PASSENGER,SEC-RE-AWR,2025-02-25,11:05:00,12:04:00,11:12:00,12:11:00,7,MEDIUM
TRN-12013,Synthetic Corridor Passenger 13,PASSENGER,SEC-AWR-BKI,2025-02-25,12:13:00,13:06:00,12:21:00,13:15:00,9,MEDIUM
TRN-12013,Synthetic Corridor Passenger 13,PASSENGER,SEC-BKI-JP,2025-02-25,13:15:00,14:21:00,13:25:00,14:34:00,13,MEDIUM
TRN-12014,Synthetic Corridor Passenger 14,PASSENGER,SEC-NDLS-RE,2025-02-25,10:21:00,11:23:00,10:28:00,11:35:00,12,MEDIUM
TRN-12014,Synthetic Corridor Passenger 14,PASSENGER,SEC-RE-AWR,2025-02-25,11:32:00,12:31:00,11:44:00,12:45:00,14,MEDIUM
TRN-12014,Synthetic Corridor Passenger 14,PASSENGER,SEC-AWR-BKI,2025-02-25,12:40:00,13:33:00,12:57:00,13:51:00,18,MEDIUM
TRN-12014,Synthetic Corridor Passenger 14,PASSENGER,SEC-BKI-JP,2025-02-25,13:42:00,14:48:00,14:00:00,15:08:00,20,MEDIUM
TRN-12015,Synthetic Corridor Passenger 15,PASSENGER,SEC-NDLS-RE,2025-02-25,10:48:00,11:50:00,10:56:00,11:59:00,9,MEDIUM
TRN-12015,Synthetic Corridor Passenger 15,PASSENGER,SEC-RE-AWR,2025-02-25,11:59:00,12:58:00,12:09:00,13:09:00,11,MEDIUM
TRN-12015,Synthetic Corridor Passenger 15,PASSENGER,SEC-AWR-BKI,2025-02-25,13:07:00,14:00:00,13:19:00,14:14:00,14,MEDIUM
TRN-12015,Synthetic Corridor Passenger 15,PASSENGER,SEC-BKI-JP,2025-02-25,14:09:00,15:15:00,14:23:00,15:34:00,19,MEDIUM
TRN-12016,Synthetic Corridor Passenger 16,PASSENGER,SEC-NDLS-RE,2025-02-25,11:15:00,12:17:00,11:24:00,12:28:00,11,MEDIUM
TRN-12016,Synthetic Corridor Passenger 16,PASSENGER,SEC-RE-AWR,2025-02-25,12:26:00,13:25:00,12:38:00,13:38:00,13,MEDIUM
TRN-12016,Synthetic Corridor Passenger 16,PASSENGER,SEC-AWR-BKI,2025-02-25,13:34:00,14:27:00,13:48:00,14:43:00,16,MEDIUM
TRN-12016,Synthetic Corridor Passenger 16,PASSENGER,SEC-BKI-JP,2025-02-25,14:36:00,15:42:00,14:53:00,16:04:00,22,MEDIUM
TRN-12017,Synthetic Corridor Passenger 17,PASSENGER,SEC-NDLS-RE,2025-02-25,11:42:00,12:44:00,11:44:00,12:47:00,3,MEDIUM
TRN-12017,Synthetic Corridor Passenger 17,PASSENGER,SEC-RE-AWR,2025-02-25,12:53:00,13:52:00,12:57:00,13:58:00,6,MEDIUM
TRN-12017,Synthetic Corridor Passenger 17,PASSENGER,SEC-AWR-BKI,2025-02-25,14:01:00,14:54:00,14:09:00,15:04:00,10,MEDIUM
TRN-12017,Synthetic Corridor Passenger 17,PASSENGER,SEC-BKI-JP,2025-02-25,15:03:00,16:09:00,15:14:00,16:22:00,13,MEDIUM
TRN-12018,Synthetic Corridor Passenger 18,PASSENGER,SEC-NDLS-RE,2025-02-25,12:09:00,13:11:00,12:14:00,13:18:00,7,MEDIUM
TRN-12018,Synthetic Corridor Passenger 18,PASSENGER,SEC-RE-AWR,2025-02-25,13:20:00,14:19:00,13:27:00,14:27:00,8,MEDIUM
TRN-12018,Synthetic Corridor Passenger 18,PASSENGER,SEC-AWR-BKI,2025-02-25,14:28:00,15:21:00,14:36:00,15:29:00,8,MEDIUM
TRN-12018,Synthetic Corridor Passenger 18,PASSENGER,SEC-BKI-JP,2025-02-25,15:30:00,16:36:00,15:38:00,16:45:00,9,MEDIUM
TRN-12020,Synthetic Corridor Freight 20,FREIGHT,SEC-NDLS-RE,2025-02-25,13:03:00,14:25:00,13:09:00,14:35:00,10,LOW
TRN-12020,Synthetic Corridor Freight 20,FREIGHT,SEC-RE-AWR,2025-02-25,14:37:00,15:55:00,14:47:00,16:05:00,10,LOW
TRN-12020,Synthetic Corridor Freight 20,FREIGHT,SEC-AWR-BKI,2025-02-25,16:07:00,17:18:00,16:18:00,17:30:00,12,LOW
TRN-12020,Synthetic Corridor Freight 20,FREIGHT,SEC-BKI-JP,2025-02-25,17:30:00,18:58:00,17:42:00,19:12:00,14,LOW
TRN-12021,Synthetic Corridor Freight 21,FREIGHT,SEC-NDLS-RE,2025-02-25,13:30:00,14:52:00,13:38:00,15:00:00,8,LOW
TRN-12021,Synthetic Corridor Freight 21,FREIGHT,SEC-RE-AWR,2025-02-25,15:04:00,16:22:00,15:12:00,16:32:00,10,LOW
TRN-12021,Synthetic Corridor Freight 21,FREIGHT,SEC-AWR-BKI,2025-02-25,16:34:00,17:45:00,16:44:00,17:56:00,11,LOW
TRN-12021,Synthetic Corridor Freight 21,FREIGHT,SEC-BKI-JP,2025-02-25,17:57:00,19:25:00,18:09:00,19:43:00,18,LOW
TRN-12022,Synthetic Corridor Freight 22,FREIGHT,SEC-NDLS-RE,2025-02-25,13:57:00,15:19:00,14:01:00,15:26:00,7,LOW
TRN-12022,Synthetic Corridor Freight 22,FREIGHT,SEC-RE-AWR,2025-02-25,15:31:00,16:49:00,15:38:00,16:57:00,8,LOW
TRN-12022,Synthetic Corridor Freight 22,FREIGHT,SEC-AWR-BKI,2025-02-25,17:01:00,18:12:00,17:10:00,18:22:00,10,LOW
TRN-12022,Synthetic Corridor Freight 22,FREIGHT,SEC-BKI-JP,2025-02-25,18:24:00,19:52:00,18:35:00,20:04:00,12,LOW
TRN-12024,Synthetic Corridor Freight 24,FREIGHT,SEC-NDLS-RE,2025-02-25,14:51:00,16:13:00,14:52:00,16:16:00,3,LOW
TRN-12024,Synthetic Corridor Freight 24,FREIGHT,SEC-RE-AWR,2025-02-25,16:25:00,17:43:00,16:29:00,17:49:00,6,LOW
TRN-12024,Synthetic Corridor Freight 24,FREIGHT,SEC-AWR-BKI,2025-02-25,17:55:00,19:06:00,18:04:00,19:17:00,11,LOW
TRN-12024,Synthetic Corridor Freight 24,FREIGHT,SEC-BKI-JP,2025-02-25,19:18:00,20:46:00,19:31:00,21:00:00,14,LOW
TRN-12001,Synthetic Corridor Express 01,EXPRESS,SEC-NDLS-RE,2025-02-26,04:30:00,05:22:00,04:33:00,05:26:00,4,HIGH
TRN-12001,Synthetic Corridor Express 01,EXPRESS,SEC-RE-AWR,2025-02-26,05:28:00,06:18:00,05:33:00,06:23:00,5,HIGH
TRN-12001,Synthetic Corridor Express 01,EXPRESS,SEC-AWR-BKI,2025-02-26,06:24:00,07:09:00,06:29:00,07:15:00,6,HIGH
TRN-12001,Synthetic Corridor Express 01,EXPRESS,SEC-BKI-JP,2025-02-26,07:15:00,08:10:00,07:23:00,08:18:00,8,HIGH
TRN-12002,Synthetic Corridor Express 02,EXPRESS,SEC-NDLS-RE,2025-02-26,04:57:00,05:49:00,04:59:00,05:53:00,4,HIGH
TRN-12002,Synthetic Corridor Express 02,EXPRESS,SEC-RE-AWR,2025-02-26,05:55:00,06:45:00,05:59:00,06:51:00,6,HIGH
TRN-12002,Synthetic Corridor Express 02,EXPRESS,SEC-AWR-BKI,2025-02-26,06:51:00,07:36:00,06:57:00,07:42:00,6,HIGH
TRN-12002,Synthetic Corridor Express 02,EXPRESS,SEC-BKI-JP,2025-02-26,07:42:00,08:37:00,07:48:00,08:45:00,8,HIGH
TRN-12003,Synthetic Corridor Express 03,EXPRESS,SEC-NDLS-RE,2025-02-26,05:24:00,06:16:00,05:24:00,06:17:00,1,HIGH
TRN-12003,Synthetic Corridor Express 03,EXPRESS,SEC-RE-AWR,2025-02-26,06:22:00,07:12:00,06:24:00,07:16:00,4,HIGH
TRN-12003,Synthetic Corridor Express 03,EXPRESS,SEC-AWR-BKI,2025-02-26,07:18:00,08:03:00,07:22:00,08:07:00,4,HIGH
TRN-12003,Synthetic Corridor Express 03,EXPRESS,SEC-BKI-JP,2025-02-26,08:09:00,09:04:00,08:13:00,09:08:00,4,HIGH
TRN-12005,Synthetic Corridor Express 05,EXPRESS,SEC-NDLS-RE,2025-02-26,06:18:00,07:10:00,06:21:00,07:13:00,3,HIGH
TRN-12005,Synthetic Corridor Express 05,EXPRESS,SEC-RE-AWR,2025-02-26,07:16:00,08:06:00,07:19:00,08:10:00,4,HIGH
TRN-12005,Synthetic Corridor Express 05,EXPRESS,SEC-AWR-BKI,2025-02-26,08:12:00,08:57:00,08:16:00,09:03:00,6,HIGH
TRN-12005,Synthetic Corridor Express 05,EXPRESS,SEC-BKI-JP,2025-02-26,09:03:00,09:58:00,09:09:00,10:06:00,8,HIGH
TRN-12006,Synthetic Corridor Express 06,EXPRESS,SEC-NDLS-RE,2025-02-26,06:45:00,07:37:00,06:48:00,07:40:00,3,HIGH
TRN-12006,Synthetic Corridor Express 06,EXPRESS,SEC-RE-AWR,2025-02-26,07:43:00,08:33:00,07:46:00,08:36:00,3,HIGH
TRN-12006,Synthetic Corridor Express 06,EXPRESS,SEC-AWR-BKI,2025-02-26,08:39:00,09:24:00,08:42:00,09:27:00,3,HIGH
TRN-12006,Synthetic Corridor Express 06,EXPRESS,SEC-BKI-JP,2025-02-26,09:30:00,10:25:00,09:33:00,10:28:00,3,HIGH
TRN-12007,Synthetic Corridor Express 07,EXPRESS,SEC-NDLS-RE,2025-02-26,07:12:00,08:04:00,07:21:00,08:14:00,10,HIGH
TRN-12007,Synthetic Corridor Express 07,EXPRESS,SEC-RE-AWR,2025-02-26,08:10:00,09:00:00,08:21:00,09:11:00,11,HIGH
TRN-12007,Synthetic Corridor Express 07,EXPRESS,SEC-AWR-BKI,2025-02-26,09:06:00,09:51:00,09:19:00,10:05:00,14,HIGH
TRN-12007,Synthetic Corridor Express 07,EXPRESS,SEC-BKI-JP,2025-02-26,09:57:00,10:52:00,10:11:00,11:06:00,14,HIGH
TRN-12009,Synthetic Corridor Express 09,EXPRESS,SEC-NDLS-RE,2025-02-26,08:06:00,08:58:00,08:09:00,09:02:00,4,HIGH
TRN-12009,Synthetic Corridor Express 09,EXPRESS,SEC-RE-AWR,2025-02-26,09:04:00,09:54:00,09:08:00,10:01:00,7,HIGH
TRN-12009,Synthetic Corridor Express 09,EXPRESS,SEC-AWR-BKI,2025-02-26,10:00:00,10:45:00,10:08:00,10:54:00,9,HIGH
TRN-12009,Synthetic Corridor Express 09,EXPRESS,SEC-BKI-JP,2025-02-26,10:51:00,11:46:00,11:00:00,11:57:00,11,HIGH
TRN-12010,Synthetic Corridor Express 10,EXPRESS,SEC-NDLS-RE,2025-02-26,08:33:00,09:25:00,08:36:00,09:28:00,3,HIGH
TRN-12010,Synthetic Corridor Express 10,EXPRESS,SEC-RE-AWR,2025-02-26,09:31:00,10:21:00,09:35:00,10:27:00,6,HIGH
TRN-12010,Synthetic Corridor Express 10,EXPRESS,SEC-AWR-BKI,2025-02-26,10:27:00,11:12:00,10:33:00,11:19:00,7,HIGH
TRN-12010,Synthetic Corridor Express 10,EXPRESS,SEC-BKI-JP,2025-02-26,11:18:00,12:13:00,11:25:00,12:20:00,7,HIGH
TRN-12011,Synthetic Corridor Passenger 11,PASSENGER,SEC-NDLS-RE,2025-02-26,09:00:00,10:02:00,09:06:00,10:10:00,8,MEDIUM
TRN-12011,Synthetic Corridor Passenger 11,PASSENGER,SEC-RE-AWR,2025-02-26,10:11:00,11:10:00,10:21:00,11:20:00,10,MEDIUM
TRN-12011,Synthetic Corridor Passenger 11,PASSENGER,SEC-AWR-BKI,2025-02-26,11:19:00,12:12:00,11:30:00,12:24:00,12,MEDIUM
TRN-12011,Synthetic Corridor Passenger 11,PASSENGER,SEC-BKI-JP,2025-02-26,12:21:00,13:27:00,12:33:00,13:41:00,14,MEDIUM
TRN-12012,Synthetic Corridor Passenger 12,PASSENGER,SEC-NDLS-RE,2025-02-26,09:27:00,10:29:00,09:35:00,10:38:00,9,MEDIUM
TRN-12012,Synthetic Corridor Passenger 12,PASSENGER,SEC-RE-AWR,2025-02-26,10:38:00,11:37:00,10:47:00,11:47:00,10,MEDIUM
TRN-12012,Synthetic Corridor Passenger 12,PASSENGER,SEC-AWR-BKI,2025-02-26,11:46:00,12:39:00,11:56:00,12:49:00,10,MEDIUM
TRN-12012,Synthetic Corridor Passenger 12,PASSENGER,SEC-BKI-JP,2025-02-26,12:48:00,13:54:00,12:59:00,14:05:00,11,MEDIUM
TRN-12013,Synthetic Corridor Passenger 13,PASSENGER,SEC-NDLS-RE,2025-02-26,09:54:00,10:56:00,09:55:00,10:58:00,2,MEDIUM
TRN-12013,Synthetic Corridor Passenger 13,PASSENGER,SEC-RE-AWR,2025-02-26,11:05:00,12:04:00,11:07:00,12:07:00,3,MEDIUM
TRN-12013,Synthetic Corridor Passenger 13,PASSENGER,SEC-AWR-BKI,2025-02-26,12:13:00,13:06:00,12:16:00,13:11:00,5,MEDIUM
TRN-12013,Synthetic Corridor Passenger 13,PASSENGER,SEC-BKI-JP,2025-02-26,13:15:00,14:21:00,13:21:00,14:28:00,7,MEDIUM
TRN-12014,Synthetic Corridor Passenger 14,PASSENGER,SEC-NDLS-RE,2025-02-26,10:21:00,11:23:00,10:28:00,11:31:00,8,MEDIUM
TRN-12014,Synthetic Corridor Passenger 14,PASSENGER,SEC-RE-AWR,2025-02-26,11:32:00,12:31:00,11:40:00,12:40:00,9,MEDIUM
TRN-12014,Synthetic Corridor Passenger 14,PASSENGER,SEC-AWR-BKI,2025-02-26,12:40:00,13:33:00,12:49:00,13:44:00,11,MEDIUM
TRN-12014,Synthetic Corridor Passenger 14,PASSENGER,SEC-BKI-JP,2025-02-26,13:42:00,14:48:00,13:53:00,14:59:00,11,MEDIUM
TRN-12015,Synthetic Corridor Passenger 15,PASSENGER,SEC-NDLS-RE,2025-02-26,10:48:00,11:50:00,10:50:00,11:52:00,2,MEDIUM
TRN-12015,Synthetic Corridor Passenger 15,PASSENGER,SEC-RE-AWR,2025-02-26,11:59:00,12:58:00,12:01:00,13:00:00,2,MEDIUM
TRN-12015,Synthetic Corridor Passenger 15,PASSENGER,SEC-AWR-BKI,2025-02-26,13:07:00,14:00:00,13:09:00,14:04:00,4,MEDIUM
TRN-12015,Synthetic Corridor Passenger 15,PASSENGER,SEC-BKI-JP,2025-02-26,14:09:00,15:15:00,14:13:00,15:20:00,5,MEDIUM
TRN-12016,Synthetic Corridor Passenger 16,PASSENGER,SEC-NDLS-RE,2025-02-26,11:15:00,12:17:00,11:17:00,12:20:00,3,MEDIUM
TRN-12016,Synthetic Corridor Passenger 16,PASSENGER,SEC-RE-AWR,2025-02-26,12:26:00,13:25:00,12:32:00,13:33:00,8,MEDIUM
TRN-12016,Synthetic Corridor Passenger 16,PASSENGER,SEC-AWR-BKI,2025-02-26,13:34:00,14:27:00,13:42:00,14:37:00,10,MEDIUM
TRN-12016,Synthetic Corridor Passenger 16,PASSENGER,SEC-BKI-JP,2025-02-26,14:36:00,15:42:00,14:46:00,15:52:00,10,MEDIUM
TRN-12017,Synthetic Corridor Passenger 17,PASSENGER,SEC-NDLS-RE,2025-02-26,11:42:00,12:44:00,11:44:00,12:46:00,2,MEDIUM
TRN-12017,Synthetic Corridor Passenger 17,PASSENGER,SEC-RE-AWR,2025-02-26,12:53:00,13:52:00,12:55:00,13:54:00,2,MEDIUM
TRN-12017,Synthetic Corridor Passenger 17,PASSENGER,SEC-AWR-BKI,2025-02-26,14:01:00,14:54:00,14:03:00,14:56:00,2,MEDIUM
TRN-12017,Synthetic Corridor Passenger 17,PASSENGER,SEC-BKI-JP,2025-02-26,15:03:00,16:09:00,15:05:00,16:11:00,2,MEDIUM
TRN-12018,Synthetic Corridor Passenger 18,PASSENGER,SEC-NDLS-RE,2025-02-26,12:09:00,13:11:00,12:14:00,13:16:00,5,MEDIUM
TRN-12018,Synthetic Corridor Passenger 18,PASSENGER,SEC-RE-AWR,2025-02-26,13:20:00,14:19:00,13:25:00,14:25:00,6,MEDIUM
TRN-12018,Synthetic Corridor Passenger 18,PASSENGER,SEC-AWR-BKI,2025-02-26,14:28:00,15:21:00,14:36:00,15:29:00,8,MEDIUM
TRN-12018,Synthetic Corridor Passenger 18,PASSENGER,SEC-BKI-JP,2025-02-26,15:30:00,16:36:00,15:38:00,16:46:00,10,MEDIUM
TRN-12019,Synthetic Corridor Freight 19,FREIGHT,SEC-NDLS-RE,2025-02-26,12:36:00,13:58:00,12:39:00,14:01:00,3,LOW
TRN-12019,Synthetic Corridor Freight 19,FREIGHT,SEC-RE-AWR,2025-02-26,14:10:00,15:28:00,14:13:00,15:31:00,3,LOW
TRN-12019,Synthetic Corridor Freight 19,FREIGHT,SEC-AWR-BKI,2025-02-26,15:40:00,16:51:00,15:44:00,16:55:00,4,LOW
TRN-12019,Synthetic Corridor Freight 19,FREIGHT,SEC-BKI-JP,2025-02-26,17:03:00,18:31:00,17:07:00,18:38:00,7,LOW
TRN-12021,Synthetic Corridor Freight 21,FREIGHT,SEC-NDLS-RE,2025-02-26,13:30:00,14:52:00,13:30:00,14:52:00,0,LOW
TRN-12021,Synthetic Corridor Freight 21,FREIGHT,SEC-RE-AWR,2025-02-26,15:04:00,16:22:00,15:04:00,16:23:00,1,LOW
TRN-12021,Synthetic Corridor Freight 21,FREIGHT,SEC-AWR-BKI,2025-02-26,16:34:00,17:45:00,16:36:00,17:49:00,4,LOW
TRN-12021,Synthetic Corridor Freight 21,FREIGHT,SEC-BKI-JP,2025-02-26,17:57:00,19:25:00,18:02:00,19:32:00,7,LOW
TRN-12022,Synthetic Corridor Freight 22,FREIGHT,SEC-NDLS-RE,2025-02-26,13:57:00,15:19:00,14:01:00,15:23:00,4,LOW
TRN-12022,Synthetic Corridor Freight 22,FREIGHT,SEC-RE-AWR,2025-02-26,15:31:00,16:49:00,15:35:00,16:54:00,5,LOW
TRN-12022,Synthetic Corridor Freight 22,FREIGHT,SEC-AWR-BKI,2025-02-26,17:01:00,18:12:00,17:06:00,18:17:00,5,LOW
TRN-12022,Synthetic Corridor Freight 22,FREIGHT,SEC-BKI-JP,2025-02-26,18:24:00,19:52:00,18:29:00,19:57:00,5,LOW
TRN-12023,Synthetic Corridor Freight 23,FREIGHT,SEC-NDLS-RE,2025-02-26,14:24:00,15:46:00,14:30:00,15:52:00,6,LOW
TRN-12023,Synthetic Corridor Freight 23,FREIGHT,SEC-RE-AWR,2025-02-26,15:58:00,17:16:00,16:04:00,17:24:00,8,LOW
TRN-12023,Synthetic Corridor Freight 23,FREIGHT,SEC-AWR-BKI,2025-02-26,17:28:00,18:39:00,17:36:00,18:47:00,8,LOW
TRN-12023,Synthetic Corridor Freight 23,FREIGHT,SEC-BKI-JP,2025-02-26,18:51:00,20:19:00,19:00:00,20:29:00,10,LOW
TRN-12001,Synthetic Corridor Express 01,EXPRESS,SEC-NDLS-RE,2025-02-27,04:30:00,05:22:00,04:31:00,05:24:00,2,HIGH
TRN-12001,Synthetic Corridor Express 01,EXPRESS,SEC-RE-AWR,2025-02-27,05:28:00,06:18:00,05:31:00,06:22:00,4,HIGH
TRN-12001,Synthetic Corridor Express 01,EXPRESS,SEC-AWR-BKI,2025-02-27,06:24:00,07:09:00,06:28:00,07:13:00,4,HIGH
TRN-12001,Synthetic Corridor Express 01,EXPRESS,SEC-BKI-JP,2025-02-27,07:15:00,08:10:00,07:19:00,08:15:00,5,HIGH
TRN-12002,Synthetic Corridor Express 02,EXPRESS,SEC-NDLS-RE,2025-02-27,04:57:00,05:49:00,04:59:00,05:51:00,2,HIGH
TRN-12002,Synthetic Corridor Express 02,EXPRESS,SEC-RE-AWR,2025-02-27,05:55:00,06:45:00,05:57:00,06:47:00,2,HIGH
TRN-12002,Synthetic Corridor Express 02,EXPRESS,SEC-AWR-BKI,2025-02-27,06:51:00,07:36:00,06:53:00,07:40:00,4,HIGH
TRN-12002,Synthetic Corridor Express 02,EXPRESS,SEC-BKI-JP,2025-02-27,07:42:00,08:37:00,07:46:00,08:42:00,5,HIGH
TRN-12004,Synthetic Corridor Express 04,EXPRESS,SEC-NDLS-RE,2025-02-27,05:51:00,06:43:00,05:52:00,06:44:00,1,HIGH
TRN-12004,Synthetic Corridor Express 04,EXPRESS,SEC-RE-AWR,2025-02-27,06:49:00,07:39:00,06:50:00,07:40:00,1,HIGH
TRN-12004,Synthetic Corridor Express 04,EXPRESS,SEC-AWR-BKI,2025-02-27,07:45:00,08:30:00,07:46:00,08:32:00,2,HIGH
TRN-12004,Synthetic Corridor Express 04,EXPRESS,SEC-BKI-JP,2025-02-27,08:36:00,09:31:00,08:38:00,09:34:00,3,HIGH
TRN-12005,Synthetic Corridor Express 05,EXPRESS,SEC-NDLS-RE,2025-02-27,06:18:00,07:10:00,06:22:00,07:15:00,5,HIGH
TRN-12005,Synthetic Corridor Express 05,EXPRESS,SEC-RE-AWR,2025-02-27,07:16:00,08:06:00,07:21:00,08:11:00,5,HIGH
TRN-12005,Synthetic Corridor Express 05,EXPRESS,SEC-AWR-BKI,2025-02-27,08:12:00,08:57:00,08:20:00,09:05:00,8,HIGH
TRN-12005,Synthetic Corridor Express 05,EXPRESS,SEC-BKI-JP,2025-02-27,09:03:00,09:58:00,09:12:00,10:07:00,9,HIGH
TRN-12006,Synthetic Corridor Express 06,EXPRESS,SEC-NDLS-RE,2025-02-27,06:45:00,07:37:00,06:48:00,07:40:00,3,HIGH
TRN-12006,Synthetic Corridor Express 06,EXPRESS,SEC-RE-AWR,2025-02-27,07:43:00,08:33:00,07:47:00,08:37:00,4,HIGH
TRN-12006,Synthetic Corridor Express 06,EXPRESS,SEC-AWR-BKI,2025-02-27,08:39:00,09:24:00,08:43:00,09:30:00,6,HIGH
TRN-12006,Synthetic Corridor Express 06,EXPRESS,SEC-BKI-JP,2025-02-27,09:30:00,10:25:00,09:36:00,10:32:00,7,HIGH
TRN-12008,Synthetic Corridor Express 08,EXPRESS,SEC-NDLS-RE,2025-02-27,07:39:00,08:31:00,07:42:00,08:34:00,3,HIGH
TRN-12008,Synthetic Corridor Express 08,EXPRESS,SEC-RE-AWR,2025-02-27,08:37:00,09:27:00,08:40:00,09:31:00,4,HIGH
TRN-12008,Synthetic Corridor Express 08,EXPRESS,SEC-AWR-BKI,2025-02-27,09:33:00,10:18:00,09:37:00,10:22:00,4,HIGH
TRN-12008,Synthetic Corridor Express 08,EXPRESS,SEC-BKI-JP,2025-02-27,10:24:00,11:19:00,10:29:00,11:25:00,6,HIGH
TRN-12009,Synthetic Corridor Express 09,EXPRESS,SEC-NDLS-RE,2025-02-27,08:06:00,08:58:00,08:10:00,09:03:00,5,HIGH
TRN-12009,Synthetic Corridor Express 09,EXPRESS,SEC-RE-AWR,2025-02-27,09:04:00,09:54:00,09:10:00,10:01:00,7,HIGH
TRN-12009,Synthetic Corridor Express 09,EXPRESS,SEC-AWR-BKI,2025-02-27,10:00:00,10:45:00,10:07:00,10:53:00,8,HIGH
TRN-12009,Synthetic Corridor Express 09,EXPRESS,SEC-BKI-JP,2025-02-27,10:51:00,11:46:00,10:59:00,11:55:00,9,HIGH
TRN-12010,Synthetic Corridor Express 10,EXPRESS,SEC-NDLS-RE,2025-02-27,08:33:00,09:25:00,08:35:00,09:28:00,3,HIGH
TRN-12010,Synthetic Corridor Express 10,EXPRESS,SEC-RE-AWR,2025-02-27,09:31:00,10:21:00,09:34:00,10:24:00,3,HIGH
TRN-12010,Synthetic Corridor Express 10,EXPRESS,SEC-AWR-BKI,2025-02-27,10:27:00,11:12:00,10:30:00,11:15:00,3,HIGH
TRN-12010,Synthetic Corridor Express 10,EXPRESS,SEC-BKI-JP,2025-02-27,11:18:00,12:13:00,11:21:00,12:18:00,5,HIGH
TRN-12011,Synthetic Corridor Passenger 11,PASSENGER,SEC-NDLS-RE,2025-02-27,09:00:00,10:02:00,09:03:00,10:07:00,5,MEDIUM
TRN-12011,Synthetic Corridor Passenger 11,PASSENGER,SEC-RE-AWR,2025-02-27,10:11:00,11:10:00,10:16:00,11:17:00,7,MEDIUM
TRN-12011,Synthetic Corridor Passenger 11,PASSENGER,SEC-AWR-BKI,2025-02-27,11:19:00,12:12:00,11:27:00,12:21:00,9,MEDIUM
TRN-12011,Synthetic Corridor Passenger 11,PASSENGER,SEC-BKI-JP,2025-02-27,12:21:00,13:27:00,12:31:00,13:38:00,11,MEDIUM
TRN-12012,Synthetic Corridor Passenger 12,PASSENGER,SEC-NDLS-RE,2025-02-27,09:27:00,10:29:00,09:31:00,10:34:00,5,MEDIUM
TRN-12012,Synthetic Corridor Passenger 12,PASSENGER,SEC-RE-AWR,2025-02-27,10:38:00,11:37:00,10:43:00,11:42:00,5,MEDIUM
TRN-12012,Synthetic Corridor Passenger 12,PASSENGER,SEC-AWR-BKI,2025-02-27,11:46:00,12:39:00,11:53:00,12:47:00,8,MEDIUM
TRN-12012,Synthetic Corridor Passenger 12,PASSENGER,SEC-BKI-JP,2025-02-27,12:48:00,13:54:00,12:56:00,14:02:00,8,MEDIUM
TRN-12013,Synthetic Corridor Passenger 13,PASSENGER,SEC-NDLS-RE,2025-02-27,09:54:00,10:56:00,10:00:00,11:04:00,8,MEDIUM
TRN-12013,Synthetic Corridor Passenger 13,PASSENGER,SEC-RE-AWR,2025-02-27,11:05:00,12:04:00,11:13:00,12:15:00,11,MEDIUM
TRN-12013,Synthetic Corridor Passenger 13,PASSENGER,SEC-AWR-BKI,2025-02-27,12:13:00,13:06:00,12:24:00,13:20:00,14,MEDIUM
TRN-12013,Synthetic Corridor Passenger 13,PASSENGER,SEC-BKI-JP,2025-02-27,13:15:00,14:21:00,13:29:00,14:35:00,14,MEDIUM
TRN-12014,Synthetic Corridor Passenger 14,PASSENGER,SEC-NDLS-RE,2025-02-27,10:21:00,11:23:00,10:28:00,11:32:00,9,MEDIUM
TRN-12014,Synthetic Corridor Passenger 14,PASSENGER,SEC-RE-AWR,2025-02-27,11:32:00,12:31:00,11:42:00,12:42:00,11,MEDIUM
TRN-12014,Synthetic Corridor Passenger 14,PASSENGER,SEC-AWR-BKI,2025-02-27,12:40:00,13:33:00,12:51:00,13:47:00,14,MEDIUM
TRN-12014,Synthetic Corridor Passenger 14,PASSENGER,SEC-BKI-JP,2025-02-27,13:42:00,14:48:00,13:56:00,15:03:00,15,MEDIUM
TRN-12015,Synthetic Corridor Passenger 15,PASSENGER,SEC-NDLS-RE,2025-02-27,10:48:00,11:50:00,10:55:00,11:59:00,9,MEDIUM
TRN-12015,Synthetic Corridor Passenger 15,PASSENGER,SEC-RE-AWR,2025-02-27,11:59:00,12:58:00,12:08:00,13:09:00,11,MEDIUM
TRN-12015,Synthetic Corridor Passenger 15,PASSENGER,SEC-AWR-BKI,2025-02-27,13:07:00,14:00:00,13:18:00,14:12:00,12,MEDIUM
TRN-12015,Synthetic Corridor Passenger 15,PASSENGER,SEC-BKI-JP,2025-02-27,14:09:00,15:15:00,14:21:00,15:27:00,12,MEDIUM
TRN-12016,Synthetic Corridor Passenger 16,PASSENGER,SEC-NDLS-RE,2025-02-27,11:15:00,12:17:00,11:17:00,12:19:00,2,MEDIUM
TRN-12016,Synthetic Corridor Passenger 16,PASSENGER,SEC-RE-AWR,2025-02-27,12:26:00,13:25:00,12:28:00,13:27:00,2,MEDIUM
TRN-12016,Synthetic Corridor Passenger 16,PASSENGER,SEC-AWR-BKI,2025-02-27,13:34:00,14:27:00,13:36:00,14:30:00,3,MEDIUM
TRN-12016,Synthetic Corridor Passenger 16,PASSENGER,SEC-BKI-JP,2025-02-27,14:36:00,15:42:00,14:40:00,15:48:00,6,MEDIUM
TRN-12017,Synthetic Corridor Passenger 17,PASSENGER,SEC-NDLS-RE,2025-02-27,11:42:00,12:44:00,11:43:00,12:45:00,1,MEDIUM
TRN-12017,Synthetic Corridor Passenger 17,PASSENGER,SEC-RE-AWR,2025-02-27,12:53:00,13:52:00,12:54:00,13:53:00,1,MEDIUM
TRN-12017,Synthetic Corridor Passenger 17,PASSENGER,SEC-AWR-BKI,2025-02-27,14:01:00,14:54:00,14:03:00,14:58:00,4,MEDIUM
TRN-12017,Synthetic Corridor Passenger 17,PASSENGER,SEC-BKI-JP,2025-02-27,15:03:00,16:09:00,15:07:00,16:14:00,5,MEDIUM
TRN-12018,Synthetic Corridor Passenger 18,PASSENGER,SEC-NDLS-RE,2025-02-27,12:09:00,13:11:00,12:10:00,13:12:00,1,MEDIUM
TRN-12018,Synthetic Corridor Passenger 18,PASSENGER,SEC-RE-AWR,2025-02-27,13:20:00,14:19:00,13:22:00,14:22:00,3,MEDIUM
TRN-12018,Synthetic Corridor Passenger 18,PASSENGER,SEC-AWR-BKI,2025-02-27,14:28:00,15:21:00,14:32:00,15:26:00,5,MEDIUM
TRN-12018,Synthetic Corridor Passenger 18,PASSENGER,SEC-BKI-JP,2025-02-27,15:30:00,16:36:00,15:36:00,16:43:00,7,MEDIUM
TRN-12020,Synthetic Corridor Freight 20,FREIGHT,SEC-NDLS-RE,2025-02-27,13:03:00,14:25:00,13:10:00,14:32:00,7,LOW
TRN-12020,Synthetic Corridor Freight 20,FREIGHT,SEC-RE-AWR,2025-02-27,14:37:00,15:55:00,14:44:00,16:04:00,9,LOW
TRN-12020,Synthetic Corridor Freight 20,FREIGHT,SEC-AWR-BKI,2025-02-27,16:07:00,17:18:00,16:16:00,17:29:00,11,LOW
TRN-12020,Synthetic Corridor Freight 20,FREIGHT,SEC-BKI-JP,2025-02-27,17:30:00,18:58:00,17:41:00,19:09:00,11,LOW
TRN-12021,Synthetic Corridor Freight 21,FREIGHT,SEC-NDLS-RE,2025-02-27,13:30:00,14:52:00,13:33:00,14:55:00,3,LOW
TRN-12021,Synthetic Corridor Freight 21,FREIGHT,SEC-RE-AWR,2025-02-27,15:04:00,16:22:00,15:09:00,16:29:00,7,LOW
TRN-12021,Synthetic Corridor Freight 21,FREIGHT,SEC-AWR-BKI,2025-02-27,16:34:00,17:45:00,16:42:00,17:53:00,8,LOW
TRN-12021,Synthetic Corridor Freight 21,FREIGHT,SEC-BKI-JP,2025-02-27,17:57:00,19:25:00,18:05:00,19:35:00,10,LOW
TRN-12022,Synthetic Corridor Freight 22,FREIGHT,SEC-NDLS-RE,2025-02-27,13:57:00,15:19:00,14:02:00,15:25:00,6,LOW
TRN-12022,Synthetic Corridor Freight 22,FREIGHT,SEC-RE-AWR,2025-02-27,15:31:00,16:49:00,15:39:00,16:58:00,9,LOW
TRN-12022,Synthetic Corridor Freight 22,FREIGHT,SEC-AWR-BKI,2025-02-27,17:01:00,18:12:00,17:10:00,18:22:00,10,LOW
TRN-12022,Synthetic Corridor Freight 22,FREIGHT,SEC-BKI-JP,2025-02-27,18:24:00,19:52:00,18:34:00,20:02:00,10,LOW
TRN-12024,Synthetic Corridor Freight 24,FREIGHT,SEC-NDLS-RE,2025-02-27,14:51:00,16:13:00,14:56:00,16:20:00,7,LOW
TRN-12024,Synthetic Corridor Freight 24,FREIGHT,SEC-RE-AWR,2025-02-27,16:25:00,17:43:00,16:32:00,17:51:00,8,LOW
TRN-12024,Synthetic Corridor Freight 24,FREIGHT,SEC-AWR-BKI,2025-02-27,17:55:00,19:06:00,18:03:00,19:14:00,8,LOW
TRN-12024,Synthetic Corridor Freight 24,FREIGHT,SEC-BKI-JP,2025-02-27,19:18:00,20:46:00,19:27:00,20:57:00,11,LOW
TRN-12001,Synthetic Corridor Express 01,EXPRESS,SEC-NDLS-RE,2025-02-28,04:30:00,05:22:00,04:31:00,05:24:00,2,HIGH
TRN-12001,Synthetic Corridor Express 01,EXPRESS,SEC-RE-AWR,2025-02-28,05:28:00,06:18:00,05:30:00,06:20:00,2,HIGH
TRN-12001,Synthetic Corridor Express 01,EXPRESS,SEC-AWR-BKI,2025-02-28,06:24:00,07:09:00,06:26:00,07:11:00,2,HIGH
TRN-12001,Synthetic Corridor Express 01,EXPRESS,SEC-BKI-JP,2025-02-28,07:15:00,08:10:00,07:17:00,08:13:00,3,HIGH
TRN-12002,Synthetic Corridor Express 02,EXPRESS,SEC-NDLS-RE,2025-02-28,04:57:00,05:49:00,05:00:00,05:52:00,3,HIGH
TRN-12002,Synthetic Corridor Express 02,EXPRESS,SEC-RE-AWR,2025-02-28,05:55:00,06:45:00,05:58:00,06:48:00,3,HIGH
TRN-12002,Synthetic Corridor Express 02,EXPRESS,SEC-AWR-BKI,2025-02-28,06:51:00,07:36:00,06:54:00,07:40:00,4,HIGH
TRN-12002,Synthetic Corridor Express 02,EXPRESS,SEC-BKI-JP,2025-02-28,07:42:00,08:37:00,07:47:00,08:42:00,5,HIGH
TRN-12003,Synthetic Corridor Express 03,EXPRESS,SEC-NDLS-RE,2025-02-28,05:24:00,06:16:00,05:24:00,06:17:00,1,HIGH
TRN-12003,Synthetic Corridor Express 03,EXPRESS,SEC-RE-AWR,2025-02-28,06:22:00,07:12:00,06:23:00,07:13:00,1,HIGH
TRN-12003,Synthetic Corridor Express 03,EXPRESS,SEC-AWR-BKI,2025-02-28,07:18:00,08:03:00,07:19:00,08:04:00,1,HIGH
TRN-12003,Synthetic Corridor Express 03,EXPRESS,SEC-BKI-JP,2025-02-28,08:09:00,09:04:00,08:10:00,09:05:00,1,HIGH
TRN-12005,Synthetic Corridor Express 05,EXPRESS,SEC-NDLS-RE,2025-02-28,06:18:00,07:10:00,06:21:00,07:13:00,3,HIGH
TRN-12005,Synthetic Corridor Express 05,EXPRESS,SEC-RE-AWR,2025-02-28,07:16:00,08:06:00,07:19:00,08:09:00,3,HIGH
TRN-12005,Synthetic Corridor Express 05,EXPRESS,SEC-AWR-BKI,2025-02-28,08:12:00,08:57:00,08:15:00,09:01:00,4,HIGH
TRN-12005,Synthetic Corridor Express 05,EXPRESS,SEC-BKI-JP,2025-02-28,09:03:00,09:58:00,09:08:00,10:03:00,5,HIGH
TRN-12006,Synthetic Corridor Express 06,EXPRESS,SEC-NDLS-RE,2025-02-28,06:45:00,07:37:00,06:47:00,07:39:00,2,HIGH
TRN-12006,Synthetic Corridor Express 06,EXPRESS,SEC-RE-AWR,2025-02-28,07:43:00,08:33:00,07:45:00,08:35:00,2,HIGH
TRN-12006,Synthetic Corridor Express 06,EXPRESS,SEC-AWR-BKI,2025-02-28,08:39:00,09:24:00,08:41:00,09:27:00,3,HIGH
TRN-12006,Synthetic Corridor Express 06,EXPRESS,SEC-BKI-JP,2025-02-28,09:30:00,10:25:00,09:34:00,10:31:00,6,HIGH
TRN-12007,Synthetic Corridor Express 07,EXPRESS,SEC-NDLS-RE,2025-02-28,07:12:00,08:04:00,07:15:00,08:07:00,3,HIGH
TRN-12007,Synthetic Corridor Express 07,EXPRESS,SEC-RE-AWR,2025-02-28,08:10:00,09:00:00,08:13:00,09:03:00,3,HIGH
TRN-12007,Synthetic Corridor Express 07,EXPRESS,SEC-AWR-BKI,2025-02-28,09:06:00,09:51:00,09:09:00,09:54:00,3,HIGH
TRN-12007,Synthetic Corridor Express 07,EXPRESS,SEC-BKI-JP,2025-02-28,09:57:00,10:52:00,10:00:00,10:55:00,3,HIGH
TRN-12009,Synthetic Corridor Express 09,EXPRESS,SEC-NDLS-RE,2025-02-28,08:06:00,08:58:00,08:10:00,09:03:00,5,HIGH
TRN-12009,Synthetic Corridor Express 09,EXPRESS,SEC-RE-AWR,2025-02-28,09:04:00,09:54:00,09:10:00,10:00:00,6,HIGH
TRN-12009,Synthetic Corridor Express 09,EXPRESS,SEC-AWR-BKI,2025-02-28,10:00:00,10:45:00,10:07:00,10:52:00,7,HIGH
TRN-12009,Synthetic Corridor Express 09,EXPRESS,SEC-BKI-JP,2025-02-28,10:51:00,11:46:00,10:58:00,11:54:00,8,HIGH
TRN-12010,Synthetic Corridor Express 10,EXPRESS,SEC-NDLS-RE,2025-02-28,08:33:00,09:25:00,08:36:00,09:29:00,4,HIGH
TRN-12010,Synthetic Corridor Express 10,EXPRESS,SEC-RE-AWR,2025-02-28,09:31:00,10:21:00,09:35:00,10:25:00,4,HIGH
TRN-12010,Synthetic Corridor Express 10,EXPRESS,SEC-AWR-BKI,2025-02-28,10:27:00,11:12:00,10:31:00,11:16:00,4,HIGH
TRN-12010,Synthetic Corridor Express 10,EXPRESS,SEC-BKI-JP,2025-02-28,11:18:00,12:13:00,11:23:00,12:18:00,5,HIGH
TRN-12011,Synthetic Corridor Passenger 11,PASSENGER,SEC-NDLS-RE,2025-02-28,09:00:00,10:02:00,09:03:00,10:07:00,5,MEDIUM
TRN-12011,Synthetic Corridor Passenger 11,PASSENGER,SEC-RE-AWR,2025-02-28,10:11:00,11:10:00,10:16:00,11:16:00,6,MEDIUM
TRN-12011,Synthetic Corridor Passenger 11,PASSENGER,SEC-AWR-BKI,2025-02-28,11:19:00,12:12:00,11:25:00,12:19:00,7,MEDIUM
TRN-12011,Synthetic Corridor Passenger 11,PASSENGER,SEC-BKI-JP,2025-02-28,12:21:00,13:27:00,12:28:00,13:34:00,7,MEDIUM
TRN-12012,Synthetic Corridor Passenger 12,PASSENGER,SEC-NDLS-RE,2025-02-28,09:27:00,10:29:00,09:30:00,10:32:00,3,MEDIUM
TRN-12012,Synthetic Corridor Passenger 12,PASSENGER,SEC-RE-AWR,2025-02-28,10:38:00,11:37:00,10:41:00,11:41:00,4,MEDIUM
TRN-12012,Synthetic Corridor Passenger 12,PASSENGER,SEC-AWR-BKI,2025-02-28,11:46:00,12:39:00,11:52:00,12:46:00,7,MEDIUM
TRN-12012,Synthetic Corridor Passenger 12,PASSENGER,SEC-BKI-JP,2025-02-28,12:48:00,13:54:00,12:55:00,14:01:00,7,MEDIUM
TRN-12013,Synthetic Corridor Passenger 13,PASSENGER,SEC-NDLS-RE,2025-02-28,09:54:00,10:56:00,09:58:00,11:01:00,5,MEDIUM
TRN-12013,Synthetic Corridor Passenger 13,PASSENGER,SEC-RE-AWR,2025-02-28,11:05:00,12:04:00,11:10:00,12:09:00,5,MEDIUM
TRN-12013,Synthetic Corridor Passenger 13,PASSENGER,SEC-AWR-BKI,2025-02-28,12:13:00,13:06:00,12:18:00,13:11:00,5,MEDIUM
TRN-12013,Synthetic Corridor Passenger 13,PASSENGER,SEC-BKI-JP,2025-02-28,13:15:00,14:21:00,13:20:00,14:26:00,5,MEDIUM
TRN-12014,Synthetic Corridor Passenger 14,PASSENGER,SEC-NDLS-RE,2025-02-28,10:21:00,11:23:00,10:23:00,11:26:00,3,MEDIUM
TRN-12014,Synthetic Corridor Passenger 14,PASSENGER,SEC-RE-AWR,2025-02-28,11:32:00,12:31:00,11:35:00,12:34:00,3,MEDIUM
TRN-12014,Synthetic Corridor Passenger 14,PASSENGER,SEC-AWR-BKI,2025-02-28,12:40:00,13:33:00,12:44:00,13:37:00,4,MEDIUM
TRN-12014,Synthetic Corridor Passenger 14,PASSENGER,SEC-BKI-JP,2025-02-28,13:42:00,14:48:00,13:47:00,14:55:00,7,MEDIUM
TRN-12015,Synthetic Corridor Passenger 15,PASSENGER,SEC-NDLS-RE,2025-02-28,10:48:00,11:50:00,10:52:00,11:54:00,4,MEDIUM
TRN-12015,Synthetic Corridor Passenger 15,PASSENGER,SEC-RE-AWR,2025-02-28,11:59:00,12:58:00,12:03:00,13:02:00,4,MEDIUM
TRN-12015,Synthetic Corridor Passenger 15,PASSENGER,SEC-AWR-BKI,2025-02-28,13:07:00,14:00:00,13:11:00,14:04:00,4,MEDIUM
TRN-12015,Synthetic Corridor Passenger 15,PASSENGER,SEC-BKI-JP,2025-02-28,14:09:00,15:15:00,14:13:00,15:20:00,5,MEDIUM
TRN-12016,Synthetic Corridor Passenger 16,PASSENGER,SEC-NDLS-RE,2025-02-28,11:15:00,12:17:00,11:21:00,12:24:00,7,MEDIUM
TRN-12016,Synthetic Corridor Passenger 16,PASSENGER,SEC-RE-AWR,2025-02-28,12:26:00,13:25:00,12:33:00,13:32:00,7,MEDIUM
TRN-12016,Synthetic Corridor Passenger 16,PASSENGER,SEC-AWR-BKI,2025-02-28,13:34:00,14:27:00,13:41:00,14:36:00,9,MEDIUM
TRN-12016,Synthetic Corridor Passenger 16,PASSENGER,SEC-BKI-JP,2025-02-28,14:36:00,15:42:00,14:46:00,15:52:00,10,MEDIUM
TRN-12017,Synthetic Corridor Passenger 17,PASSENGER,SEC-NDLS-RE,2025-02-28,11:42:00,12:44:00,11:46:00,12:49:00,5,MEDIUM
TRN-12017,Synthetic Corridor Passenger 17,PASSENGER,SEC-RE-AWR,2025-02-28,12:53:00,13:52:00,12:58:00,13:57:00,5,MEDIUM
TRN-12017,Synthetic Corridor Passenger 17,PASSENGER,SEC-AWR-BKI,2025-02-28,14:01:00,14:54:00,14:06:00,14:59:00,5,MEDIUM
TRN-12017,Synthetic Corridor Passenger 17,PASSENGER,SEC-BKI-JP,2025-02-28,15:03:00,16:09:00,15:08:00,16:14:00,5,MEDIUM
TRN-12018,Synthetic Corridor Passenger 18,PASSENGER,SEC-NDLS-RE,2025-02-28,12:09:00,13:11:00,12:13:00,13:16:00,5,MEDIUM
TRN-12018,Synthetic Corridor Passenger 18,PASSENGER,SEC-RE-AWR,2025-02-28,13:20:00,14:19:00,13:25:00,14:26:00,7,MEDIUM
TRN-12018,Synthetic Corridor Passenger 18,PASSENGER,SEC-AWR-BKI,2025-02-28,14:28:00,15:21:00,14:35:00,15:30:00,9,MEDIUM
TRN-12018,Synthetic Corridor Passenger 18,PASSENGER,SEC-BKI-JP,2025-02-28,15:30:00,16:36:00,15:40:00,16:48:00,12,MEDIUM
TRN-12019,Synthetic Corridor Freight 19,FREIGHT,SEC-NDLS-RE,2025-02-28,12:36:00,13:58:00,12:44:00,14:06:00,8,LOW
TRN-12019,Synthetic Corridor Freight 19,FREIGHT,SEC-RE-AWR,2025-02-28,14:10:00,15:28:00,14:19:00,15:38:00,10,LOW
TRN-12019,Synthetic Corridor Freight 19,FREIGHT,SEC-AWR-BKI,2025-02-28,15:40:00,16:51:00,15:50:00,17:01:00,10,LOW
TRN-12019,Synthetic Corridor Freight 19,FREIGHT,SEC-BKI-JP,2025-02-28,17:03:00,18:31:00,17:15:00,18:44:00,13,LOW
TRN-12021,Synthetic Corridor Freight 21,FREIGHT,SEC-NDLS-RE,2025-02-28,13:30:00,14:52:00,13:33:00,14:55:00,3,LOW
TRN-12021,Synthetic Corridor Freight 21,FREIGHT,SEC-RE-AWR,2025-02-28,15:04:00,16:22:00,15:07:00,16:25:00,3,LOW
TRN-12021,Synthetic Corridor Freight 21,FREIGHT,SEC-AWR-BKI,2025-02-28,16:34:00,17:45:00,16:37:00,17:49:00,4,LOW
TRN-12021,Synthetic Corridor Freight 21,FREIGHT,SEC-BKI-JP,2025-02-28,17:57:00,19:25:00,18:01:00,19:29:00,4,LOW
TRN-12022,Synthetic Corridor Freight 22,FREIGHT,SEC-NDLS-RE,2025-02-28,13:57:00,15:19:00,13:57:00,15:19:00,0,LOW
TRN-12022,Synthetic Corridor Freight 22,FREIGHT,SEC-RE-AWR,2025-02-28,15:31:00,16:49:00,15:31:00,16:49:00,0,LOW
TRN-12022,Synthetic Corridor Freight 22,FREIGHT,SEC-AWR-BKI,2025-02-28,17:01:00,18:12:00,17:01:00,18:14:00,2,LOW
TRN-12022,Synthetic Corridor Freight 22,FREIGHT,SEC-BKI-JP,2025-02-28,18:24:00,19:52:00,18:26:00,19:57:00,5,LOW
TRN-12023,Synthetic Corridor Freight 23,FREIGHT,SEC-NDLS-RE,2025-02-28,14:24:00,15:46:00,14:26:00,15:50:00,4,LOW
TRN-12023,Synthetic Corridor Freight 23,FREIGHT,SEC-RE-AWR,2025-02-28,15:58:00,17:16:00,16:02:00,17:21:00,5,LOW
TRN-12023,Synthetic Corridor Freight 23,FREIGHT,SEC-AWR-BKI,2025-02-28,17:28:00,18:39:00,17:33:00,18:44:00,5,LOW
TRN-12023,Synthetic Corridor Freight 23,FREIGHT,SEC-BKI-JP,2025-02-28,18:51:00,20:19:00,18:56:00,20:25:00,6,LOW
TRN-12001,Synthetic Corridor Express 01,EXPRESS,SEC-NDLS-RE,2025-03-01,04:30:00,05:22:00,04:34:00,05:29:00,7,HIGH
TRN-12001,Synthetic Corridor Express 01,EXPRESS,SEC-RE-AWR,2025-03-01,05:28:00,06:18:00,05:37:00,06:27:00,9,HIGH
TRN-12001,Synthetic Corridor Express 01,EXPRESS,SEC-AWR-BKI,2025-03-01,06:24:00,07:09:00,06:33:00,07:18:00,9,HIGH
TRN-12001,Synthetic Corridor Express 01,EXPRESS,SEC-BKI-JP,2025-03-01,07:15:00,08:10:00,07:24:00,08:21:00,11,HIGH
TRN-12004,Synthetic Corridor Express 04,EXPRESS,SEC-NDLS-RE,2025-03-01,05:51:00,06:43:00,05:58:00,06:51:00,8,HIGH
TRN-12004,Synthetic Corridor Express 04,EXPRESS,SEC-RE-AWR,2025-03-01,06:49:00,07:39:00,06:57:00,07:47:00,8,HIGH
TRN-12004,Synthetic Corridor Express 04,EXPRESS,SEC-AWR-BKI,2025-03-01,07:45:00,08:30:00,07:53:00,08:40:00,10,HIGH
TRN-12004,Synthetic Corridor Express 04,EXPRESS,SEC-BKI-JP,2025-03-01,08:36:00,09:31:00,08:48:00,09:43:00,12,HIGH
TRN-12005,Synthetic Corridor Express 05,EXPRESS,SEC-NDLS-RE,2025-03-01,06:18:00,07:10:00,06:24:00,07:19:00,9,HIGH
TRN-12005,Synthetic Corridor Express 05,EXPRESS,SEC-RE-AWR,2025-03-01,07:16:00,08:06:00,07:25:00,08:16:00,10,HIGH
TRN-12005,Synthetic Corridor Express 05,EXPRESS,SEC-AWR-BKI,2025-03-01,08:12:00,08:57:00,08:22:00,09:09:00,12,HIGH
TRN-12005,Synthetic Corridor Express 05,EXPRESS,SEC-BKI-JP,2025-03-01,09:03:00,09:58:00,09:16:00,10:13:00,15,HIGH
TRN-12008,Synthetic Corridor Express 08,EXPRESS,SEC-NDLS-RE,2025-03-01,07:39:00,08:31:00,07:46:00,08:39:00,8,HIGH
TRN-12008,Synthetic Corridor Express 08,EXPRESS,SEC-RE-AWR,2025-03-01,08:37:00,09:27:00,08:45:00,09:35:00,8,HIGH
TRN-12008,Synthetic Corridor Express 08,EXPRESS,SEC-AWR-BKI,2025-03-01,09:33:00,10:18:00,09:41:00,10:26:00,8,HIGH
TRN-12008,Synthetic Corridor Express 08,EXPRESS,SEC-BKI-JP,2025-03-01,10:24:00,11:19:00,10:33:00,11:29:00,10,HIGH
TRN-12009,Synthetic Corridor Express 09,EXPRESS,SEC-NDLS-RE,2025-03-01,08:06:00,08:58:00,08:11:00,09:03:00,5,HIGH
TRN-12009,Synthetic Corridor Express 09,EXPRESS,SEC-RE-AWR,2025-03-01,09:04:00,09:54:00,09:11:00,10:01:00,7,HIGH
TRN-12009,Synthetic Corridor Express 09,EXPRESS,SEC-AWR-BKI,2025-03-01,10:00:00,10:45:00,10:07:00,10:54:00,9,HIGH
TRN-12009,Synthetic Corridor Express 09,EXPRESS,SEC-BKI-JP,2025-03-01,10:51:00,11:46:00,11:02:00,11:59:00,13,HIGH
TRN-12011,Synthetic Corridor Passenger 11,PASSENGER,SEC-NDLS-RE,2025-03-01,09:00:00,10:02:00,09:06:00,10:11:00,9,MEDIUM
TRN-12011,Synthetic Corridor Passenger 11,PASSENGER,SEC-RE-AWR,2025-03-01,10:11:00,11:10:00,10:23:00,11:23:00,13,MEDIUM
TRN-12011,Synthetic Corridor Passenger 11,PASSENGER,SEC-AWR-BKI,2025-03-01,11:19:00,12:12:00,11:33:00,12:27:00,15,MEDIUM
TRN-12011,Synthetic Corridor Passenger 11,PASSENGER,SEC-BKI-JP,2025-03-01,12:21:00,13:27:00,12:36:00,13:44:00,17,MEDIUM
TRN-12012,Synthetic Corridor Passenger 12,PASSENGER,SEC-NDLS-RE,2025-03-01,09:27:00,10:29:00,09:31:00,10:35:00,6,MEDIUM
TRN-12012,Synthetic Corridor Passenger 12,PASSENGER,SEC-RE-AWR,2025-03-01,10:38:00,11:37:00,10:47:00,11:49:00,12,MEDIUM
TRN-12012,Synthetic Corridor Passenger 12,PASSENGER,SEC-AWR-BKI,2025-03-01,11:46:00,12:39:00,11:58:00,12:55:00,16,MEDIUM
TRN-12012,Synthetic Corridor Passenger 12,PASSENGER,SEC-BKI-JP,2025-03-01,12:48:00,13:54:00,13:04:00,14:12:00,18,MEDIUM
TRN-12013,Synthetic Corridor Passenger 13,PASSENGER,SEC-NDLS-RE,2025-03-01,09:54:00,10:56:00,10:02:00,11:06:00,10,MEDIUM
TRN-12013,Synthetic Corridor Passenger 13,PASSENGER,SEC-RE-AWR,2025-03-01,11:05:00,12:04:00,11:16:00,12:15:00,11,MEDIUM
TRN-12013,Synthetic Corridor Passenger 13,PASSENGER,SEC-AWR-BKI,2025-03-01,12:13:00,13:06:00,12:25:00,13:20:00,14,MEDIUM
TRN-12013,Synthetic Corridor Passenger 13,PASSENGER,SEC-BKI-JP,2025-03-01,13:15:00,14:21:00,13:29:00,14:35:00,14,MEDIUM
TRN-12014,Synthetic Corridor Passenger 14,PASSENGER,SEC-NDLS-RE,2025-03-01,10:21:00,11:23:00,10:30:00,11:34:00,11,MEDIUM
TRN-12014,Synthetic Corridor Passenger 14,PASSENGER,SEC-RE-AWR,2025-03-01,11:32:00,12:31:00,11:44:00,12:45:00,14,MEDIUM
TRN-12014,Synthetic Corridor Passenger 14,PASSENGER,SEC-AWR-BKI,2025-03-01,12:40:00,13:33:00,12:58:00,13:53:00,20,MEDIUM
TRN-12014,Synthetic Corridor Passenger 14,PASSENGER,SEC-BKI-JP,2025-03-01,13:42:00,14:48:00,14:02:00,15:08:00,20,MEDIUM
TRN-12015,Synthetic Corridor Passenger 15,PASSENGER,SEC-NDLS-RE,2025-03-01,10:48:00,11:50:00,10:55:00,11:58:00,8,MEDIUM
TRN-12015,Synthetic Corridor Passenger 15,PASSENGER,SEC-RE-AWR,2025-03-01,11:59:00,12:58:00,12:08:00,13:10:00,12,MEDIUM
TRN-12015,Synthetic Corridor Passenger 15,PASSENGER,SEC-AWR-BKI,2025-03-01,13:07:00,14:00:00,13:19:00,14:13:00,13,MEDIUM
TRN-12015,Synthetic Corridor Passenger 15,PASSENGER,SEC-BKI-JP,2025-03-01,14:09:00,15:15:00,14:22:00,15:31:00,16,MEDIUM
TRN-12016,Synthetic Corridor Passenger 16,PASSENGER,SEC-NDLS-RE,2025-03-01,11:15:00,12:17:00,11:19:00,12:22:00,5,MEDIUM
TRN-12016,Synthetic Corridor Passenger 16,PASSENGER,SEC-RE-AWR,2025-03-01,12:26:00,13:25:00,12:32:00,13:31:00,6,MEDIUM
TRN-12016,Synthetic Corridor Passenger 16,PASSENGER,SEC-AWR-BKI,2025-03-01,13:34:00,14:27:00,13:44:00,14:38:00,11,MEDIUM
TRN-12016,Synthetic Corridor Passenger 16,PASSENGER,SEC-BKI-JP,2025-03-01,14:36:00,15:42:00,14:47:00,15:55:00,13,MEDIUM
TRN-12017,Synthetic Corridor Passenger 17,PASSENGER,SEC-NDLS-RE,2025-03-01,11:42:00,12:44:00,11:48:00,12:52:00,8,MEDIUM
TRN-12017,Synthetic Corridor Passenger 17,PASSENGER,SEC-RE-AWR,2025-03-01,12:53:00,13:52:00,13:02:00,14:01:00,9,MEDIUM
TRN-12017,Synthetic Corridor Passenger 17,PASSENGER,SEC-AWR-BKI,2025-03-01,14:01:00,14:54:00,14:10:00,15:05:00,11,MEDIUM
TRN-12017,Synthetic Corridor Passenger 17,PASSENGER,SEC-BKI-JP,2025-03-01,15:03:00,16:09:00,15:14:00,16:22:00,13,MEDIUM
TRN-12018,Synthetic Corridor Passenger 18,PASSENGER,SEC-NDLS-RE,2025-03-01,12:09:00,13:11:00,12:14:00,13:17:00,6,MEDIUM
TRN-12018,Synthetic Corridor Passenger 18,PASSENGER,SEC-RE-AWR,2025-03-01,13:20:00,14:19:00,13:27:00,14:29:00,10,MEDIUM
TRN-12018,Synthetic Corridor Passenger 18,PASSENGER,SEC-AWR-BKI,2025-03-01,14:28:00,15:21:00,14:40:00,15:35:00,14,MEDIUM
TRN-12018,Synthetic Corridor Passenger 18,PASSENGER,SEC-BKI-JP,2025-03-01,15:30:00,16:36:00,15:45:00,16:51:00,15,MEDIUM
TRN-12020,Synthetic Corridor Freight 20,FREIGHT,SEC-NDLS-RE,2025-03-01,13:03:00,14:25:00,13:07:00,14:30:00,5,LOW
TRN-12020,Synthetic Corridor Freight 20,FREIGHT,SEC-RE-AWR,2025-03-01,14:37:00,15:55:00,14:42:00,16:00:00,5,LOW
TRN-12020,Synthetic Corridor Freight 20,FREIGHT,SEC-AWR-BKI,2025-03-01,16:07:00,17:18:00,16:12:00,17:23:00,5,LOW
TRN-12020,Synthetic Corridor Freight 20,FREIGHT,SEC-BKI-JP,2025-03-01,17:30:00,18:58:00,17:35:00,19:04:00,6,LOW
TRN-12021,Synthetic Corridor Freight 21,FREIGHT,SEC-NDLS-RE,2025-03-01,13:30:00,14:52:00,13:33:00,14:56:00,4,LOW
TRN-12021,Synthetic Corridor Freight 21,FREIGHT,SEC-RE-AWR,2025-03-01,15:04:00,16:22:00,15:10:00,16:32:00,10,LOW
TRN-12021,Synthetic Corridor Freight 21,FREIGHT,SEC-AWR-BKI,2025-03-01,16:34:00,17:45:00,16:46:00,18:00:00,15,LOW
TRN-12021,Synthetic Corridor Freight 21,FREIGHT,SEC-BKI-JP,2025-03-01,17:57:00,19:25:00,18:12:00,19:40:00,15,LOW
TRN-12024,Synthetic Corridor Freight 24,FREIGHT,SEC-NDLS-RE,2025-03-01,14:51:00,16:13:00,14:58:00,16:23:00,10,LOW
TRN-12024,Synthetic Corridor Freight 24,FREIGHT,SEC-RE-AWR,2025-03-01,16:25:00,17:43:00,16:36:00,17:56:00,13,LOW
TRN-12024,Synthetic Corridor Freight 24,FREIGHT,SEC-AWR-BKI,2025-03-01,17:55:00,19:06:00,18:08:00,19:23:00,17,LOW
TRN-12024,Synthetic Corridor Freight 24,FREIGHT,SEC-BKI-JP,2025-03-01,19:18:00,20:46:00,19:35:00,21:05:00,19,LOW
TRN-12001,Synthetic Corridor Express 01,EXPRESS,SEC-NDLS-RE,2025-03-02,04:30:00,05:22:00,04:31:00,05:23:00,1,HIGH
TRN-12001,Synthetic Corridor Express 01,EXPRESS,SEC-RE-AWR,2025-03-02,05:28:00,06:18:00,05:29:00,06:21:00,3,HIGH
TRN-12001,Synthetic Corridor Express 01,EXPRESS,SEC-AWR-BKI,2025-03-02,06:24:00,07:09:00,06:27:00,07:13:00,4,HIGH
TRN-12001,Synthetic Corridor Express 01,EXPRESS,SEC-BKI-JP,2025-03-02,07:15:00,08:10:00,07:20:00,08:15:00,5,HIGH
TRN-12003,Synthetic Corridor Express 03,EXPRESS,SEC-NDLS-RE,2025-03-02,05:24:00,06:16:00,05:24:00,06:16:00,0,HIGH
TRN-12003,Synthetic Corridor Express 03,EXPRESS,SEC-RE-AWR,2025-03-02,06:22:00,07:12:00,06:22:00,07:13:00,1,HIGH
TRN-12003,Synthetic Corridor Express 03,EXPRESS,SEC-AWR-BKI,2025-03-02,07:18:00,08:03:00,07:19:00,08:04:00,1,HIGH
TRN-12003,Synthetic Corridor Express 03,EXPRESS,SEC-BKI-JP,2025-03-02,08:09:00,09:04:00,08:10:00,09:05:00,1,HIGH
TRN-12005,Synthetic Corridor Express 05,EXPRESS,SEC-NDLS-RE,2025-03-02,06:18:00,07:10:00,06:18:00,07:10:00,0,HIGH
TRN-12005,Synthetic Corridor Express 05,EXPRESS,SEC-RE-AWR,2025-03-02,07:16:00,08:06:00,07:16:00,08:06:00,0,HIGH
TRN-12005,Synthetic Corridor Express 05,EXPRESS,SEC-AWR-BKI,2025-03-02,08:12:00,08:57:00,08:12:00,08:57:00,0,HIGH
TRN-12005,Synthetic Corridor Express 05,EXPRESS,SEC-BKI-JP,2025-03-02,09:03:00,09:58:00,09:04:00,10:01:00,3,HIGH
TRN-12007,Synthetic Corridor Express 07,EXPRESS,SEC-NDLS-RE,2025-03-02,07:12:00,08:04:00,07:14:00,08:07:00,3,HIGH
TRN-12007,Synthetic Corridor Express 07,EXPRESS,SEC-RE-AWR,2025-03-02,08:10:00,09:00:00,08:13:00,09:03:00,3,HIGH
TRN-12007,Synthetic Corridor Express 07,EXPRESS,SEC-AWR-BKI,2025-03-02,09:06:00,09:51:00,09:10:00,09:55:00,4,HIGH
TRN-12007,Synthetic Corridor Express 07,EXPRESS,SEC-BKI-JP,2025-03-02,09:57:00,10:52:00,10:01:00,10:56:00,4,HIGH
TRN-12009,Synthetic Corridor Express 09,EXPRESS,SEC-NDLS-RE,2025-03-02,08:06:00,08:58:00,08:09:00,09:01:00,3,HIGH
TRN-12009,Synthetic Corridor Express 09,EXPRESS,SEC-RE-AWR,2025-03-02,09:04:00,09:54:00,09:08:00,09:58:00,4,HIGH
TRN-12009,Synthetic Corridor Express 09,EXPRESS,SEC-AWR-BKI,2025-03-02,10:00:00,10:45:00,10:04:00,10:50:00,5,HIGH
TRN-12009,Synthetic Corridor Express 09,EXPRESS,SEC-BKI-JP,2025-03-02,10:51:00,11:46:00,10:56:00,11:52:00,6,HIGH
TRN-12011,Synthetic Corridor Passenger 11,PASSENGER,SEC-NDLS-RE,2025-03-02,09:00:00,10:02:00,09:10:00,10:13:00,11,MEDIUM
TRN-12011,Synthetic Corridor Passenger 11,PASSENGER,SEC-RE-AWR,2025-03-02,10:11:00,11:10:00,10:24:00,11:23:00,13,MEDIUM
TRN-12011,Synthetic Corridor Passenger 11,PASSENGER,SEC-AWR-BKI,2025-03-02,11:19:00,12:12:00,11:32:00,12:26:00,14,MEDIUM
TRN-12011,Synthetic Corridor Passenger 11,PASSENGER,SEC-BKI-JP,2025-03-02,12:21:00,13:27:00,12:35:00,13:41:00,14,MEDIUM
TRN-12012,Synthetic Corridor Passenger 12,PASSENGER,SEC-NDLS-RE,2025-03-02,09:27:00,10:29:00,09:29:00,10:31:00,2,MEDIUM
TRN-12012,Synthetic Corridor Passenger 12,PASSENGER,SEC-RE-AWR,2025-03-02,10:38:00,11:37:00,10:40:00,11:39:00,2,MEDIUM
TRN-12012,Synthetic Corridor Passenger 12,PASSENGER,SEC-AWR-BKI,2025-03-02,11:46:00,12:39:00,11:48:00,12:41:00,2,MEDIUM
TRN-12012,Synthetic Corridor Passenger 12,PASSENGER,SEC-BKI-JP,2025-03-02,12:48:00,13:54:00,12:51:00,13:57:00,3,MEDIUM
TRN-12013,Synthetic Corridor Passenger 13,PASSENGER,SEC-NDLS-RE,2025-03-02,09:54:00,10:56:00,10:02:00,11:04:00,8,MEDIUM
TRN-12013,Synthetic Corridor Passenger 13,PASSENGER,SEC-RE-AWR,2025-03-02,11:05:00,12:04:00,11:14:00,12:13:00,9,MEDIUM
TRN-12013,Synthetic Corridor Passenger 13,PASSENGER,SEC-AWR-BKI,2025-03-02,12:13:00,13:06:00,12:23:00,13:16:00,10,MEDIUM
TRN-12013,Synthetic Corridor Passenger 13,PASSENGER,SEC-BKI-JP,2025-03-02,13:15:00,14:21:00,13:25:00,14:32:00,11,MEDIUM
TRN-12014,Synthetic Corridor Passenger 14,PASSENGER,SEC-NDLS-RE,2025-03-02,10:21:00,11:23:00,10:24:00,11:27:00,4,MEDIUM
TRN-12014,Synthetic Corridor Passenger 14,PASSENGER,SEC-RE-AWR,2025-03-02,11:32:00,12:31:00,11:36:00,12:36:00,5,MEDIUM
TRN-12014,Synthetic Corridor Passenger 14,PASSENGER,SEC-AWR-BKI,2025-03-02,12:40:00,13:33:00,12:46:00,13:39:00,6,MEDIUM
TRN-12014,Synthetic Corridor Passenger 14,PASSENGER,SEC-BKI-JP,2025-03-02,13:42:00,14:48:00,13:48:00,14:54:00,6,MEDIUM
TRN-12015,Synthetic Corridor Passenger 15,PASSENGER,SEC-NDLS-RE,2025-03-02,10:48:00,11:50:00,10:51:00,11:55:00,5,MEDIUM
TRN-12015,Synthetic Corridor Passenger 15,PASSENGER,SEC-RE-AWR,2025-03-02,11:59:00,12:58:00,12:04:00,13:04:00,6,MEDIUM
TRN-12015,Synthetic Corridor Passenger 15,PASSENGER,SEC-AWR-BKI,2025-03-02,13:07:00,14:00:00,13:13:00,14:09:00,9,MEDIUM
TRN-12015,Synthetic Corridor Passenger 15,PASSENGER,SEC-BKI-JP,2025-03-02,14:09:00,15:15:00,14:18:00,15:25:00,10,MEDIUM
TRN-12016,Synthetic Corridor Passenger 16,PASSENGER,SEC-NDLS-RE,2025-03-02,11:15:00,12:17:00,11:21:00,12:23:00,6,MEDIUM
TRN-12016,Synthetic Corridor Passenger 16,PASSENGER,SEC-RE-AWR,2025-03-02,12:26:00,13:25:00,12:32:00,13:32:00,7,MEDIUM
TRN-12016,Synthetic Corridor Passenger 16,PASSENGER,SEC-AWR-BKI,2025-03-02,13:34:00,14:27:00,13:41:00,14:35:00,8,MEDIUM
TRN-12016,Synthetic Corridor Passenger 16,PASSENGER,SEC-BKI-JP,2025-03-02,14:36:00,15:42:00,14:44:00,15:50:00,8,MEDIUM
TRN-12017,Synthetic Corridor Passenger 17,PASSENGER,SEC-NDLS-RE,2025-03-02,11:42:00,12:44:00,11:44:00,12:46:00,2,MEDIUM
TRN-12017,Synthetic Corridor Passenger 17,PASSENGER,SEC-RE-AWR,2025-03-02,12:53:00,13:52:00,12:55:00,13:54:00,2,MEDIUM
TRN-12017,Synthetic Corridor Passenger 17,PASSENGER,SEC-AWR-BKI,2025-03-02,14:01:00,14:54:00,14:05:00,14:58:00,4,MEDIUM
TRN-12017,Synthetic Corridor Passenger 17,PASSENGER,SEC-BKI-JP,2025-03-02,15:03:00,16:09:00,15:08:00,16:15:00,6,MEDIUM
TRN-12018,Synthetic Corridor Passenger 18,PASSENGER,SEC-NDLS-RE,2025-03-02,12:09:00,13:11:00,12:12:00,13:14:00,3,MEDIUM
TRN-12018,Synthetic Corridor Passenger 18,PASSENGER,SEC-RE-AWR,2025-03-02,13:20:00,14:19:00,13:23:00,14:25:00,6,MEDIUM
TRN-12018,Synthetic Corridor Passenger 18,PASSENGER,SEC-AWR-BKI,2025-03-02,14:28:00,15:21:00,14:35:00,15:28:00,7,MEDIUM
TRN-12018,Synthetic Corridor Passenger 18,PASSENGER,SEC-BKI-JP,2025-03-02,15:30:00,16:36:00,15:37:00,16:44:00,8,MEDIUM
TRN-12019,Synthetic Corridor Freight 19,FREIGHT,SEC-NDLS-RE,2025-03-02,12:36:00,13:58:00,12:41:00,14:03:00,5,LOW
TRN-12019,Synthetic Corridor Freight 19,FREIGHT,SEC-RE-AWR,2025-03-02,14:10:00,15:28:00,14:15:00,15:34:00,6,LOW
TRN-12019,Synthetic Corridor Freight 19,FREIGHT,SEC-AWR-BKI,2025-03-02,15:40:00,16:51:00,15:46:00,16:58:00,7,LOW
TRN-12019,Synthetic Corridor Freight 19,FREIGHT,SEC-BKI-JP,2025-03-02,17:03:00,18:31:00,17:12:00,18:40:00,9,LOW
TRN-12021,Synthetic Corridor Freight 21,FREIGHT,SEC-NDLS-RE,2025-03-02,13:30:00,14:52:00,13:35:00,14:57:00,5,LOW
TRN-12021,Synthetic Corridor Freight 21,FREIGHT,SEC-RE-AWR,2025-03-02,15:04:00,16:22:00,15:09:00,16:27:00,5,LOW
TRN-12021,Synthetic Corridor Freight 21,FREIGHT,SEC-AWR-BKI,2025-03-02,16:34:00,17:45:00,16:40:00,17:52:00,7,LOW
TRN-12021,Synthetic Corridor Freight 21,FREIGHT,SEC-BKI-JP,2025-03-02,17:57:00,19:25:00,18:04:00,19:32:00,7,LOW
TRN-12023,Synthetic Corridor Freight 23,FREIGHT,SEC-NDLS-RE,2025-03-02,14:24:00,15:46:00,14:26:00,15:48:00,2,LOW
TRN-12023,Synthetic Corridor Freight 23,FREIGHT,SEC-RE-AWR,2025-03-02,15:58:00,17:16:00,16:00:00,17:18:00,2,LOW
TRN-12023,Synthetic Corridor Freight 23,FREIGHT,SEC-AWR-BKI,2025-03-02,17:28:00,18:39:00,17:30:00,18:41:00,2,LOW
TRN-12023,Synthetic Corridor Freight 23,FREIGHT,SEC-BKI-JP,2025-03-02,18:51:00,20:19:00,18:53:00,20:21:00,2,LOW
TRN-12001,Synthetic Corridor Express 01,EXPRESS,SEC-NDLS-RE,2025-03-03,04:30:00,05:22:00,04:30:00,05:22:00,0,HIGH
TRN-12001,Synthetic Corridor Express 01,EXPRESS,SEC-RE-AWR,2025-03-03,05:28:00,06:18:00,05:29:00,06:19:00,1,HIGH
TRN-12001,Synthetic Corridor Express 01,EXPRESS,SEC-AWR-BKI,2025-03-03,06:24:00,07:09:00,06:25:00,07:10:00,1,HIGH
TRN-12001,Synthetic Corridor Express 01,EXPRESS,SEC-BKI-JP,2025-03-03,07:15:00,08:10:00,07:16:00,08:11:00,1,HIGH
TRN-12002,Synthetic Corridor Express 02,EXPRESS,SEC-NDLS-RE,2025-03-03,04:57:00,05:49:00,05:01:00,05:53:00,4,HIGH
TRN-12002,Synthetic Corridor Express 02,EXPRESS,SEC-RE-AWR,2025-03-03,05:55:00,06:45:00,06:00:00,06:51:00,6,HIGH
TRN-12002,Synthetic Corridor Express 02,EXPRESS,SEC-AWR-BKI,2025-03-03,06:51:00,07:36:00,06:57:00,07:42:00,6,HIGH
TRN-12002,Synthetic Corridor Express 02,EXPRESS,SEC-BKI-JP,2025-03-03,07:42:00,08:37:00,07:48:00,08:44:00,7,HIGH
TRN-12003,Synthetic Corridor Express 03,EXPRESS,SEC-NDLS-RE,2025-03-03,05:24:00,06:16:00,05:25:00,06:18:00,2,HIGH
TRN-12003,Synthetic Corridor Express 03,EXPRESS,SEC-RE-AWR,2025-03-03,06:22:00,07:12:00,06:24:00,07:14:00,2,HIGH
TRN-12003,Synthetic Corridor Express 03,EXPRESS,SEC-AWR-BKI,2025-03-03,07:18:00,08:03:00,07:20:00,08:06:00,3,HIGH
TRN-12003,Synthetic Corridor Express 03,EXPRESS,SEC-BKI-JP,2025-03-03,08:09:00,09:04:00,08:12:00,09:07:00,3,HIGH
TRN-12005,Synthetic Corridor Express 05,EXPRESS,SEC-NDLS-RE,2025-03-03,06:18:00,07:10:00,06:19:00,07:11:00,1,HIGH
TRN-12005,Synthetic Corridor Express 05,EXPRESS,SEC-RE-AWR,2025-03-03,07:16:00,08:06:00,07:17:00,08:09:00,3,HIGH
TRN-12005,Synthetic Corridor Express 05,EXPRESS,SEC-AWR-BKI,2025-03-03,08:12:00,08:57:00,08:15:00,09:00:00,3,HIGH
TRN-12005,Synthetic Corridor Express 05,EXPRESS,SEC-BKI-JP,2025-03-03,09:03:00,09:58:00,09:06:00,10:01:00,3,HIGH
TRN-12006,Synthetic Corridor Express 06,EXPRESS,SEC-NDLS-RE,2025-03-03,06:45:00,07:37:00,06:49:00,07:41:00,4,HIGH
TRN-12006,Synthetic Corridor Express 06,EXPRESS,SEC-RE-AWR,2025-03-03,07:43:00,08:33:00,07:47:00,08:38:00,5,HIGH
TRN-12006,Synthetic Corridor Express 06,EXPRESS,SEC-AWR-BKI,2025-03-03,08:39:00,09:24:00,08:44:00,09:29:00,5,HIGH
TRN-12006,Synthetic Corridor Express 06,EXPRESS,SEC-BKI-JP,2025-03-03,09:30:00,10:25:00,09:35:00,10:31:00,6,HIGH
TRN-12007,Synthetic Corridor Express 07,EXPRESS,SEC-NDLS-RE,2025-03-03,07:12:00,08:04:00,07:19:00,08:12:00,8,HIGH
TRN-12007,Synthetic Corridor Express 07,EXPRESS,SEC-RE-AWR,2025-03-03,08:10:00,09:00:00,08:20:00,09:11:00,11,HIGH
TRN-12007,Synthetic Corridor Express 07,EXPRESS,SEC-AWR-BKI,2025-03-03,09:06:00,09:51:00,09:20:00,10:05:00,14,HIGH
TRN-12007,Synthetic Corridor Express 07,EXPRESS,SEC-BKI-JP,2025-03-03,09:57:00,10:52:00,10:12:00,11:07:00,15,HIGH
TRN-12009,Synthetic Corridor Express 09,EXPRESS,SEC-NDLS-RE,2025-03-03,08:06:00,08:58:00,08:12:00,09:04:00,6,HIGH
TRN-12009,Synthetic Corridor Express 09,EXPRESS,SEC-RE-AWR,2025-03-03,09:04:00,09:54:00,09:10:00,10:01:00,7,HIGH
TRN-12009,Synthetic Corridor Express 09,EXPRESS,SEC-AWR-BKI,2025-03-03,10:00:00,10:45:00,10:07:00,10:52:00,7,HIGH
TRN-12009,Synthetic Corridor Express 09,EXPRESS,SEC-BKI-JP,2025-03-03,10:51:00,11:46:00,10:58:00,11:54:00,8,HIGH
TRN-12010,Synthetic Corridor Express 10,EXPRESS,SEC-NDLS-RE,2025-03-03,08:33:00,09:25:00,08:36:00,09:29:00,4,HIGH
TRN-12010,Synthetic Corridor Express 10,EXPRESS,SEC-RE-AWR,2025-03-03,09:31:00,10:21:00,09:35:00,10:25:00,4,HIGH
TRN-12010,Synthetic Corridor Express 10,EXPRESS,SEC-AWR-BKI,2025-03-03,10:27:00,11:12:00,10:33:00,11:19:00,7,HIGH
TRN-12010,Synthetic Corridor Express 10,EXPRESS,SEC-BKI-JP,2025-03-03,11:18:00,12:13:00,11:28:00,12:23:00,10,HIGH
TRN-12011,Synthetic Corridor Passenger 11,PASSENGER,SEC-NDLS-RE,2025-03-03,09:00:00,10:02:00,09:05:00,10:07:00,5,MEDIUM
TRN-12011,Synthetic Corridor Passenger 11,PASSENGER,SEC-RE-AWR,2025-03-03,10:11:00,11:10:00,10:17:00,11:17:00,7,MEDIUM
TRN-12011,Synthetic Corridor Passenger 11,PASSENGER,SEC-AWR-BKI,2025-03-03,11:19:00,12:12:00,11:28:00,12:22:00,10,MEDIUM
TRN-12011,Synthetic Corridor Passenger 11,PASSENGER,SEC-BKI-JP,2025-03-03,12:21:00,13:27:00,12:31:00,13:39:00,12,MEDIUM
TRN-12012,Synthetic Corridor Passenger 12,PASSENGER,SEC-NDLS-RE,2025-03-03,09:27:00,10:29:00,09:36:00,10:39:00,10,MEDIUM
TRN-12012,Synthetic Corridor Passenger 12,PASSENGER,SEC-RE-AWR,2025-03-03,10:38:00,11:37:00,10:48:00,11:48:00,11,MEDIUM
TRN-12012,Synthetic Corridor Passenger 12,PASSENGER,SEC-AWR-BKI,2025-03-03,11:46:00,12:39:00,11:57:00,12:52:00,13,MEDIUM
TRN-12012,Synthetic Corridor Passenger 12,PASSENGER,SEC-BKI-JP,2025-03-03,12:48:00,13:54:00,13:02:00,14:08:00,14,MEDIUM
TRN-12013,Synthetic Corridor Passenger 13,PASSENGER,SEC-NDLS-RE,2025-03-03,09:54:00,10:56:00,10:03:00,11:07:00,11,MEDIUM
TRN-12013,Synthetic Corridor Passenger 13,PASSENGER,SEC-RE-AWR,2025-03-03,11:05:00,12:04:00,11:16:00,12:16:00,12,MEDIUM
TRN-12013,Synthetic Corridor Passenger 13,PASSENGER,SEC-AWR-BKI,2025-03-03,12:13:00,13:06:00,12:26:00,13:21:00,15,MEDIUM
TRN-12013,Synthetic Corridor Passenger 13,PASSENGER,SEC-BKI-JP,2025-03-03,13:15:00,14:21:00,13:30:00,14:36:00,15,MEDIUM
TRN-12014,Synthetic Corridor Passenger 14,PASSENGER,SEC-NDLS-RE,2025-03-03,10:21:00,11:23:00,10:23:00,11:27:00,4,MEDIUM
TRN-12014,Synthetic Corridor Passenger 14,PASSENGER,SEC-RE-AWR,2025-03-03,11:32:00,12:31:00,11:36:00,12:36:00,5,MEDIUM
TRN-12014,Synthetic Corridor Passenger 14,PASSENGER,SEC-AWR-BKI,2025-03-03,12:40:00,13:33:00,12:45:00,13:38:00,5,MEDIUM
TRN-12014,Synthetic Corridor Passenger 14,PASSENGER,SEC-BKI-JP,2025-03-03,13:42:00,14:48:00,13:48:00,14:55:00,7,MEDIUM
TRN-12015,Synthetic Corridor Passenger 15,PASSENGER,SEC-NDLS-RE,2025-03-03,10:48:00,11:50:00,10:50:00,11:52:00,2,MEDIUM
TRN-12015,Synthetic Corridor Passenger 15,PASSENGER,SEC-RE-AWR,2025-03-03,11:59:00,12:58:00,12:01:00,13:02:00,4,MEDIUM
TRN-12015,Synthetic Corridor Passenger 15,PASSENGER,SEC-AWR-BKI,2025-03-03,13:07:00,14:00:00,13:12:00,14:05:00,5,MEDIUM
TRN-12015,Synthetic Corridor Passenger 15,PASSENGER,SEC-BKI-JP,2025-03-03,14:09:00,15:15:00,14:14:00,15:20:00,5,MEDIUM
TRN-12016,Synthetic Corridor Passenger 16,PASSENGER,SEC-NDLS-RE,2025-03-03,11:15:00,12:17:00,11:18:00,12:21:00,4,MEDIUM
TRN-12016,Synthetic Corridor Passenger 16,PASSENGER,SEC-RE-AWR,2025-03-03,12:26:00,13:25:00,12:31:00,13:30:00,5,MEDIUM
TRN-12016,Synthetic Corridor Passenger 16,PASSENGER,SEC-AWR-BKI,2025-03-03,13:34:00,14:27:00,13:39:00,14:32:00,5,MEDIUM
TRN-12016,Synthetic Corridor Passenger 16,PASSENGER,SEC-BKI-JP,2025-03-03,14:36:00,15:42:00,14:42:00,15:51:00,9,MEDIUM
TRN-12017,Synthetic Corridor Passenger 17,PASSENGER,SEC-NDLS-RE,2025-03-03,11:42:00,12:44:00,11:45:00,12:49:00,5,MEDIUM
TRN-12017,Synthetic Corridor Passenger 17,PASSENGER,SEC-RE-AWR,2025-03-03,12:53:00,13:52:00,12:58:00,13:57:00,5,MEDIUM
TRN-12017,Synthetic Corridor Passenger 17,PASSENGER,SEC-AWR-BKI,2025-03-03,14:01:00,14:54:00,14:06:00,15:00:00,6,MEDIUM
TRN-12017,Synthetic Corridor Passenger 17,PASSENGER,SEC-BKI-JP,2025-03-03,15:03:00,16:09:00,15:10:00,16:17:00,8,MEDIUM
TRN-12018,Synthetic Corridor Passenger 18,PASSENGER,SEC-NDLS-RE,2025-03-03,12:09:00,13:11:00,12:11:00,13:14:00,3,MEDIUM
TRN-12018,Synthetic Corridor Passenger 18,PASSENGER,SEC-RE-AWR,2025-03-03,13:20:00,14:19:00,13:23:00,14:23:00,4,MEDIUM
TRN-12018,Synthetic Corridor Passenger 18,PASSENGER,SEC-AWR-BKI,2025-03-03,14:28:00,15:21:00,14:32:00,15:26:00,5,MEDIUM
TRN-12018,Synthetic Corridor Passenger 18,PASSENGER,SEC-BKI-JP,2025-03-03,15:30:00,16:36:00,15:35:00,16:42:00,6,MEDIUM
TRN-12019,Synthetic Corridor Freight 19,FREIGHT,SEC-NDLS-RE,2025-03-03,12:36:00,13:58:00,12:41:00,14:04:00,6,LOW
TRN-12019,Synthetic Corridor Freight 19,FREIGHT,SEC-RE-AWR,2025-03-03,14:10:00,15:28:00,14:16:00,15:36:00,8,LOW
TRN-12019,Synthetic Corridor Freight 19,FREIGHT,SEC-AWR-BKI,2025-03-03,15:40:00,16:51:00,15:48:00,17:00:00,9,LOW
TRN-12019,Synthetic Corridor Freight 19,FREIGHT,SEC-BKI-JP,2025-03-03,17:03:00,18:31:00,17:13:00,18:43:00,12,LOW
TRN-12021,Synthetic Corridor Freight 21,FREIGHT,SEC-NDLS-RE,2025-03-03,13:30:00,14:52:00,13:32:00,14:54:00,2,LOW
TRN-12021,Synthetic Corridor Freight 21,FREIGHT,SEC-RE-AWR,2025-03-03,15:04:00,16:22:00,15:06:00,16:24:00,2,LOW
TRN-12021,Synthetic Corridor Freight 21,FREIGHT,SEC-AWR-BKI,2025-03-03,16:34:00,17:45:00,16:36:00,17:49:00,4,LOW
TRN-12021,Synthetic Corridor Freight 21,FREIGHT,SEC-BKI-JP,2025-03-03,17:57:00,19:25:00,18:01:00,19:29:00,4,LOW
TRN-12022,Synthetic Corridor Freight 22,FREIGHT,SEC-NDLS-RE,2025-03-03,13:57:00,15:19:00,14:01:00,15:24:00,5,LOW
TRN-12022,Synthetic Corridor Freight 22,FREIGHT,SEC-RE-AWR,2025-03-03,15:31:00,16:49:00,15:36:00,16:54:00,5,LOW
TRN-12022,Synthetic Corridor Freight 22,FREIGHT,SEC-AWR-BKI,2025-03-03,17:01:00,18:12:00,17:06:00,18:17:00,5,LOW
TRN-12022,Synthetic Corridor Freight 22,FREIGHT,SEC-BKI-JP,2025-03-03,18:24:00,19:52:00,18:30:00,19:59:00,7,LOW
TRN-12023,Synthetic Corridor Freight 23,FREIGHT,SEC-NDLS-RE,2025-03-03,14:24:00,15:46:00,14:27:00,15:50:00,4,LOW
TRN-12023,Synthetic Corridor Freight 23,FREIGHT,SEC-RE-AWR,2025-03-03,15:58:00,17:16:00,16:03:00,17:23:00,7,LOW
TRN-12023,Synthetic Corridor Freight 23,FREIGHT,SEC-AWR-BKI,2025-03-03,17:28:00,18:39:00,17:36:00,18:48:00,9,LOW
TRN-12023,Synthetic Corridor Freight 23,FREIGHT,SEC-BKI-JP,2025-03-03,18:51:00,20:19:00,19:01:00,20:30:00,11,LOW
TRN-12001,Synthetic Corridor Express 01,EXPRESS,SEC-NDLS-RE,2025-03-04,04:30:00,05:22:00,04:35:00,05:27:00,5,HIGH
TRN-12001,Synthetic Corridor Express 01,EXPRESS,SEC-RE-AWR,2025-03-04,05:28:00,06:18:00,05:34:00,06:25:00,7,HIGH
TRN-12001,Synthetic Corridor Express 01,EXPRESS,SEC-AWR-BKI,2025-03-04,06:24:00,07:09:00,06:31:00,07:19:00,10,HIGH
TRN-12001,Synthetic Corridor Express 01,EXPRESS,SEC-BKI-JP,2025-03-04,07:15:00,08:10:00,07:25:00,08:22:00,12,HIGH
TRN-12002,Synthetic Corridor Express 02,EXPRESS,SEC-NDLS-RE,2025-03-04,04:57:00,05:49:00,05:00:00,05:54:00,5,HIGH
TRN-12002,Synthetic Corridor Express 02,EXPRESS,SEC-RE-AWR,2025-03-04,05:55:00,06:45:00,06:02:00,06:52:00,7,HIGH
TRN-12002,Synthetic Corridor Express 02,EXPRESS,SEC-AWR-BKI,2025-03-04,06:51:00,07:36:00,06:58:00,07:43:00,7,HIGH
TRN-12002,Synthetic Corridor Express 02,EXPRESS,SEC-BKI-JP,2025-03-04,07:42:00,08:37:00,07:51:00,08:47:00,10,HIGH
TRN-12004,Synthetic Corridor Express 04,EXPRESS,SEC-NDLS-RE,2025-03-04,05:51:00,06:43:00,05:53:00,06:45:00,2,HIGH
TRN-12004,Synthetic Corridor Express 04,EXPRESS,SEC-RE-AWR,2025-03-04,06:49:00,07:39:00,06:51:00,07:42:00,3,HIGH
TRN-12004,Synthetic Corridor Express 04,EXPRESS,SEC-AWR-BKI,2025-03-04,07:45:00,08:30:00,07:49:00,08:35:00,5,HIGH
TRN-12004,Synthetic Corridor Express 04,EXPRESS,SEC-BKI-JP,2025-03-04,08:36:00,09:31:00,08:42:00,09:38:00,7,HIGH
TRN-12005,Synthetic Corridor Express 05,EXPRESS,SEC-NDLS-RE,2025-03-04,06:18:00,07:10:00,06:25:00,07:19:00,9,HIGH
TRN-12005,Synthetic Corridor Express 05,EXPRESS,SEC-RE-AWR,2025-03-04,07:16:00,08:06:00,07:26:00,08:16:00,10,HIGH
TRN-12005,Synthetic Corridor Express 05,EXPRESS,SEC-AWR-BKI,2025-03-04,08:12:00,08:57:00,08:23:00,09:09:00,12,HIGH
TRN-12005,Synthetic Corridor Express 05,EXPRESS,SEC-BKI-JP,2025-03-04,09:03:00,09:58:00,09:15:00,10:10:00,12,HIGH
TRN-12006,Synthetic Corridor Express 06,EXPRESS,SEC-NDLS-RE,2025-03-04,06:45:00,07:37:00,06:50:00,07:43:00,6,HIGH
TRN-12006,Synthetic Corridor Express 06,EXPRESS,SEC-RE-AWR,2025-03-04,07:43:00,08:33:00,07:51:00,08:43:00,10,HIGH
TRN-12006,Synthetic Corridor Express 06,EXPRESS,SEC-AWR-BKI,2025-03-04,08:39:00,09:24:00,08:49:00,09:36:00,12,HIGH
TRN-12006,Synthetic Corridor Express 06,EXPRESS,SEC-BKI-JP,2025-03-04,09:30:00,10:25:00,09:42:00,10:38:00,13,HIGH
TRN-12008,Synthetic Corridor Express 08,EXPRESS,SEC-NDLS-RE,2025-03-04,07:39:00,08:31:00,07:47:00,08:39:00,8,HIGH
TRN-12008,Synthetic Corridor Express 08,EXPRESS,SEC-RE-AWR,2025-03-04,08:37:00,09:27:00,08:47:00,09:37:00,10,HIGH
TRN-12008,Synthetic Corridor Express 08,EXPRESS,SEC-AWR-BKI,2025-03-04,09:33:00,10:18:00,09:44:00,10:29:00,11,HIGH
TRN-12008,Synthetic Corridor Express 08,EXPRESS,SEC-BKI-JP,2025-03-04,10:24:00,11:19:00,10:36:00,11:33:00,14,HIGH
TRN-12009,Synthetic Corridor Express 09,EXPRESS,SEC-NDLS-RE,2025-03-04,08:06:00,08:58:00,08:15:00,09:08:00,10,HIGH
TRN-12009,Synthetic Corridor Express 09,EXPRESS,SEC-RE-AWR,2025-03-04,09:04:00,09:54:00,09:17:00,10:08:00,14,HIGH
TRN-12009,Synthetic Corridor Express 09,EXPRESS,SEC-AWR-BKI,2025-03-04,10:00:00,10:45:00,10:15:00,11:02:00,17,HIGH
TRN-12009,Synthetic Corridor Express 09,EXPRESS,SEC-BKI-JP,2025-03-04,10:51:00,11:46:00,11:08:00,12:04:00,18,HIGH
TRN-12010,Synthetic Corridor Express 10,EXPRESS,SEC-NDLS-RE,2025-03-04,08:33:00,09:25:00,08:46:00,09:40:00,15,HIGH
TRN-12010,Synthetic Corridor Express 10,EXPRESS,SEC-RE-AWR,2025-03-04,09:31:00,10:21:00,09:46:00,10:36:00,15,HIGH
TRN-12010,Synthetic Corridor Express 10,EXPRESS,SEC-AWR-BKI,2025-03-04,10:27:00,11:12:00,10:43:00,11:29:00,17,HIGH
TRN-12010,Synthetic Corridor Express 10,EXPRESS,SEC-BKI-JP,2025-03-04,11:18:00,12:13:00,11:35:00,12:32:00,19,HIGH
TRN-12011,Synthetic Corridor Passenger 11,PASSENGER,SEC-NDLS-RE,2025-03-04,09:00:00,10:02:00,09:08:00,10:13:00,11,MEDIUM
TRN-12011,Synthetic Corridor Passenger 11,PASSENGER,SEC-RE-AWR,2025-03-04,10:11:00,11:10:00,10:23:00,11:25:00,15,MEDIUM
TRN-12011,Synthetic Corridor Passenger 11,PASSENGER,SEC-AWR-BKI,2025-03-04,11:19:00,12:12:00,11:36:00,12:30:00,18,MEDIUM
TRN-12011,Synthetic Corridor Passenger 11,PASSENGER,SEC-BKI-JP,2025-03-04,12:21:00,13:27:00,12:39:00,13:46:00,19,MEDIUM
TRN-12012,Synthetic Corridor Passenger 12,PASSENGER,SEC-NDLS-RE,2025-03-04,09:27:00,10:29:00,09:34:00,10:37:00,8,MEDIUM
TRN-12012,Synthetic Corridor Passenger 12,PASSENGER,SEC-RE-AWR,2025-03-04,10:38:00,11:37:00,10:46:00,11:47:00,10,MEDIUM
TRN-12012,Synthetic Corridor Passenger 12,PASSENGER,SEC-AWR-BKI,2025-03-04,11:46:00,12:39:00,11:57:00,12:52:00,13,MEDIUM
TRN-12012,Synthetic Corridor Passenger 12,PASSENGER,SEC-BKI-JP,2025-03-04,12:48:00,13:54:00,13:01:00,14:09:00,15,MEDIUM
TRN-12013,Synthetic Corridor Passenger 13,PASSENGER,SEC-NDLS-RE,2025-03-04,09:54:00,10:56:00,10:09:00,11:12:00,16,MEDIUM
TRN-12013,Synthetic Corridor Passenger 13,PASSENGER,SEC-RE-AWR,2025-03-04,11:05:00,12:04:00,11:23:00,12:24:00,20,MEDIUM
TRN-12013,Synthetic Corridor Passenger 13,PASSENGER,SEC-AWR-BKI,2025-03-04,12:13:00,13:06:00,12:33:00,13:28:00,22,MEDIUM
TRN-12013,Synthetic Corridor Passenger 13,PASSENGER,SEC-BKI-JP,2025-03-04,13:15:00,14:21:00,13:37:00,14:44:00,23,MEDIUM
TRN-12014,Synthetic Corridor Passenger 14,PASSENGER,SEC-NDLS-RE,2025-03-04,10:21:00,11:23:00,10:23:00,11:28:00,5,MEDIUM
TRN-12014,Synthetic Corridor Passenger 14,PASSENGER,SEC-RE-AWR,2025-03-04,11:32:00,12:31:00,11:38:00,12:38:00,7,MEDIUM
TRN-12014,Synthetic Corridor Passenger 14,PASSENGER,SEC-AWR-BKI,2025-03-04,12:40:00,13:33:00,12:47:00,13:44:00,11,MEDIUM
TRN-12014,Synthetic Corridor Passenger 14,PASSENGER,SEC-BKI-JP,2025-03-04,13:42:00,14:48:00,13:55:00,15:01:00,13,MEDIUM
TRN-12015,Synthetic Corridor Passenger 15,PASSENGER,SEC-NDLS-RE,2025-03-04,10:48:00,11:50:00,10:54:00,11:57:00,7,MEDIUM
TRN-12015,Synthetic Corridor Passenger 15,PASSENGER,SEC-RE-AWR,2025-03-04,11:59:00,12:58:00,12:06:00,13:07:00,9,MEDIUM
TRN-12015,Synthetic Corridor Passenger 15,PASSENGER,SEC-AWR-BKI,2025-03-04,13:07:00,14:00:00,13:17:00,14:11:00,11,MEDIUM
TRN-12015,Synthetic Corridor Passenger 15,PASSENGER,SEC-BKI-JP,2025-03-04,14:09:00,15:15:00,14:21:00,15:29:00,14,MEDIUM
TRN-12016,Synthetic Corridor Passenger 16,PASSENGER,SEC-NDLS-RE,2025-03-04,11:15:00,12:17:00,11:22:00,12:27:00,10,MEDIUM
TRN-12016,Synthetic Corridor Passenger 16,PASSENGER,SEC-RE-AWR,2025-03-04,12:26:00,13:25:00,12:36:00,13:36:00,11,MEDIUM
TRN-12016,Synthetic Corridor Passenger 16,PASSENGER,SEC-AWR-BKI,2025-03-04,13:34:00,14:27:00,13:46:00,14:40:00,13,MEDIUM
TRN-12016,Synthetic Corridor Passenger 16,PASSENGER,SEC-BKI-JP,2025-03-04,14:36:00,15:42:00,14:51:00,15:57:00,15,MEDIUM
TRN-12017,Synthetic Corridor Passenger 17,PASSENGER,SEC-NDLS-RE,2025-03-04,11:42:00,12:44:00,11:52:00,12:55:00,11,MEDIUM
TRN-12017,Synthetic Corridor Passenger 17,PASSENGER,SEC-RE-AWR,2025-03-04,12:53:00,13:52:00,13:07:00,14:09:00,17,MEDIUM
TRN-12017,Synthetic Corridor Passenger 17,PASSENGER,SEC-AWR-BKI,2025-03-04,14:01:00,14:54:00,14:20:00,15:15:00,21,MEDIUM
TRN-12017,Synthetic Corridor Passenger 17,PASSENGER,SEC-BKI-JP,2025-03-04,15:03:00,16:09:00,15:24:00,16:31:00,22,MEDIUM
TRN-12018,Synthetic Corridor Passenger 18,PASSENGER,SEC-NDLS-RE,2025-03-04,12:09:00,13:11:00,12:12:00,13:16:00,5,MEDIUM
TRN-12018,Synthetic Corridor Passenger 18,PASSENGER,SEC-RE-AWR,2025-03-04,13:20:00,14:19:00,13:25:00,14:24:00,5,MEDIUM
TRN-12018,Synthetic Corridor Passenger 18,PASSENGER,SEC-AWR-BKI,2025-03-04,14:28:00,15:21:00,14:33:00,15:28:00,7,MEDIUM
TRN-12018,Synthetic Corridor Passenger 18,PASSENGER,SEC-BKI-JP,2025-03-04,15:30:00,16:36:00,15:38:00,16:46:00,10,MEDIUM
TRN-12020,Synthetic Corridor Freight 20,FREIGHT,SEC-NDLS-RE,2025-03-04,13:03:00,14:25:00,13:06:00,14:30:00,5,LOW
TRN-12020,Synthetic Corridor Freight 20,FREIGHT,SEC-RE-AWR,2025-03-04,14:37:00,15:55:00,14:43:00,16:03:00,8,LOW
TRN-12020,Synthetic Corridor Freight 20,FREIGHT,SEC-AWR-BKI,2025-03-04,16:07:00,17:18:00,16:16:00,17:30:00,12,LOW
TRN-12020,Synthetic Corridor Freight 20,FREIGHT,SEC-BKI-JP,2025-03-04,17:30:00,18:58:00,17:43:00,19:13:00,15,LOW
TRN-12021,Synthetic Corridor Freight 21,FREIGHT,SEC-NDLS-RE,2025-03-04,13:30:00,14:52:00,13:37:00,15:00:00,8,LOW
TRN-12021,Synthetic Corridor Freight 21,FREIGHT,SEC-RE-AWR,2025-03-04,15:04:00,16:22:00,15:12:00,16:33:00,11,LOW
TRN-12021,Synthetic Corridor Freight 21,FREIGHT,SEC-AWR-BKI,2025-03-04,16:34:00,17:45:00,16:45:00,17:58:00,13,LOW
TRN-12021,Synthetic Corridor Freight 21,FREIGHT,SEC-BKI-JP,2025-03-04,17:57:00,19:25:00,18:11:00,19:42:00,17,LOW
TRN-12022,Synthetic Corridor Freight 22,FREIGHT,SEC-NDLS-RE,2025-03-04,13:57:00,15:19:00,14:05:00,15:28:00,9,LOW
TRN-12022,Synthetic Corridor Freight 22,FREIGHT,SEC-RE-AWR,2025-03-04,15:31:00,16:49:00,15:40:00,16:59:00,10,LOW
TRN-12022,Synthetic Corridor Freight 22,FREIGHT,SEC-AWR-BKI,2025-03-04,17:01:00,18:12:00,17:11:00,18:24:00,12,LOW
TRN-12022,Synthetic Corridor Freight 22,FREIGHT,SEC-BKI-JP,2025-03-04,18:24:00,19:52:00,18:37:00,20:05:00,13,LOW
TRN-12024,Synthetic Corridor Freight 24,FREIGHT,SEC-NDLS-RE,2025-03-04,14:51:00,16:13:00,14:58:00,16:20:00,7,LOW
TRN-12024,Synthetic Corridor Freight 24,FREIGHT,SEC-RE-AWR,2025-03-04,16:25:00,17:43:00,16:33:00,17:52:00,9,LOW
TRN-12024,Synthetic Corridor Freight 24,FREIGHT,SEC-AWR-BKI,2025-03-04,17:55:00,19:06:00,18:04:00,19:19:00,13,LOW
TRN-12024,Synthetic Corridor Freight 24,FREIGHT,SEC-BKI-JP,2025-03-04,19:18:00,20:46:00,19:32:00,21:00:00,14,LOW
TRN-12001,Synthetic Corridor Express 01,EXPRESS,SEC-NDLS-RE,2025-03-05,04:30:00,05:22:00,04:32:00,05:24:00,2,HIGH
TRN-12001,Synthetic Corridor Express 01,EXPRESS,SEC-RE-AWR,2025-03-05,05:28:00,06:18:00,05:31:00,06:21:00,3,HIGH
TRN-12001,Synthetic Corridor Express 01,EXPRESS,SEC-AWR-BKI,2025-03-05,06:24:00,07:09:00,06:27:00,07:13:00,4,HIGH
TRN-12001,Synthetic Corridor Express 01,EXPRESS,SEC-BKI-JP,2025-03-05,07:15:00,08:10:00,07:19:00,08:14:00,4,HIGH
TRN-12002,Synthetic Corridor Express 02,EXPRESS,SEC-NDLS-RE,2025-03-05,04:57:00,05:49:00,05:00:00,05:53:00,4,HIGH
TRN-12002,Synthetic Corridor Express 02,EXPRESS,SEC-RE-AWR,2025-03-05,05:55:00,06:45:00,05:59:00,06:49:00,4,HIGH
TRN-12002,Synthetic Corridor Express 02,EXPRESS,SEC-AWR-BKI,2025-03-05,06:51:00,07:36:00,06:55:00,07:40:00,4,HIGH
TRN-12002,Synthetic Corridor Express 02,EXPRESS,SEC-BKI-JP,2025-03-05,07:42:00,08:37:00,07:46:00,08:41:00,4,HIGH
TRN-12003,Synthetic Corridor Express 03,EXPRESS,SEC-NDLS-RE,2025-03-05,05:24:00,06:16:00,05:26:00,06:18:00,2,HIGH
TRN-12003,Synthetic Corridor Express 03,EXPRESS,SEC-RE-AWR,2025-03-05,06:22:00,07:12:00,06:24:00,07:14:00,2,HIGH
TRN-12003,Synthetic Corridor Express 03,EXPRESS,SEC-AWR-BKI,2025-03-05,07:18:00,08:03:00,07:21:00,08:06:00,3,HIGH
TRN-12003,Synthetic Corridor Express 03,EXPRESS,SEC-BKI-JP,2025-03-05,08:09:00,09:04:00,08:12:00,09:07:00,3,HIGH
TRN-12005,Synthetic Corridor Express 05,EXPRESS,SEC-NDLS-RE,2025-03-05,06:18:00,07:10:00,06:20:00,07:13:00,3,HIGH
TRN-12005,Synthetic Corridor Express 05,EXPRESS,SEC-RE-AWR,2025-03-05,07:16:00,08:06:00,07:20:00,08:12:00,6,HIGH
TRN-12005,Synthetic Corridor Express 05,EXPRESS,SEC-AWR-BKI,2025-03-05,08:12:00,08:57:00,08:18:00,09:03:00,6,HIGH
TRN-12005,Synthetic Corridor Express 05,EXPRESS,SEC-BKI-JP,2025-03-05,09:03:00,09:58:00,09:10:00,10:05:00,7,HIGH
TRN-12006,Synthetic Corridor Express 06,EXPRESS,SEC-NDLS-RE,2025-03-05,06:45:00,07:37:00,06:47:00,07:39:00,2,HIGH
TRN-12006,Synthetic Corridor Express 06,EXPRESS,SEC-RE-AWR,2025-03-05,07:43:00,08:33:00,07:45:00,08:35:00,2,HIGH
TRN-12006,Synthetic Corridor Express 06,EXPRESS,SEC-AWR-BKI,2025-03-05,08:39:00,09:24:00,08:41:00,09:26:00,2,HIGH
TRN-12006,Synthetic Corridor Express 06,EXPRESS,SEC-BKI-JP,2025-03-05,09:30:00,10:25:00,09:32:00,10:27:00,2,HIGH
TRN-12007,Synthetic Corridor Express 07,EXPRESS,SEC-NDLS-RE,2025-03-05,07:12:00,08:04:00,07:16:00,08:09:00,5,HIGH
TRN-12007,Synthetic Corridor Express 07,EXPRESS,SEC-RE-AWR,2025-03-05,08:10:00,09:00:00,08:15:00,09:05:00,5,HIGH
TRN-12007,Synthetic Corridor Express 07,EXPRESS,SEC-AWR-BKI,2025-03-05,09:06:00,09:51:00,09:12:00,09:57:00,6,HIGH
TRN-12007,Synthetic Corridor Express 07,EXPRESS,SEC-BKI-JP,2025-03-05,09:57:00,10:52:00,10:03:00,10:58:00,6,HIGH
TRN-12009,Synthetic Corridor Express 09,EXPRESS,SEC-NDLS-RE,2025-03-05,08:06:00,08:58:00,08:11:00,09:03:00,5,HIGH
TRN-12009,Synthetic Corridor Express 09,EXPRESS,SEC-RE-AWR,2025-03-05,09:04:00,09:54:00,09:11:00,10:01:00,7,HIGH
TRN-12009,Synthetic Corridor Express 09,EXPRESS,SEC-AWR-BKI,2025-03-05,10:00:00,10:45:00,10:07:00,10:54:00,9,HIGH
TRN-12009,Synthetic Corridor Express 09,EXPRESS,SEC-BKI-JP,2025-03-05,10:51:00,11:46:00,11:01:00,11:56:00,10,HIGH
TRN-12010,Synthetic Corridor Express 10,EXPRESS,SEC-NDLS-RE,2025-03-05,08:33:00,09:25:00,08:34:00,09:27:00,2,HIGH
TRN-12010,Synthetic Corridor Express 10,EXPRESS,SEC-RE-AWR,2025-03-05,09:31:00,10:21:00,09:34:00,10:25:00,4,HIGH
TRN-12010,Synthetic Corridor Express 10,EXPRESS,SEC-AWR-BKI,2025-03-05,10:27:00,11:12:00,10:32:00,11:18:00,6,HIGH
TRN-12010,Synthetic Corridor Express 10,EXPRESS,SEC-BKI-JP,2025-03-05,11:18:00,12:13:00,11:24:00,12:20:00,7,HIGH
TRN-12011,Synthetic Corridor Passenger 11,PASSENGER,SEC-NDLS-RE,2025-03-05,09:00:00,10:02:00,09:05:00,10:07:00,5,MEDIUM
TRN-12011,Synthetic Corridor Passenger 11,PASSENGER,SEC-RE-AWR,2025-03-05,10:11:00,11:10:00,10:17:00,11:17:00,7,MEDIUM
TRN-12011,Synthetic Corridor Passenger 11,PASSENGER,SEC-AWR-BKI,2025-03-05,11:19:00,12:12:00,11:26:00,12:20:00,8,MEDIUM
TRN-12011,Synthetic Corridor Passenger 11,PASSENGER,SEC-BKI-JP,2025-03-05,12:21:00,13:27:00,12:29:00,13:35:00,8,MEDIUM
TRN-12012,Synthetic Corridor Passenger 12,PASSENGER,SEC-NDLS-RE,2025-03-05,09:27:00,10:29:00,09:33:00,10:35:00,6,MEDIUM
TRN-12012,Synthetic Corridor Passenger 12,PASSENGER,SEC-RE-AWR,2025-03-05,10:38:00,11:37:00,10:44:00,11:43:00,6,MEDIUM
TRN-12012,Synthetic Corridor Passenger 12,PASSENGER,SEC-AWR-BKI,2025-03-05,11:46:00,12:39:00,11:53:00,12:46:00,7,MEDIUM
TRN-12012,Synthetic Corridor Passenger 12,PASSENGER,SEC-BKI-JP,2025-03-05,12:48:00,13:54:00,12:55:00,14:01:00,7,MEDIUM
TRN-12013,Synthetic Corridor Passenger 13,PASSENGER,SEC-NDLS-RE,2025-03-05,09:54:00,10:56:00,10:03:00,11:06:00,10,MEDIUM
TRN-12013,Synthetic Corridor Passenger 13,PASSENGER,SEC-RE-AWR,2025-03-05,11:05:00,12:04:00,11:15:00,12:16:00,12,MEDIUM
TRN-12013,Synthetic Corridor Passenger 13,PASSENGER,SEC-AWR-BKI,2025-03-05,12:13:00,13:06:00,12:25:00,13:18:00,12,MEDIUM
TRN-12013,Synthetic Corridor Passenger 13,PASSENGER,SEC-BKI-JP,2025-03-05,13:15:00,14:21:00,13:28:00,14:34:00,13,MEDIUM
TRN-12014,Synthetic Corridor Passenger 14,PASSENGER,SEC-NDLS-RE,2025-03-05,10:21:00,11:23:00,10:23:00,11:25:00,2,MEDIUM
TRN-12014,Synthetic Corridor Passenger 14,PASSENGER,SEC-RE-AWR,2025-03-05,11:32:00,12:31:00,11:34:00,12:33:00,2,MEDIUM
TRN-12014,Synthetic Corridor Passenger 14,PASSENGER,SEC-AWR-BKI,2025-03-05,12:40:00,13:33:00,12:42:00,13:35:00,2,MEDIUM
TRN-12014,Synthetic Corridor Passenger 14,PASSENGER,SEC-BKI-JP,2025-03-05,13:42:00,14:48:00,13:44:00,14:51:00,3,MEDIUM
TRN-12015,Synthetic Corridor Passenger 15,PASSENGER,SEC-NDLS-RE,2025-03-05,10:48:00,11:50:00,10:51:00,11:54:00,4,MEDIUM
TRN-12015,Synthetic Corridor Passenger 15,PASSENGER,SEC-RE-AWR,2025-03-05,11:59:00,12:58:00,12:03:00,13:02:00,4,MEDIUM
TRN-12015,Synthetic Corridor Passenger 15,PASSENGER,SEC-AWR-BKI,2025-03-05,13:07:00,14:00:00,13:11:00,14:04:00,4,MEDIUM
TRN-12015,Synthetic Corridor Passenger 15,PASSENGER,SEC-BKI-JP,2025-03-05,14:09:00,15:15:00,14:13:00,15:19:00,4,MEDIUM
TRN-12016,Synthetic Corridor Passenger 16,PASSENGER,SEC-NDLS-RE,2025-03-05,11:15:00,12:17:00,11:15:00,12:18:00,1,MEDIUM
TRN-12016,Synthetic Corridor Passenger 16,PASSENGER,SEC-RE-AWR,2025-03-05,12:26:00,13:25:00,12:27:00,13:28:00,3,MEDIUM
TRN-12016,Synthetic Corridor Passenger 16,PASSENGER,SEC-AWR-BKI,2025-03-05,13:34:00,14:27:00,13:37:00,14:30:00,3,MEDIUM
TRN-12016,Synthetic Corridor Passenger 16,PASSENGER,SEC-BKI-JP,2025-03-05,14:36:00,15:42:00,14:39:00,15:46:00,4,MEDIUM
TRN-12017,Synthetic Corridor Passenger 17,PASSENGER,SEC-NDLS-RE,2025-03-05,11:42:00,12:44:00,11:49:00,12:51:00,7,MEDIUM
TRN-12017,Synthetic Corridor Passenger 17,PASSENGER,SEC-RE-AWR,2025-03-05,12:53:00,13:52:00,13:00:00,13:59:00,7,MEDIUM
TRN-12017,Synthetic Corridor Passenger 17,PASSENGER,SEC-AWR-BKI,2025-03-05,14:01:00,14:54:00,14:09:00,15:02:00,8,MEDIUM
TRN-12017,Synthetic Corridor Passenger 17,PASSENGER,SEC-BKI-JP,2025-03-05,15:03:00,16:09:00,15:11:00,16:17:00,8,MEDIUM
TRN-12018,Synthetic Corridor Passenger 18,PASSENGER,SEC-NDLS-RE,2025-03-05,12:09:00,13:11:00,12:12:00,13:16:00,5,MEDIUM
TRN-12018,Synthetic Corridor Passenger 18,PASSENGER,SEC-RE-AWR,2025-03-05,13:20:00,14:19:00,13:25:00,14:24:00,5,MEDIUM
TRN-12018,Synthetic Corridor Passenger 18,PASSENGER,SEC-AWR-BKI,2025-03-05,14:28:00,15:21:00,14:33:00,15:26:00,5,MEDIUM
TRN-12018,Synthetic Corridor Passenger 18,PASSENGER,SEC-BKI-JP,2025-03-05,15:30:00,16:36:00,15:36:00,16:42:00,6,MEDIUM
TRN-12019,Synthetic Corridor Freight 19,FREIGHT,SEC-NDLS-RE,2025-03-05,12:36:00,13:58:00,12:41:00,14:05:00,7,LOW
TRN-12019,Synthetic Corridor Freight 19,FREIGHT,SEC-RE-AWR,2025-03-05,14:10:00,15:28:00,14:17:00,15:37:00,9,LOW
TRN-12019,Synthetic Corridor Freight 19,FREIGHT,SEC-AWR-BKI,2025-03-05,15:40:00,16:51:00,15:49:00,17:01:00,10,LOW
TRN-12019,Synthetic Corridor Freight 19,FREIGHT,SEC-BKI-JP,2025-03-05,17:03:00,18:31:00,17:13:00,18:43:00,12,LOW
TRN-12021,Synthetic Corridor Freight 21,FREIGHT,SEC-NDLS-RE,2025-03-05,13:30:00,14:52:00,13:34:00,14:58:00,6,LOW
TRN-12021,Synthetic Corridor Freight 21,FREIGHT,SEC-RE-AWR,2025-03-05,15:04:00,16:22:00,15:12:00,16:30:00,8,LOW
TRN-12021,Synthetic Corridor Freight 21,FREIGHT,SEC-AWR-BKI,2025-03-05,16:34:00,17:45:00,16:42:00,17:55:00,10,LOW
TRN-12021,Synthetic Corridor Freight 21,FREIGHT,SEC-BKI-JP,2025-03-05,17:57:00,19:25:00,18:07:00,19:35:00,10,LOW
TRN-12022,Synthetic Corridor Freight 22,FREIGHT,SEC-NDLS-RE,2025-03-05,13:57:00,15:19:00,13:59:00,15:22:00,3,LOW
TRN-12022,Synthetic Corridor Freight 22,FREIGHT,SEC-RE-AWR,2025-03-05,15:31:00,16:49:00,15:34:00,16:53:00,4,LOW
TRN-12022,Synthetic Corridor Freight 22,FREIGHT,SEC-AWR-BKI,2025-03-05,17:01:00,18:12:00,17:05:00,18:17:00,5,LOW
TRN-12022,Synthetic Corridor Freight 22,FREIGHT,SEC-BKI-JP,2025-03-05,18:24:00,19:52:00,18:29:00,19:58:00,6,LOW
TRN-12023,Synthetic Corridor Freight 23,FREIGHT,SEC-NDLS-RE,2025-03-05,14:24:00,15:46:00,14:28:00,15:50:00,4,LOW
TRN-12023,Synthetic Corridor Freight 23,FREIGHT,SEC-RE-AWR,2025-03-05,15:58:00,17:16:00,16:02:00,17:21:00,5,LOW
TRN-12023,Synthetic Corridor Freight 23,FREIGHT,SEC-AWR-BKI,2025-03-05,17:28:00,18:39:00,17:33:00,18:45:00,6,LOW
TRN-12023,Synthetic Corridor Freight 23,FREIGHT,SEC-BKI-JP,2025-03-05,18:51:00,20:19:00,18:57:00,20:25:00,6,LOW
TRN-12001,Synthetic Corridor Express 01,EXPRESS,SEC-NDLS-RE,2025-03-06,04:30:00,05:22:00,04:31:00,05:23:00,1,HIGH
TRN-12001,Synthetic Corridor Express 01,EXPRESS,SEC-RE-AWR,2025-03-06,05:28:00,06:18:00,05:29:00,06:19:00,1,HIGH
TRN-12001,Synthetic Corridor Express 01,EXPRESS,SEC-AWR-BKI,2025-03-06,06:24:00,07:09:00,06:25:00,07:10:00,1,HIGH
TRN-12001,Synthetic Corridor Express 01,EXPRESS,SEC-BKI-JP,2025-03-06,07:15:00,08:10:00,07:16:00,08:11:00,1,HIGH
TRN-12002,Synthetic Corridor Express 02,EXPRESS,SEC-NDLS-RE,2025-03-06,04:57:00,05:49:00,05:00:00,05:52:00,3,HIGH
TRN-12002,Synthetic Corridor Express 02,EXPRESS,SEC-RE-AWR,2025-03-06,05:55:00,06:45:00,05:58:00,06:48:00,3,HIGH
TRN-12002,Synthetic Corridor Express 02,EXPRESS,SEC-AWR-BKI,2025-03-06,06:51:00,07:36:00,06:54:00,07:40:00,4,HIGH
TRN-12002,Synthetic Corridor Express 02,EXPRESS,SEC-BKI-JP,2025-03-06,07:42:00,08:37:00,07:46:00,08:41:00,4,HIGH
TRN-12004,Synthetic Corridor Express 04,EXPRESS,SEC-NDLS-RE,2025-03-06,05:51:00,06:43:00,05:53:00,06:46:00,3,HIGH
TRN-12004,Synthetic Corridor Express 04,EXPRESS,SEC-RE-AWR,2025-03-06,06:49:00,07:39:00,06:53:00,07:43:00,4,HIGH
TRN-12004,Synthetic Corridor Express 04,EXPRESS,SEC-AWR-BKI,2025-03-06,07:45:00,08:30:00,07:49:00,08:34:00,4,HIGH
TRN-12004,Synthetic Corridor Express 04,EXPRESS,SEC-BKI-JP,2025-03-06,08:36:00,09:31:00,08:40:00,09:35:00,4,HIGH
TRN-12005,Synthetic Corridor Express 05,EXPRESS,SEC-NDLS-RE,2025-03-06,06:18:00,07:10:00,06:19:00,07:11:00,1,HIGH
TRN-12005,Synthetic Corridor Express 05,EXPRESS,SEC-RE-AWR,2025-03-06,07:16:00,08:06:00,07:17:00,08:07:00,1,HIGH
TRN-12005,Synthetic Corridor Express 05,EXPRESS,SEC-AWR-BKI,2025-03-06,08:12:00,08:57:00,08:13:00,08:59:00,2,HIGH
TRN-12005,Synthetic Corridor Express 05,EXPRESS,SEC-BKI-JP,2025-03-06,09:03:00,09:58:00,09:05:00,10:00:00,2,HIGH
TRN-12006,Synthetic Corridor Express 06,EXPRESS,SEC-NDLS-RE,2025-03-06,06:45:00,07:37:00,06:45:00,07:37:00,0,HIGH
TRN-12006,Synthetic Corridor Express 06,EXPRESS,SEC-RE-AWR,2025-03-06,07:43:00,08:33:00,07:43:00,08:33:00,0,HIGH
TRN-12006,Synthetic Corridor Express 06,EXPRESS,SEC-AWR-BKI,2025-03-06,08:39:00,09:24:00,08:40:00,09:25:00,1,HIGH
TRN-12006,Synthetic Corridor Express 06,EXPRESS,SEC-BKI-JP,2025-03-06,09:30:00,10:25:00,09:31:00,10:26:00,1,HIGH
TRN-12008,Synthetic Corridor Express 08,EXPRESS,SEC-NDLS-RE,2025-03-06,07:39:00,08:31:00,07:41:00,08:33:00,2,HIGH
TRN-12008,Synthetic Corridor Express 08,EXPRESS,SEC-RE-AWR,2025-03-06,08:37:00,09:27:00,08:39:00,09:29:00,2,HIGH
TRN-12008,Synthetic Corridor Express 08,EXPRESS,SEC-AWR-BKI,2025-03-06,09:33:00,10:18:00,09:35:00,10:21:00,3,HIGH
TRN-12008,Synthetic Corridor Express 08,EXPRESS,SEC-BKI-JP,2025-03-06,10:24:00,11:19:00,10:27:00,11:22:00,3,HIGH
TRN-12009,Synthetic Corridor Express 09,EXPRESS,SEC-NDLS-RE,2025-03-06,08:06:00,08:58:00,08:10:00,09:02:00,4,HIGH
TRN-12009,Synthetic Corridor Express 09,EXPRESS,SEC-RE-AWR,2025-03-06,09:04:00,09:54:00,09:09:00,09:59:00,5,HIGH
TRN-12009,Synthetic Corridor Express 09,EXPRESS,SEC-AWR-BKI,2025-03-06,10:00:00,10:45:00,10:06:00,10:52:00,7,HIGH
TRN-12009,Synthetic Corridor Express 09,EXPRESS,SEC-BKI-JP,2025-03-06,10:51:00,11:46:00,10:58:00,11:53:00,7,HIGH
TRN-12010,Synthetic Corridor Express 10,EXPRESS,SEC-NDLS-RE,2025-03-06,08:33:00,09:25:00,08:36:00,09:28:00,3,HIGH
TRN-12010,Synthetic Corridor Express 10,EXPRESS,SEC-RE-AWR,2025-03-06,09:31:00,10:21:00,09:35:00,10:25:00,4,HIGH
TRN-12010,Synthetic Corridor Express 10,EXPRESS,SEC-AWR-BKI,2025-03-06,10:27:00,11:12:00,10:31:00,11:18:00,6,HIGH
TRN-12010,Synthetic Corridor Express 10,EXPRESS,SEC-BKI-JP,2025-03-06,11:18:00,12:13:00,11:24:00,12:19:00,6,HIGH
TRN-12011,Synthetic Corridor Passenger 11,PASSENGER,SEC-NDLS-RE,2025-03-06,09:00:00,10:02:00,09:07:00,10:09:00,7,MEDIUM
TRN-12011,Synthetic Corridor Passenger 11,PASSENGER,SEC-RE-AWR,2025-03-06,10:11:00,11:10:00,10:18:00,11:18:00,8,MEDIUM
TRN-12011,Synthetic Corridor Passenger 11,PASSENGER,SEC-AWR-BKI,2025-03-06,11:19:00,12:12:00,11:28:00,12:21:00,9,MEDIUM
TRN-12011,Synthetic Corridor Passenger 11,PASSENGER,SEC-BKI-JP,2025-03-06,12:21:00,13:27:00,12:30:00,13:36:00,9,MEDIUM
TRN-12012,Synthetic Corridor Passenger 12,PASSENGER,SEC-NDLS-RE,2025-03-06,09:27:00,10:29:00,09:30:00,10:35:00,6,MEDIUM
TRN-12012,Synthetic Corridor Passenger 12,PASSENGER,SEC-RE-AWR,2025-03-06,10:38:00,11:37:00,10:44:00,11:43:00,6,MEDIUM
TRN-12012,Synthetic Corridor Passenger 12,PASSENGER,SEC-AWR-BKI,2025-03-06,11:46:00,12:39:00,11:53:00,12:48:00,9,MEDIUM
TRN-12012,Synthetic Corridor Passenger 12,PASSENGER,SEC-BKI-JP,2025-03-06,12:48:00,13:54:00,12:58:00,14:04:00,10,MEDIUM
TRN-12013,Synthetic Corridor Passenger 13,PASSENGER,SEC-NDLS-RE,2025-03-06,09:54:00,10:56:00,10:00:00,11:02:00,6,MEDIUM
TRN-12013,Synthetic Corridor Passenger 13,PASSENGER,SEC-RE-AWR,2025-03-06,11:05:00,12:04:00,11:11:00,12:10:00,6,MEDIUM
TRN-12013,Synthetic Corridor Passenger 13,PASSENGER,SEC-AWR-BKI,2025-03-06,12:13:00,13:06:00,12:20:00,13:14:00,8,MEDIUM
TRN-12013,Synthetic Corridor Passenger 13,PASSENGER,SEC-BKI-JP,2025-03-06,13:15:00,14:21:00,13:24:00,14:33:00,12,MEDIUM
TRN-12014,Synthetic Corridor Passenger 14,PASSENGER,SEC-NDLS-RE,2025-03-06,10:21:00,11:23:00,10:24:00,11:26:00,3,MEDIUM
TRN-12014,Synthetic Corridor Passenger 14,PASSENGER,SEC-RE-AWR,2025-03-06,11:32:00,12:31:00,11:35:00,12:34:00,3,MEDIUM
TRN-12014,Synthetic Corridor Passenger 14,PASSENGER,SEC-AWR-BKI,2025-03-06,12:40:00,13:33:00,12:43:00,13:38:00,5,MEDIUM
TRN-12014,Synthetic Corridor Passenger 14,PASSENGER,SEC-BKI-JP,2025-03-06,13:42:00,14:48:00,13:47:00,14:54:00,6,MEDIUM
TRN-12015,Synthetic Corridor Passenger 15,PASSENGER,SEC-NDLS-RE,2025-03-06,10:48:00,11:50:00,10:51:00,11:54:00,4,MEDIUM
TRN-12015,Synthetic Corridor Passenger 15,PASSENGER,SEC-RE-AWR,2025-03-06,11:59:00,12:58:00,12:04:00,13:03:00,5,MEDIUM
TRN-12015,Synthetic Corridor Passenger 15,PASSENGER,SEC-AWR-BKI,2025-03-06,13:07:00,14:00:00,13:13:00,14:06:00,6,MEDIUM
TRN-12015,Synthetic Corridor Passenger 15,PASSENGER,SEC-BKI-JP,2025-03-06,14:09:00,15:15:00,14:15:00,15:22:00,7,MEDIUM
TRN-12016,Synthetic Corridor Passenger 16,PASSENGER,SEC-NDLS-RE,2025-03-06,11:15:00,12:17:00,11:16:00,12:18:00,1,MEDIUM
TRN-12016,Synthetic Corridor Passenger 16,PASSENGER,SEC-RE-AWR,2025-03-06,12:26:00,13:25:00,12:27:00,13:26:00,1,MEDIUM
TRN-12016,Synthetic Corridor Passenger 16,PASSENGER,SEC-AWR-BKI,2025-03-06,13:34:00,14:27:00,13:35:00,14:30:00,3,MEDIUM
TRN-12016,Synthetic Corridor Passenger 16,PASSENGER,SEC-BKI-JP,2025-03-06,14:36:00,15:42:00,14:39:00,15:47:00,5,MEDIUM
TRN-12017,Synthetic Corridor Passenger 17,PASSENGER,SEC-NDLS-RE,2025-03-06,11:42:00,12:44:00,11:44:00,12:46:00,2,MEDIUM
TRN-12017,Synthetic Corridor Passenger 17,PASSENGER,SEC-RE-AWR,2025-03-06,12:53:00,13:52:00,12:55:00,13:56:00,4,MEDIUM
TRN-12017,Synthetic Corridor Passenger 17,PASSENGER,SEC-AWR-BKI,2025-03-06,14:01:00,14:54:00,14:05:00,14:58:00,4,MEDIUM
TRN-12017,Synthetic Corridor Passenger 17,PASSENGER,SEC-BKI-JP,2025-03-06,15:03:00,16:09:00,15:07:00,16:13:00,4,MEDIUM
TRN-12018,Synthetic Corridor Passenger 18,PASSENGER,SEC-NDLS-RE,2025-03-06,12:09:00,13:11:00,12:12:00,13:14:00,3,MEDIUM
TRN-12018,Synthetic Corridor Passenger 18,PASSENGER,SEC-RE-AWR,2025-03-06,13:20:00,14:19:00,13:25:00,14:25:00,6,MEDIUM
TRN-12018,Synthetic Corridor Passenger 18,PASSENGER,SEC-AWR-BKI,2025-03-06,14:28:00,15:21:00,14:34:00,15:27:00,6,MEDIUM
TRN-12018,Synthetic Corridor Passenger 18,PASSENGER,SEC-BKI-JP,2025-03-06,15:30:00,16:36:00,15:36:00,16:44:00,8,MEDIUM
TRN-12020,Synthetic Corridor Freight 20,FREIGHT,SEC-NDLS-RE,2025-03-06,13:03:00,14:25:00,13:06:00,14:28:00,3,LOW
TRN-12020,Synthetic Corridor Freight 20,FREIGHT,SEC-RE-AWR,2025-03-06,14:37:00,15:55:00,14:40:00,15:58:00,3,LOW
TRN-12020,Synthetic Corridor Freight 20,FREIGHT,SEC-AWR-BKI,2025-03-06,16:07:00,17:18:00,16:10:00,17:21:00,3,LOW
TRN-12020,Synthetic Corridor Freight 20,FREIGHT,SEC-BKI-JP,2025-03-06,17:30:00,18:58:00,17:33:00,19:01:00,3,LOW
TRN-12021,Synthetic Corridor Freight 21,FREIGHT,SEC-NDLS-RE,2025-03-06,13:30:00,14:52:00,13:36:00,15:01:00,9,LOW
TRN-12021,Synthetic Corridor Freight 21,FREIGHT,SEC-RE-AWR,2025-03-06,15:04:00,16:22:00,15:13:00,16:31:00,9,LOW
TRN-12021,Synthetic Corridor Freight 21,FREIGHT,SEC-AWR-BKI,2025-03-06,16:34:00,17:45:00,16:43:00,17:54:00,9,LOW
TRN-12021,Synthetic Corridor Freight 21,FREIGHT,SEC-BKI-JP,2025-03-06,17:57:00,19:25:00,18:06:00,19:36:00,11,LOW
TRN-12022,Synthetic Corridor Freight 22,FREIGHT,SEC-NDLS-RE,2025-03-06,13:57:00,15:19:00,14:00:00,15:22:00,3,LOW
TRN-12022,Synthetic Corridor Freight 22,FREIGHT,SEC-RE-AWR,2025-03-06,15:31:00,16:49:00,15:34:00,16:52:00,3,LOW
TRN-12022,Synthetic Corridor Freight 22,FREIGHT,SEC-AWR-BKI,2025-03-06,17:01:00,18:12:00,17:04:00,18:16:00,4,LOW
TRN-12022,Synthetic Corridor Freight 22,FREIGHT,SEC-BKI-JP,2025-03-06,18:24:00,19:52:00,18:28:00,19:56:00,4,LOW
TRN-12024,Synthetic Corridor Freight 24,FREIGHT,SEC-NDLS-RE,2025-03-06,14:51:00,16:13:00,14:51:00,16:15:00,2,LOW
TRN-12024,Synthetic Corridor Freight 24,FREIGHT,SEC-RE-AWR,2025-03-06,16:25:00,17:43:00,16:27:00,17:48:00,5,LOW
TRN-12024,Synthetic Corridor Freight 24,FREIGHT,SEC-AWR-BKI,2025-03-06,17:55:00,19:06:00,18:00:00,19:11:00,5,LOW
TRN-12024,Synthetic Corridor Freight 24,FREIGHT,SEC-BKI-JP,2025-03-06,19:18:00,20:46:00,19:23:00,20:51:00,5,LOW
TRN-12001,Synthetic Corridor Express 01,EXPRESS,SEC-NDLS-RE,2025-03-07,04:30:00,05:22:00,04:31:00,05:24:00,2,HIGH
TRN-12001,Synthetic Corridor Express 01,EXPRESS,SEC-RE-AWR,2025-03-07,05:28:00,06:18:00,05:31:00,06:22:00,4,HIGH
TRN-12001,Synthetic Corridor Express 01,EXPRESS,SEC-AWR-BKI,2025-03-07,06:24:00,07:09:00,06:28:00,07:14:00,5,HIGH
TRN-12001,Synthetic Corridor Express 01,EXPRESS,SEC-BKI-JP,2025-03-07,07:15:00,08:10:00,07:20:00,08:15:00,5,HIGH
TRN-12002,Synthetic Corridor Express 02,EXPRESS,SEC-NDLS-RE,2025-03-07,04:57:00,05:49:00,04:59:00,05:51:00,2,HIGH
TRN-12002,Synthetic Corridor Express 02,EXPRESS,SEC-RE-AWR,2025-03-07,05:55:00,06:45:00,05:57:00,06:47:00,2,HIGH
TRN-12002,Synthetic Corridor Express 02,EXPRESS,SEC-AWR-BKI,2025-03-07,06:51:00,07:36:00,06:53:00,07:39:00,3,HIGH
TRN-12002,Synthetic Corridor Express 02,EXPRESS,SEC-BKI-JP,2025-03-07,07:42:00,08:37:00,07:46:00,08:41:00,4,HIGH
TRN-12003,Synthetic Corridor Express 03,EXPRESS,SEC-NDLS-RE,2025-03-07,05:24:00,06:16:00,05:27:00,06:19:00,3,HIGH
TRN-12003,Synthetic Corridor Express 03,EXPRESS,SEC-RE-AWR,2025-03-07,06:22:00,07:12:00,06:25:00,07:15:00,3,HIGH
TRN-12003,Synthetic Corridor Express 03,EXPRESS,SEC-AWR-BKI,2025-03-07,07:18:00,08:03:00,07:21:00,08:06:00,3,HIGH
TRN-12003,Synthetic Corridor Express 03,EXPRESS,SEC-BKI-JP,2025-03-07,08:09:00,09:04:00,08:12:00,09:07:00,3,HIGH
TRN-12005,Synthetic Corridor Express 05,EXPRESS,SEC-NDLS-RE,2025-03-07,06:18:00,07:10:00,06:20:00,07:12:00,2,HIGH
TRN-12005,Synthetic Corridor Express 05,EXPRESS,SEC-RE-AWR,2025-03-07,07:16:00,08:06:00,07:18:00,08:09:00,3,HIGH
TRN-12005,Synthetic Corridor Express 05,EXPRESS,SEC-AWR-BKI,2025-03-07,08:12:00,08:57:00,08:15:00,09:01:00,4,HIGH
TRN-12005,Synthetic Corridor Express 05,EXPRESS,SEC-BKI-JP,2025-03-07,09:03:00,09:58:00,09:08:00,10:04:00,6,HIGH
TRN-12006,Synthetic Corridor Express 06,EXPRESS,SEC-NDLS-RE,2025-03-07,06:45:00,07:37:00,06:46:00,07:38:00,1,HIGH
TRN-12006,Synthetic Corridor Express 06,EXPRESS,SEC-RE-AWR,2025-03-07,07:43:00,08:33:00,07:44:00,08:36:00,3,HIGH
TRN-12006,Synthetic Corridor Express 06,EXPRESS,SEC-AWR-BKI,2025-03-07,08:39:00,09:24:00,08:42:00,09:28:00,4,HIGH
TRN-12006,Synthetic Corridor Express 06,EXPRESS,SEC-BKI-JP,2025-03-07,09:30:00,10:25:00,09:34:00,10:29:00,4,HIGH
TRN-12007,Synthetic Corridor Express 07,EXPRESS,SEC-NDLS-RE,2025-03-07,07:12:00,08:04:00,07:14:00,08:06:00,2,HIGH
TRN-12007,Synthetic Corridor Express 07,EXPRESS,SEC-RE-AWR,2025-03-07,08:10:00,09:00:00,08:12:00,09:02:00,2,HIGH
TRN-12007,Synthetic Corridor Express 07,EXPRESS,SEC-AWR-BKI,2025-03-07,09:06:00,09:51:00,09:09:00,09:55:00,4,HIGH
TRN-12007,Synthetic Corridor Express 07,EXPRESS,SEC-BKI-JP,2025-03-07,09:57:00,10:52:00,10:04:00,10:59:00,7,HIGH
TRN-12009,Synthetic Corridor Express 09,EXPRESS,SEC-NDLS-RE,2025-03-07,08:06:00,08:58:00,08:09:00,09:01:00,3,HIGH
TRN-12009,Synthetic Corridor Express 09,EXPRESS,SEC-RE-AWR,2025-03-07,09:04:00,09:54:00,09:08:00,09:59:00,5,HIGH
TRN-12009,Synthetic Corridor Express 09,EXPRESS,SEC-AWR-BKI,2025-03-07,10:00:00,10:45:00,10:05:00,10:50:00,5,HIGH
TRN-12009,Synthetic Corridor Express 09,EXPRESS,SEC-BKI-JP,2025-03-07,10:51:00,11:46:00,10:56:00,11:53:00,7,HIGH
TRN-12010,Synthetic Corridor Express 10,EXPRESS,SEC-NDLS-RE,2025-03-07,08:33:00,09:25:00,08:36:00,09:28:00,3,HIGH
TRN-12010,Synthetic Corridor Express 10,EXPRESS,SEC-RE-AWR,2025-03-07,09:31:00,10:21:00,09:35:00,10:25:00,4,HIGH
TRN-12010,Synthetic Corridor Express 10,EXPRESS,SEC-AWR-BKI,2025-03-07,10:27:00,11:12:00,10:33:00,11:19:00,7,HIGH
TRN-12010,Synthetic Corridor Express 10,EXPRESS,SEC-BKI-JP,2025-03-07,11:18:00,12:13:00,11:26:00,12:21:00,8,HIGH
TRN-12011,Synthetic Corridor Passenger 11,PASSENGER,SEC-NDLS-RE,2025-03-07,09:00:00,10:02:00,09:06:00,10:09:00,7,MEDIUM
TRN-12011,Synthetic Corridor Passenger 11,PASSENGER,SEC-RE-AWR,2025-03-07,10:11:00,11:10:00,10:20:00,11:21:00,11,MEDIUM
TRN-12011,Synthetic Corridor Passenger 11,PASSENGER,SEC-AWR-BKI,2025-03-07,11:19:00,12:12:00,11:31:00,12:24:00,12,MEDIUM
TRN-12011,Synthetic Corridor Passenger 11,PASSENGER,SEC-BKI-JP,2025-03-07,12:21:00,13:27:00,12:33:00,13:39:00,12,MEDIUM
TRN-12012,Synthetic Corridor Passenger 12,PASSENGER,SEC-NDLS-RE,2025-03-07,09:27:00,10:29:00,09:31:00,10:33:00,4,MEDIUM
TRN-12012,Synthetic Corridor Passenger 12,PASSENGER,SEC-RE-AWR,2025-03-07,10:38:00,11:37:00,10:43:00,11:43:00,6,MEDIUM
TRN-12012,Synthetic Corridor Passenger 12,PASSENGER,SEC-AWR-BKI,2025-03-07,11:46:00,12:39:00,11:53:00,12:49:00,10,MEDIUM
TRN-12012,Synthetic Corridor Passenger 12,PASSENGER,SEC-BKI-JP,2025-03-07,12:48:00,13:54:00,12:58:00,14:04:00,10,MEDIUM
TRN-12013,Synthetic Corridor Passenger 13,PASSENGER,SEC-NDLS-RE,2025-03-07,09:54:00,10:56:00,10:03:00,11:06:00,10,MEDIUM
TRN-12013,Synthetic Corridor Passenger 13,PASSENGER,SEC-RE-AWR,2025-03-07,11:05:00,12:04:00,11:15:00,12:14:00,10,MEDIUM
TRN-12013,Synthetic Corridor Passenger 13,PASSENGER,SEC-AWR-BKI,2025-03-07,12:13:00,13:06:00,12:23:00,13:17:00,11,MEDIUM
TRN-12013,Synthetic Corridor Passenger 13,PASSENGER,SEC-BKI-JP,2025-03-07,13:15:00,14:21:00,13:26:00,14:32:00,11,MEDIUM
TRN-12014,Synthetic Corridor Passenger 14,PASSENGER,SEC-NDLS-RE,2025-03-07,10:21:00,11:23:00,10:23:00,11:26:00,3,MEDIUM
TRN-12014,Synthetic Corridor Passenger 14,PASSENGER,SEC-RE-AWR,2025-03-07,11:32:00,12:31:00,11:36:00,12:36:00,5,MEDIUM
TRN-12014,Synthetic Corridor Passenger 14,PASSENGER,SEC-AWR-BKI,2025-03-07,12:40:00,13:33:00,12:45:00,13:38:00,5,MEDIUM
TRN-12014,Synthetic Corridor Passenger 14,PASSENGER,SEC-BKI-JP,2025-03-07,13:42:00,14:48:00,13:47:00,14:54:00,6,MEDIUM
TRN-12015,Synthetic Corridor Passenger 15,PASSENGER,SEC-NDLS-RE,2025-03-07,10:48:00,11:50:00,10:50:00,11:53:00,3,MEDIUM
TRN-12015,Synthetic Corridor Passenger 15,PASSENGER,SEC-RE-AWR,2025-03-07,11:59:00,12:58:00,12:03:00,13:02:00,4,MEDIUM
TRN-12015,Synthetic Corridor Passenger 15,PASSENGER,SEC-AWR-BKI,2025-03-07,13:07:00,14:00:00,13:11:00,14:04:00,4,MEDIUM
TRN-12015,Synthetic Corridor Passenger 15,PASSENGER,SEC-BKI-JP,2025-03-07,14:09:00,15:15:00,14:13:00,15:20:00,5,MEDIUM
TRN-12016,Synthetic Corridor Passenger 16,PASSENGER,SEC-NDLS-RE,2025-03-07,11:15:00,12:17:00,11:18:00,12:21:00,4,MEDIUM
TRN-12016,Synthetic Corridor Passenger 16,PASSENGER,SEC-RE-AWR,2025-03-07,12:26:00,13:25:00,12:30:00,13:30:00,5,MEDIUM
TRN-12016,Synthetic Corridor Passenger 16,PASSENGER,SEC-AWR-BKI,2025-03-07,13:34:00,14:27:00,13:39:00,14:32:00,5,MEDIUM
TRN-12016,Synthetic Corridor Passenger 16,PASSENGER,SEC-BKI-JP,2025-03-07,14:36:00,15:42:00,14:41:00,15:50:00,8,MEDIUM
TRN-12017,Synthetic Corridor Passenger 17,PASSENGER,SEC-NDLS-RE,2025-03-07,11:42:00,12:44:00,11:45:00,12:47:00,3,MEDIUM
TRN-12017,Synthetic Corridor Passenger 17,PASSENGER,SEC-RE-AWR,2025-03-07,12:53:00,13:52:00,12:56:00,13:55:00,3,MEDIUM
TRN-12017,Synthetic Corridor Passenger 17,PASSENGER,SEC-AWR-BKI,2025-03-07,14:01:00,14:54:00,14:04:00,14:57:00,3,MEDIUM
TRN-12017,Synthetic Corridor Passenger 17,PASSENGER,SEC-BKI-JP,2025-03-07,15:03:00,16:09:00,15:06:00,16:15:00,6,MEDIUM
TRN-12018,Synthetic Corridor Passenger 18,PASSENGER,SEC-NDLS-RE,2025-03-07,12:09:00,13:11:00,12:15:00,13:17:00,6,MEDIUM
TRN-12018,Synthetic Corridor Passenger 18,PASSENGER,SEC-RE-AWR,2025-03-07,13:20:00,14:19:00,13:26:00,14:25:00,6,MEDIUM
TRN-12018,Synthetic Corridor Passenger 18,PASSENGER,SEC-AWR-BKI,2025-03-07,14:28:00,15:21:00,14:34:00,15:27:00,6,MEDIUM
TRN-12018,Synthetic Corridor Passenger 18,PASSENGER,SEC-BKI-JP,2025-03-07,15:30:00,16:36:00,15:37:00,16:44:00,8,MEDIUM
TRN-12019,Synthetic Corridor Freight 19,FREIGHT,SEC-NDLS-RE,2025-03-07,12:36:00,13:58:00,12:39:00,14:02:00,4,LOW
TRN-12019,Synthetic Corridor Freight 19,FREIGHT,SEC-RE-AWR,2025-03-07,14:10:00,15:28:00,14:14:00,15:32:00,4,LOW
TRN-12019,Synthetic Corridor Freight 19,FREIGHT,SEC-AWR-BKI,2025-03-07,15:40:00,16:51:00,15:44:00,16:55:00,4,LOW
TRN-12019,Synthetic Corridor Freight 19,FREIGHT,SEC-BKI-JP,2025-03-07,17:03:00,18:31:00,17:08:00,18:36:00,5,LOW
TRN-12021,Synthetic Corridor Freight 21,FREIGHT,SEC-NDLS-RE,2025-03-07,13:30:00,14:52:00,13:30:00,14:54:00,2,LOW
TRN-12021,Synthetic Corridor Freight 21,FREIGHT,SEC-RE-AWR,2025-03-07,15:04:00,16:22:00,15:06:00,16:25:00,3,LOW
TRN-12021,Synthetic Corridor Freight 21,FREIGHT,SEC-AWR-BKI,2025-03-07,16:34:00,17:45:00,16:37:00,17:49:00,4,LOW
TRN-12021,Synthetic Corridor Freight 21,FREIGHT,SEC-BKI-JP,2025-03-07,17:57:00,19:25:00,18:01:00,19:30:00,5,LOW
TRN-12022,Synthetic Corridor Freight 22,FREIGHT,SEC-NDLS-RE,2025-03-07,13:57:00,15:19:00,13:59:00,15:22:00,3,LOW
TRN-12022,Synthetic Corridor Freight 22,FREIGHT,SEC-RE-AWR,2025-03-07,15:31:00,16:49:00,15:34:00,16:53:00,4,LOW
TRN-12022,Synthetic Corridor Freight 22,FREIGHT,SEC-AWR-BKI,2025-03-07,17:01:00,18:12:00,17:05:00,18:17:00,5,LOW
TRN-12022,Synthetic Corridor Freight 22,FREIGHT,SEC-BKI-JP,2025-03-07,18:24:00,19:52:00,18:29:00,19:59:00,7,LOW
TRN-12023,Synthetic Corridor Freight 23,FREIGHT,SEC-NDLS-RE,2025-03-07,14:24:00,15:46:00,14:29:00,15:54:00,8,LOW
TRN-12023,Synthetic Corridor Freight 23,FREIGHT,SEC-RE-AWR,2025-03-07,15:58:00,17:16:00,16:06:00,17:25:00,9,LOW
TRN-12023,Synthetic Corridor Freight 23,FREIGHT,SEC-AWR-BKI,2025-03-07,17:28:00,18:39:00,17:37:00,18:49:00,10,LOW
TRN-12023,Synthetic Corridor Freight 23,FREIGHT,SEC-BKI-JP,2025-03-07,18:51:00,20:19:00,19:01:00,20:30:00,11,LOW
TRN-12001,Synthetic Corridor Express 01,EXPRESS,SEC-NDLS-RE,2025-03-08,04:30:00,05:22:00,04:40:00,05:34:00,12,HIGH
TRN-12001,Synthetic Corridor Express 01,EXPRESS,SEC-RE-AWR,2025-03-08,05:28:00,06:18:00,05:40:00,06:30:00,12,HIGH
TRN-12001,Synthetic Corridor Express 01,EXPRESS,SEC-AWR-BKI,2025-03-08,06:24:00,07:09:00,06:38:00,07:26:00,17,HIGH
TRN-12001,Synthetic Corridor Express 01,EXPRESS,SEC-BKI-JP,2025-03-08,07:15:00,08:10:00,07:32:00,08:27:00,17,HIGH
TRN-12004,Synthetic Corridor Express 04,EXPRESS,SEC-NDLS-RE,2025-03-08,05:51:00,06:43:00,05:54:00,06:48:00,5,HIGH
TRN-12004,Synthetic Corridor Express 04,EXPRESS,SEC-RE-AWR,2025-03-08,06:49:00,07:39:00,06:54:00,07:46:00,7,HIGH
TRN-12004,Synthetic Corridor Express 04,EXPRESS,SEC-AWR-BKI,2025-03-08,07:45:00,08:30:00,07:53:00,08:38:00,8,HIGH
TRN-12004,Synthetic Corridor Express 04,EXPRESS,SEC-BKI-JP,2025-03-08,08:36:00,09:31:00,08:44:00,09:40:00,9,HIGH
TRN-12005,Synthetic Corridor Express 05,EXPRESS,SEC-NDLS-RE,2025-03-08,06:18:00,07:10:00,06:23:00,07:16:00,6,HIGH
TRN-12005,Synthetic Corridor Express 05,EXPRESS,SEC-RE-AWR,2025-03-08,07:16:00,08:06:00,07:22:00,08:14:00,8,HIGH
TRN-12005,Synthetic Corridor Express 05,EXPRESS,SEC-AWR-BKI,2025-03-08,08:12:00,08:57:00,08:22:00,09:08:00,11,HIGH
TRN-12005,Synthetic Corridor Express 05,EXPRESS,SEC-BKI-JP,2025-03-08,09:03:00,09:58:00,09:15:00,10:11:00,13,HIGH
TRN-12008,Synthetic Corridor Express 08,EXPRESS,SEC-NDLS-RE,2025-03-08,07:39:00,08:31:00,07:46:00,08:40:00,9,HIGH
TRN-12008,Synthetic Corridor Express 08,EXPRESS,SEC-RE-AWR,2025-03-08,08:37:00,09:27:00,08:47:00,09:40:00,13,HIGH
TRN-12008,Synthetic Corridor Express 08,EXPRESS,SEC-AWR-BKI,2025-03-08,09:33:00,10:18:00,09:48:00,10:34:00,16,HIGH
TRN-12008,Synthetic Corridor Express 08,EXPRESS,SEC-BKI-JP,2025-03-08,10:24:00,11:19:00,10:40:00,11:36:00,17,HIGH
TRN-12009,Synthetic Corridor Express 09,EXPRESS,SEC-NDLS-RE,2025-03-08,08:06:00,08:58:00,08:09:00,09:04:00,6,HIGH
TRN-12009,Synthetic Corridor Express 09,EXPRESS,SEC-RE-AWR,2025-03-08,09:04:00,09:54:00,09:11:00,10:02:00,8,HIGH
TRN-12009,Synthetic Corridor Express 09,EXPRESS,SEC-AWR-BKI,2025-03-08,10:00:00,10:45:00,10:09:00,10:56:00,11,HIGH
TRN-12009,Synthetic Corridor Express 09,EXPRESS,SEC-BKI-JP,2025-03-08,10:51:00,11:46:00,11:03:00,12:01:00,15,HIGH
TRN-12011,Synthetic Corridor Passenger 11,PASSENGER,SEC-NDLS-RE,2025-03-08,09:00:00,10:02:00,09:05:00,10:07:00,5,MEDIUM
TRN-12011,Synthetic Corridor Passenger 11,PASSENGER,SEC-RE-AWR,2025-03-08,10:11:00,11:10:00,10:16:00,11:16:00,6,MEDIUM
TRN-12011,Synthetic Corridor Passenger 11,PASSENGER,SEC-AWR-BKI,2025-03-08,11:19:00,12:12:00,11:26:00,12:20:00,8,MEDIUM
TRN-12011,Synthetic Corridor Passenger 11,PASSENGER,SEC-BKI-JP,2025-03-08,12:21:00,13:27:00,12:31:00,13:38:00,11,MEDIUM
TRN-12012,Synthetic Corridor Passenger 12,PASSENGER,SEC-NDLS-RE,2025-03-08,09:27:00,10:29:00,09:38:00,10:41:00,12,MEDIUM
TRN-12012,Synthetic Corridor Passenger 12,PASSENGER,SEC-RE-AWR,2025-03-08,10:38:00,11:37:00,10:50:00,11:51:00,14,MEDIUM
TRN-12012,Synthetic Corridor Passenger 12,PASSENGER,SEC-AWR-BKI,2025-03-08,11:46:00,12:39:00,12:02:00,12:55:00,16,MEDIUM
TRN-12012,Synthetic Corridor Passenger 12,PASSENGER,SEC-BKI-JP,2025-03-08,12:48:00,13:54:00,13:04:00,14:13:00,19,MEDIUM
TRN-12013,Synthetic Corridor Passenger 13,PASSENGER,SEC-NDLS-RE,2025-03-08,09:54:00,10:56:00,10:02:00,11:05:00,9,MEDIUM
TRN-12013,Synthetic Corridor Passenger 13,PASSENGER,SEC-RE-AWR,2025-03-08,11:05:00,12:04:00,11:15:00,12:15:00,11,MEDIUM
TRN-12013,Synthetic Corridor Passenger 13,PASSENGER,SEC-AWR-BKI,2025-03-08,12:13:00,13:06:00,12:25:00,13:20:00,14,MEDIUM
TRN-12013,Synthetic Corridor Passenger 13,PASSENGER,SEC-BKI-JP,2025-03-08,13:15:00,14:21:00,13:30:00,14:38:00,17,MEDIUM
TRN-12014,Synthetic Corridor Passenger 14,PASSENGER,SEC-NDLS-RE,2025-03-08,10:21:00,11:23:00,10:27:00,11:31:00,8,MEDIUM
TRN-12014,Synthetic Corridor Passenger 14,PASSENGER,SEC-RE-AWR,2025-03-08,11:32:00,12:31:00,11:40:00,12:39:00,8,MEDIUM
TRN-12014,Synthetic Corridor Passenger 14,PASSENGER,SEC-AWR-BKI,2025-03-08,12:40:00,13:33:00,12:49:00,13:43:00,10,MEDIUM
TRN-12014,Synthetic Corridor Passenger 14,PASSENGER,SEC-BKI-JP,2025-03-08,13:42:00,14:48:00,13:53:00,15:01:00,13,MEDIUM
TRN-12015,Synthetic Corridor Passenger 15,PASSENGER,SEC-NDLS-RE,2025-03-08,10:48:00,11:50:00,10:52:00,11:56:00,6,MEDIUM
TRN-12015,Synthetic Corridor Passenger 15,PASSENGER,SEC-RE-AWR,2025-03-08,11:59:00,12:58:00,12:06:00,13:06:00,8,MEDIUM
TRN-12015,Synthetic Corridor Passenger 15,PASSENGER,SEC-AWR-BKI,2025-03-08,13:07:00,14:00:00,13:15:00,14:09:00,9,MEDIUM
TRN-12015,Synthetic Corridor Passenger 15,PASSENGER,SEC-BKI-JP,2025-03-08,14:09:00,15:15:00,14:18:00,15:26:00,11,MEDIUM
TRN-12016,Synthetic Corridor Passenger 16,PASSENGER,SEC-NDLS-RE,2025-03-08,11:15:00,12:17:00,11:20:00,12:24:00,7,MEDIUM
TRN-12016,Synthetic Corridor Passenger 16,PASSENGER,SEC-RE-AWR,2025-03-08,12:26:00,13:25:00,12:33:00,13:32:00,7,MEDIUM
TRN-12016,Synthetic Corridor Passenger 16,PASSENGER,SEC-AWR-BKI,2025-03-08,13:34:00,14:27:00,13:41:00,14:35:00,8,MEDIUM
TRN-12016,Synthetic Corridor Passenger 16,PASSENGER,SEC-BKI-JP,2025-03-08,14:36:00,15:42:00,14:44:00,15:54:00,12,MEDIUM
TRN-12017,Synthetic Corridor Passenger 17,PASSENGER,SEC-NDLS-RE,2025-03-08,11:42:00,12:44:00,11:48:00,12:51:00,7,MEDIUM
TRN-12017,Synthetic Corridor Passenger 17,PASSENGER,SEC-RE-AWR,2025-03-08,12:53:00,13:52:00,13:00:00,14:01:00,9,MEDIUM
TRN-12017,Synthetic Corridor Passenger 17,PASSENGER,SEC-AWR-BKI,2025-03-08,14:01:00,14:54:00,14:13:00,15:08:00,14,MEDIUM
TRN-12017,Synthetic Corridor Passenger 17,PASSENGER,SEC-BKI-JP,2025-03-08,15:03:00,16:09:00,15:18:00,16:25:00,16,MEDIUM
TRN-12018,Synthetic Corridor Passenger 18,PASSENGER,SEC-NDLS-RE,2025-03-08,12:09:00,13:11:00,12:11:00,13:14:00,3,MEDIUM
TRN-12018,Synthetic Corridor Passenger 18,PASSENGER,SEC-RE-AWR,2025-03-08,13:20:00,14:19:00,13:24:00,14:23:00,4,MEDIUM
TRN-12018,Synthetic Corridor Passenger 18,PASSENGER,SEC-AWR-BKI,2025-03-08,14:28:00,15:21:00,14:33:00,15:26:00,5,MEDIUM
TRN-12018,Synthetic Corridor Passenger 18,PASSENGER,SEC-BKI-JP,2025-03-08,15:30:00,16:36:00,15:36:00,16:43:00,7,MEDIUM
TRN-12020,Synthetic Corridor Freight 20,FREIGHT,SEC-NDLS-RE,2025-03-08,13:03:00,14:25:00,13:10:00,14:33:00,8,LOW
TRN-12020,Synthetic Corridor Freight 20,FREIGHT,SEC-RE-AWR,2025-03-08,14:37:00,15:55:00,14:47:00,16:06:00,11,LOW
TRN-12020,Synthetic Corridor Freight 20,FREIGHT,SEC-AWR-BKI,2025-03-08,16:07:00,17:18:00,16:19:00,17:32:00,14,LOW
TRN-12020,Synthetic Corridor Freight 20,FREIGHT,SEC-BKI-JP,2025-03-08,17:30:00,18:58:00,17:46:00,19:17:00,19,LOW
TRN-12021,Synthetic Corridor Freight 21,FREIGHT,SEC-NDLS-RE,2025-03-08,13:30:00,14:52:00,13:38:00,15:02:00,10,LOW
TRN-12021,Synthetic Corridor Freight 21,FREIGHT,SEC-RE-AWR,2025-03-08,15:04:00,16:22:00,15:15:00,16:33:00,11,LOW
TRN-12021,Synthetic Corridor Freight 21,FREIGHT,SEC-AWR-BKI,2025-03-08,16:34:00,17:45:00,16:45:00,17:56:00,11,LOW
TRN-12021,Synthetic Corridor Freight 21,FREIGHT,SEC-BKI-JP,2025-03-08,17:57:00,19:25:00,18:10:00,19:40:00,15,LOW
TRN-12024,Synthetic Corridor Freight 24,FREIGHT,SEC-NDLS-RE,2025-03-08,14:51:00,16:13:00,14:53:00,16:16:00,3,LOW
TRN-12024,Synthetic Corridor Freight 24,FREIGHT,SEC-RE-AWR,2025-03-08,16:25:00,17:43:00,16:30:00,17:53:00,10,LOW
TRN-12024,Synthetic Corridor Freight 24,FREIGHT,SEC-AWR-BKI,2025-03-08,17:55:00,19:06:00,18:05:00,19:18:00,12,LOW
TRN-12024,Synthetic Corridor Freight 24,FREIGHT,SEC-BKI-JP,2025-03-08,19:18:00,20:46:00,19:30:00,20:59:00,13,LOW
TRN-12001,Synthetic Corridor Express 01,EXPRESS,SEC-NDLS-RE,2025-03-09,04:30:00,05:22:00,04:36:00,05:28:00,6,HIGH
TRN-12001,Synthetic Corridor Express 01,EXPRESS,SEC-RE-AWR,2025-03-09,05:28:00,06:18:00,05:34:00,06:25:00,7,HIGH
TRN-12001,Synthetic Corridor Express 01,EXPRESS,SEC-AWR-BKI,2025-03-09,06:24:00,07:09:00,06:31:00,07:18:00,9,HIGH
TRN-12001,Synthetic Corridor Express 01,EXPRESS,SEC-BKI-JP,2025-03-09,07:15:00,08:10:00,07:26:00,08:22:00,12,HIGH
TRN-12003,Synthetic Corridor Express 03,EXPRESS,SEC-NDLS-RE,2025-03-09,05:24:00,06:16:00,05:26:00,06:18:00,2,HIGH
TRN-12003,Synthetic Corridor Express 03,EXPRESS,SEC-RE-AWR,2025-03-09,06:22:00,07:12:00,06:25:00,07:15:00,3,HIGH
TRN-12003,Synthetic Corridor Express 03,EXPRESS,SEC-AWR-BKI,2025-03-09,07:18:00,08:03:00,07:21:00,08:06:00,3,HIGH
TRN-12003,Synthetic Corridor Express 03,EXPRESS,SEC-BKI-JP,2025-03-09,08:09:00,09:04:00,08:12:00,09:07:00,3,HIGH
TRN-12005,Synthetic Corridor Express 05,EXPRESS,SEC-NDLS-RE,2025-03-09,06:18:00,07:10:00,06:21:00,07:13:00,3,HIGH
TRN-12005,Synthetic Corridor Express 05,EXPRESS,SEC-RE-AWR,2025-03-09,07:16:00,08:06:00,07:19:00,08:09:00,3,HIGH
TRN-12005,Synthetic Corridor Express 05,EXPRESS,SEC-AWR-BKI,2025-03-09,08:12:00,08:57:00,08:15:00,09:00:00,3,HIGH
TRN-12005,Synthetic Corridor Express 05,EXPRESS,SEC-BKI-JP,2025-03-09,09:03:00,09:58:00,09:06:00,10:01:00,3,HIGH
TRN-12007,Synthetic Corridor Express 07,EXPRESS,SEC-NDLS-RE,2025-03-09,07:12:00,08:04:00,07:15:00,08:08:00,4,HIGH
TRN-12007,Synthetic Corridor Express 07,EXPRESS,SEC-RE-AWR,2025-03-09,08:10:00,09:00:00,08:14:00,09:05:00,5,HIGH
TRN-12007,Synthetic Corridor Express 07,EXPRESS,SEC-AWR-BKI,2025-03-09,09:06:00,09:51:00,09:11:00,09:56:00,5,HIGH
TRN-12007,Synthetic Corridor Express 07,EXPRESS,SEC-BKI-JP,2025-03-09,09:57:00,10:52:00,10:02:00,10:57:00,5,HIGH
TRN-12009,Synthetic Corridor Express 09,EXPRESS,SEC-NDLS-RE,2025-03-09,08:06:00,08:58:00,08:09:00,09:02:00,4,HIGH
TRN-12009,Synthetic Corridor Express 09,EXPRESS,SEC-RE-AWR,2025-03-09,09:04:00,09:54:00,09:08:00,09:58:00,4,HIGH
TRN-12009,Synthetic Corridor Express 09,EXPRESS,SEC-AWR-BKI,2025-03-09,10:00:00,10:45:00,10:05:00,10:51:00,6,HIGH
TRN-12009,Synthetic Corridor Express 09,EXPRESS,SEC-BKI-JP,2025-03-09,10:51:00,11:46:00,10:57:00,11:52:00,6,HIGH
TRN-12011,Synthetic Corridor Passenger 11,PASSENGER,SEC-NDLS-RE,2025-03-09,09:00:00,10:02:00,09:04:00,10:08:00,6,MEDIUM
TRN-12011,Synthetic Corridor Passenger 11,PASSENGER,SEC-RE-AWR,2025-03-09,10:11:00,11:10:00,10:17:00,11:16:00,6,MEDIUM
TRN-12011,Synthetic Corridor Passenger 11,PASSENGER,SEC-AWR-BKI,2025-03-09,11:19:00,12:12:00,11:25:00,12:18:00,6,MEDIUM
TRN-12011,Synthetic Corridor Passenger 11,PASSENGER,SEC-BKI-JP,2025-03-09,12:21:00,13:27:00,12:28:00,13:34:00,7,MEDIUM
TRN-12012,Synthetic Corridor Passenger 12,PASSENGER,SEC-NDLS-RE,2025-03-09,09:27:00,10:29:00,09:29:00,10:32:00,3,MEDIUM
TRN-12012,Synthetic Corridor Passenger 12,PASSENGER,SEC-RE-AWR,2025-03-09,10:38:00,11:37:00,10:41:00,11:41:00,4,MEDIUM
TRN-12012,Synthetic Corridor Passenger 12,PASSENGER,SEC-AWR-BKI,2025-03-09,11:46:00,12:39:00,11:53:00,12:48:00,9,MEDIUM
TRN-12012,Synthetic Corridor Passenger 12,PASSENGER,SEC-BKI-JP,2025-03-09,12:48:00,13:54:00,12:58:00,14:04:00,10,MEDIUM
TRN-12013,Synthetic Corridor Passenger 13,PASSENGER,SEC-NDLS-RE,2025-03-09,09:54:00,10:56:00,09:58:00,11:00:00,4,MEDIUM
TRN-12013,Synthetic Corridor Passenger 13,PASSENGER,SEC-RE-AWR,2025-03-09,11:05:00,12:04:00,11:09:00,12:09:00,5,MEDIUM
TRN-12013,Synthetic Corridor Passenger 13,PASSENGER,SEC-AWR-BKI,2025-03-09,12:13:00,13:06:00,12:18:00,13:11:00,5,MEDIUM
TRN-12013,Synthetic Corridor Passenger 13,PASSENGER,SEC-BKI-JP,2025-03-09,13:15:00,14:21:00,13:20:00,14:26:00,5,MEDIUM
TRN-12014,Synthetic Corridor Passenger 14,PASSENGER,SEC-NDLS-RE,2025-03-09,10:21:00,11:23:00,10:25:00,11:27:00,4,MEDIUM
TRN-12014,Synthetic Corridor Passenger 14,PASSENGER,SEC-RE-AWR,2025-03-09,11:32:00,12:31:00,11:36:00,12:35:00,4,MEDIUM
TRN-12014,Synthetic Corridor Passenger 14,PASSENGER,SEC-AWR-BKI,2025-03-09,12:40:00,13:33:00,12:45:00,13:40:00,7,MEDIUM
TRN-12014,Synthetic Corridor Passenger 14,PASSENGER,SEC-BKI-JP,2025-03-09,13:42:00,14:48:00,13:50:00,14:56:00,8,MEDIUM
TRN-12015,Synthetic Corridor Passenger 15,PASSENGER,SEC-NDLS-RE,2025-03-09,10:48:00,11:50:00,10:51:00,11:54:00,4,MEDIUM
TRN-12015,Synthetic Corridor Passenger 15,PASSENGER,SEC-RE-AWR,2025-03-09,11:59:00,12:58:00,12:04:00,13:03:00,5,MEDIUM
TRN-12015,Synthetic Corridor Passenger 15,PASSENGER,SEC-AWR-BKI,2025-03-09,13:07:00,14:00:00,13:13:00,14:08:00,8,MEDIUM
TRN-12015,Synthetic Corridor Passenger 15,PASSENGER,SEC-BKI-JP,2025-03-09,14:09:00,15:15:00,14:17:00,15:23:00,8,MEDIUM
TRN-12016,Synthetic Corridor Passenger 16,PASSENGER,SEC-NDLS-RE,2025-03-09,11:15:00,12:17:00,11:18:00,12:22:00,5,MEDIUM
TRN-12016,Synthetic Corridor Passenger 16,PASSENGER,SEC-RE-AWR,2025-03-09,12:26:00,13:25:00,12:31:00,13:32:00,7,MEDIUM
TRN-12016,Synthetic Corridor Passenger 16,PASSENGER,SEC-AWR-BKI,2025-03-09,13:34:00,14:27:00,13:41:00,14:34:00,7,MEDIUM
TRN-12016,Synthetic Corridor Passenger 16,PASSENGER,SEC-BKI-JP,2025-03-09,14:36:00,15:42:00,14:43:00,15:50:00,8,MEDIUM
TRN-12017,Synthetic Corridor Passenger 17,PASSENGER,SEC-NDLS-RE,2025-03-09,11:42:00,12:44:00,11:47:00,12:49:00,5,MEDIUM
TRN-12017,Synthetic Corridor Passenger 17,PASSENGER,SEC-RE-AWR,2025-03-09,12:53:00,13:52:00,12:59:00,13:58:00,6,MEDIUM
TRN-12017,Synthetic Corridor Passenger 17,PASSENGER,SEC-AWR-BKI,2025-03-09,14:01:00,14:54:00,14:09:00,15:02:00,8,MEDIUM
TRN-12017,Synthetic Corridor Passenger 17,PASSENGER,SEC-BKI-JP,2025-03-09,15:03:00,16:09:00,15:11:00,16:17:00,8,MEDIUM
TRN-12018,Synthetic Corridor Passenger 18,PASSENGER,SEC-NDLS-RE,2025-03-09,12:09:00,13:11:00,12:12:00,13:14:00,3,MEDIUM
TRN-12018,Synthetic Corridor Passenger 18,PASSENGER,SEC-RE-AWR,2025-03-09,13:20:00,14:19:00,13:23:00,14:22:00,3,MEDIUM
TRN-12018,Synthetic Corridor Passenger 18,PASSENGER,SEC-AWR-BKI,2025-03-09,14:28:00,15:21:00,14:32:00,15:26:00,5,MEDIUM
TRN-12018,Synthetic Corridor Passenger 18,PASSENGER,SEC-BKI-JP,2025-03-09,15:30:00,16:36:00,15:35:00,16:42:00,6,MEDIUM
TRN-12019,Synthetic Corridor Freight 19,FREIGHT,SEC-NDLS-RE,2025-03-09,12:36:00,13:58:00,12:43:00,14:05:00,7,LOW
TRN-12019,Synthetic Corridor Freight 19,FREIGHT,SEC-RE-AWR,2025-03-09,14:10:00,15:28:00,14:18:00,15:39:00,11,LOW
TRN-12019,Synthetic Corridor Freight 19,FREIGHT,SEC-AWR-BKI,2025-03-09,15:40:00,16:51:00,15:51:00,17:03:00,12,LOW
TRN-12019,Synthetic Corridor Freight 19,FREIGHT,SEC-BKI-JP,2025-03-09,17:03:00,18:31:00,17:15:00,18:46:00,15,LOW
TRN-12021,Synthetic Corridor Freight 21,FREIGHT,SEC-NDLS-RE,2025-03-09,13:30:00,14:52:00,13:36:00,14:59:00,7,LOW
TRN-12021,Synthetic Corridor Freight 21,FREIGHT,SEC-RE-AWR,2025-03-09,15:04:00,16:22:00,15:11:00,16:29:00,7,LOW
TRN-12021,Synthetic Corridor Freight 21,FREIGHT,SEC-AWR-BKI,2025-03-09,16:34:00,17:45:00,16:41:00,17:53:00,8,LOW
TRN-12021,Synthetic Corridor Freight 21,FREIGHT,SEC-BKI-JP,2025-03-09,17:57:00,19:25:00,18:05:00,19:34:00,9,LOW
TRN-12023,Synthetic Corridor Freight 23,FREIGHT,SEC-NDLS-RE,2025-03-09,14:24:00,15:46:00,14:27:00,15:49:00,3,LOW
TRN-12023,Synthetic Corridor Freight 23,FREIGHT,SEC-RE-AWR,2025-03-09,15:58:00,17:16:00,16:02:00,17:20:00,4,LOW
TRN-12023,Synthetic Corridor Freight 23,FREIGHT,SEC-AWR-BKI,2025-03-09,17:28:00,18:39:00,17:32:00,18:43:00,4,LOW
TRN-12023,Synthetic Corridor Freight 23,FREIGHT,SEC-BKI-JP,2025-03-09,18:51:00,20:19:00,18:55:00,20:26:00,7,LOW
TRN-12001,Synthetic Corridor Express 01,EXPRESS,SEC-NDLS-RE,2025-03-10,04:30:00,05:22:00,04:31:00,05:23:00,1,HIGH
TRN-12001,Synthetic Corridor Express 01,EXPRESS,SEC-RE-AWR,2025-03-10,05:28:00,06:18:00,05:29:00,06:19:00,1,HIGH
TRN-12001,Synthetic Corridor Express 01,EXPRESS,SEC-AWR-BKI,2025-03-10,06:24:00,07:09:00,06:25:00,07:10:00,1,HIGH
TRN-12001,Synthetic Corridor Express 01,EXPRESS,SEC-BKI-JP,2025-03-10,07:15:00,08:10:00,07:16:00,08:11:00,1,HIGH
TRN-12002,Synthetic Corridor Express 02,EXPRESS,SEC-NDLS-RE,2025-03-10,04:57:00,05:49:00,04:58:00,05:51:00,2,HIGH
TRN-12002,Synthetic Corridor Express 02,EXPRESS,SEC-RE-AWR,2025-03-10,05:55:00,06:45:00,05:57:00,06:47:00,2,HIGH
TRN-12002,Synthetic Corridor Express 02,EXPRESS,SEC-AWR-BKI,2025-03-10,06:51:00,07:36:00,06:54:00,07:39:00,3,HIGH
TRN-12002,Synthetic Corridor Express 02,EXPRESS,SEC-BKI-JP,2025-03-10,07:42:00,08:37:00,07:45:00,08:41:00,4,HIGH
TRN-12003,Synthetic Corridor Express 03,EXPRESS,SEC-NDLS-RE,2025-03-10,05:24:00,06:16:00,05:25:00,06:17:00,1,HIGH
TRN-12003,Synthetic Corridor Express 03,EXPRESS,SEC-RE-AWR,2025-03-10,06:22:00,07:12:00,06:23:00,07:14:00,2,HIGH
TRN-12003,Synthetic Corridor Express 03,EXPRESS,SEC-AWR-BKI,2025-03-10,07:18:00,08:03:00,07:20:00,08:06:00,3,HIGH
TRN-12003,Synthetic Corridor Express 03,EXPRESS,SEC-BKI-JP,2025-03-10,08:09:00,09:04:00,08:12:00,09:08:00,4,HIGH
TRN-12005,Synthetic Corridor Express 05,EXPRESS,SEC-NDLS-RE,2025-03-10,06:18:00,07:10:00,06:19:00,07:12:00,2,HIGH
TRN-12005,Synthetic Corridor Express 05,EXPRESS,SEC-RE-AWR,2025-03-10,07:16:00,08:06:00,07:18:00,08:08:00,2,HIGH
TRN-12005,Synthetic Corridor Express 05,EXPRESS,SEC-AWR-BKI,2025-03-10,08:12:00,08:57:00,08:15:00,09:00:00,3,HIGH
TRN-12005,Synthetic Corridor Express 05,EXPRESS,SEC-BKI-JP,2025-03-10,09:03:00,09:58:00,09:06:00,10:01:00,3,HIGH
TRN-12006,Synthetic Corridor Express 06,EXPRESS,SEC-NDLS-RE,2025-03-10,06:45:00,07:37:00,06:46:00,07:39:00,2,HIGH
TRN-12006,Synthetic Corridor Express 06,EXPRESS,SEC-RE-AWR,2025-03-10,07:43:00,08:33:00,07:46:00,08:37:00,4,HIGH
TRN-12006,Synthetic Corridor Express 06,EXPRESS,SEC-AWR-BKI,2025-03-10,08:39:00,09:24:00,08:43:00,09:28:00,4,HIGH
TRN-12006,Synthetic Corridor Express 06,EXPRESS,SEC-BKI-JP,2025-03-10,09:30:00,10:25:00,09:34:00,10:29:00,4,HIGH
TRN-12007,Synthetic Corridor Express 07,EXPRESS,SEC-NDLS-RE,2025-03-10,07:12:00,08:04:00,07:16:00,08:08:00,4,HIGH
TRN-12007,Synthetic Corridor Express 07,EXPRESS,SEC-RE-AWR,2025-03-10,08:10:00,09:00:00,08:15:00,09:06:00,6,HIGH
TRN-12007,Synthetic Corridor Express 07,EXPRESS,SEC-AWR-BKI,2025-03-10,09:06:00,09:51:00,09:12:00,09:58:00,7,HIGH
TRN-12007,Synthetic Corridor Express 07,EXPRESS,SEC-BKI-JP,2025-03-10,09:57:00,10:52:00,10:05:00,11:00:00,8,HIGH
TRN-12009,Synthetic Corridor Express 09,EXPRESS,SEC-NDLS-RE,2025-03-10,08:06:00,08:58:00,08:11:00,09:04:00,6,HIGH
TRN-12009,Synthetic Corridor Express 09,EXPRESS,SEC-RE-AWR,2025-03-10,09:04:00,09:54:00,09:10:00,10:00:00,6,HIGH
TRN-12009,Synthetic Corridor Express 09,EXPRESS,SEC-AWR-BKI,2025-03-10,10:00:00,10:45:00,10:07:00,10:53:00,8,HIGH
TRN-12009,Synthetic Corridor Express 09,EXPRESS,SEC-BKI-JP,2025-03-10,10:51:00,11:46:00,10:59:00,11:54:00,8,HIGH
TRN-12010,Synthetic Corridor Express 10,EXPRESS,SEC-NDLS-RE,2025-03-10,08:33:00,09:25:00,08:35:00,09:27:00,2,HIGH
TRN-12010,Synthetic Corridor Express 10,EXPRESS,SEC-RE-AWR,2025-03-10,09:31:00,10:21:00,09:33:00,10:24:00,3,HIGH
TRN-12010,Synthetic Corridor Express 10,EXPRESS,SEC-AWR-BKI,2025-03-10,10:27:00,11:12:00,10:30:00,11:15:00,3,HIGH
TRN-12010,Synthetic Corridor Express 10,EXPRESS,SEC-BKI-JP,2025-03-10,11:18:00,12:13:00,11:21:00,12:16:00,3,HIGH
TRN-12011,Synthetic Corridor Passenger 11,PASSENGER,SEC-NDLS-RE,2025-03-10,09:00:00,10:02:00,09:09:00,10:11:00,9,MEDIUM
TRN-12011,Synthetic Corridor Passenger 11,PASSENGER,SEC-RE-AWR,2025-03-10,10:11:00,11:10:00,10:21:00,11:22:00,12,MEDIUM
TRN-12011,Synthetic Corridor Passenger 11,PASSENGER,SEC-AWR-BKI,2025-03-10,11:19:00,12:12:00,11:31:00,12:25:00,13,MEDIUM
TRN-12011,Synthetic Corridor Passenger 11,PASSENGER,SEC-BKI-JP,2025-03-10,12:21:00,13:27:00,12:35:00,13:41:00,14,MEDIUM
TRN-12012,Synthetic Corridor Passenger 12,PASSENGER,SEC-NDLS-RE,2025-03-10,09:27:00,10:29:00,09:31:00,10:35:00,6,MEDIUM
TRN-12012,Synthetic Corridor Passenger 12,PASSENGER,SEC-RE-AWR,2025-03-10,10:38:00,11:37:00,10:45:00,11:46:00,9,MEDIUM
TRN-12012,Synthetic Corridor Passenger 12,PASSENGER,SEC-AWR-BKI,2025-03-10,11:46:00,12:39:00,11:56:00,12:49:00,10,MEDIUM
TRN-12012,Synthetic Corridor Passenger 12,PASSENGER,SEC-BKI-JP,2025-03-10,12:48:00,13:54:00,12:59:00,14:05:00,11,MEDIUM
TRN-12013,Synthetic Corridor Passenger 13,PASSENGER,SEC-NDLS-RE,2025-03-10,09:54:00,10:56:00,10:01:00,11:04:00,8,MEDIUM
TRN-12013,Synthetic Corridor Passenger 13,PASSENGER,SEC-RE-AWR,2025-03-10,11:05:00,12:04:00,11:14:00,12:15:00,11,MEDIUM
TRN-12013,Synthetic Corridor Passenger 13,PASSENGER,SEC-AWR-BKI,2025-03-10,12:13:00,13:06:00,12:25:00,13:18:00,12,MEDIUM
TRN-12013,Synthetic Corridor Passenger 13,PASSENGER,SEC-BKI-JP,2025-03-10,13:15:00,14:21:00,13:27:00,14:33:00,12,MEDIUM
TRN-12014,Synthetic Corridor Passenger 14,PASSENGER,SEC-NDLS-RE,2025-03-10,10:21:00,11:23:00,10:22:00,11:24:00,1,MEDIUM
TRN-12014,Synthetic Corridor Passenger 14,PASSENGER,SEC-RE-AWR,2025-03-10,11:32:00,12:31:00,11:33:00,12:33:00,2,MEDIUM
TRN-12014,Synthetic Corridor Passenger 14,PASSENGER,SEC-AWR-BKI,2025-03-10,12:40:00,13:33:00,12:43:00,13:37:00,4,MEDIUM
TRN-12014,Synthetic Corridor Passenger 14,PASSENGER,SEC-BKI-JP,2025-03-10,13:42:00,14:48:00,13:46:00,14:54:00,6,MEDIUM
TRN-12015,Synthetic Corridor Passenger 15,PASSENGER,SEC-NDLS-RE,2025-03-10,10:48:00,11:50:00,10:50:00,11:53:00,3,MEDIUM
TRN-12015,Synthetic Corridor Passenger 15,PASSENGER,SEC-RE-AWR,2025-03-10,11:59:00,12:58:00,12:02:00,13:01:00,3,MEDIUM
TRN-12015,Synthetic Corridor Passenger 15,PASSENGER,SEC-AWR-BKI,2025-03-10,13:07:00,14:00:00,13:10:00,14:03:00,3,MEDIUM
TRN-12015,Synthetic Corridor Passenger 15,PASSENGER,SEC-BKI-JP,2025-03-10,14:09:00,15:15:00,14:12:00,15:18:00,3,MEDIUM
TRN-12016,Synthetic Corridor Passenger 16,PASSENGER,SEC-NDLS-RE,2025-03-10,11:15:00,12:17:00,11:19:00,12:22:00,5,MEDIUM
TRN-12016,Synthetic Corridor Passenger 16,PASSENGER,SEC-RE-AWR,2025-03-10,12:26:00,13:25:00,12:31:00,13:30:00,5,MEDIUM
TRN-12016,Synthetic Corridor Passenger 16,PASSENGER,SEC-AWR-BKI,2025-03-10,13:34:00,14:27:00,13:40:00,14:34:00,7,MEDIUM
TRN-12016,Synthetic Corridor Passenger 16,PASSENGER,SEC-BKI-JP,2025-03-10,14:36:00,15:42:00,14:43:00,15:49:00,7,MEDIUM
TRN-12017,Synthetic Corridor Passenger 17,PASSENGER,SEC-NDLS-RE,2025-03-10,11:42:00,12:44:00,11:47:00,12:50:00,6,MEDIUM
TRN-12017,Synthetic Corridor Passenger 17,PASSENGER,SEC-RE-AWR,2025-03-10,12:53:00,13:52:00,12:59:00,13:59:00,7,MEDIUM
TRN-12017,Synthetic Corridor Passenger 17,PASSENGER,SEC-AWR-BKI,2025-03-10,14:01:00,14:54:00,14:08:00,15:02:00,8,MEDIUM
TRN-12017,Synthetic Corridor Passenger 17,PASSENGER,SEC-BKI-JP,2025-03-10,15:03:00,16:09:00,15:11:00,16:17:00,8,MEDIUM
TRN-12018,Synthetic Corridor Passenger 18,PASSENGER,SEC-NDLS-RE,2025-03-10,12:09:00,13:11:00,12:10:00,13:13:00,2,MEDIUM
TRN-12018,Synthetic Corridor Passenger 18,PASSENGER,SEC-RE-AWR,2025-03-10,13:20:00,14:19:00,13:22:00,14:22:00,3,MEDIUM
TRN-12018,Synthetic Corridor Passenger 18,PASSENGER,SEC-AWR-BKI,2025-03-10,14:28:00,15:21:00,14:31:00,15:25:00,4,MEDIUM
TRN-12018,Synthetic Corridor Passenger 18,PASSENGER,SEC-BKI-JP,2025-03-10,15:30:00,16:36:00,15:35:00,16:41:00,5,MEDIUM
TRN-12019,Synthetic Corridor Freight 19,FREIGHT,SEC-NDLS-RE,2025-03-10,12:36:00,13:58:00,12:39:00,14:03:00,5,LOW
TRN-12019,Synthetic Corridor Freight 19,FREIGHT,SEC-RE-AWR,2025-03-10,14:10:00,15:28:00,14:15:00,15:35:00,7,LOW
TRN-12019,Synthetic Corridor Freight 19,FREIGHT,SEC-AWR-BKI,2025-03-10,15:40:00,16:51:00,15:48:00,17:00:00,9,LOW
TRN-12019,Synthetic Corridor Freight 19,FREIGHT,SEC-BKI-JP,2025-03-10,17:03:00,18:31:00,17:12:00,18:41:00,10,LOW
TRN-12021,Synthetic Corridor Freight 21,FREIGHT,SEC-NDLS-RE,2025-03-10,13:30:00,14:52:00,13:31:00,14:54:00,2,LOW
TRN-12021,Synthetic Corridor Freight 21,FREIGHT,SEC-RE-AWR,2025-03-10,15:04:00,16:22:00,15:06:00,16:25:00,3,LOW
TRN-12021,Synthetic Corridor Freight 21,FREIGHT,SEC-AWR-BKI,2025-03-10,16:34:00,17:45:00,16:37:00,17:48:00,3,LOW
TRN-12021,Synthetic Corridor Freight 21,FREIGHT,SEC-BKI-JP,2025-03-10,17:57:00,19:25:00,18:01:00,19:33:00,8,LOW
TRN-12022,Synthetic Corridor Freight 22,FREIGHT,SEC-NDLS-RE,2025-03-10,13:57:00,15:19:00,13:59:00,15:22:00,3,LOW
TRN-12022,Synthetic Corridor Freight 22,FREIGHT,SEC-RE-AWR,2025-03-10,15:31:00,16:49:00,15:34:00,16:53:00,4,LOW
TRN-12022,Synthetic Corridor Freight 22,FREIGHT,SEC-AWR-BKI,2025-03-10,17:01:00,18:12:00,17:06:00,18:17:00,5,LOW
TRN-12022,Synthetic Corridor Freight 22,FREIGHT,SEC-BKI-JP,2025-03-10,18:24:00,19:52:00,18:29:00,19:59:00,7,LOW
TRN-12023,Synthetic Corridor Freight 23,FREIGHT,SEC-NDLS-RE,2025-03-10,14:24:00,15:46:00,14:24:00,15:47:00,1,LOW
TRN-12023,Synthetic Corridor Freight 23,FREIGHT,SEC-RE-AWR,2025-03-10,15:58:00,17:16:00,15:59:00,17:17:00,1,LOW
TRN-12023,Synthetic Corridor Freight 23,FREIGHT,SEC-AWR-BKI,2025-03-10,17:28:00,18:39:00,17:29:00,18:41:00,2,LOW
TRN-12023,Synthetic Corridor Freight 23,FREIGHT,SEC-BKI-JP,2025-03-10,18:51:00,20:19:00,18:53:00,20:22:00,3,LOW
TRN-12001,Synthetic Corridor Express 01,EXPRESS,SEC-NDLS-RE,2025-03-11,04:30:00,05:22:00,04:32:00,05:24:00,2,HIGH
TRN-12001,Synthetic Corridor Express 01,EXPRESS,SEC-RE-AWR,2025-03-11,05:28:00,06:18:00,05:30:00,06:20:00,2,HIGH
TRN-12001,Synthetic Corridor Express 01,EXPRESS,SEC-AWR-BKI,2025-03-11,06:24:00,07:09:00,06:26:00,07:12:00,3,HIGH
TRN-12001,Synthetic Corridor Express 01,EXPRESS,SEC-BKI-JP,2025-03-11,07:15:00,08:10:00,07:19:00,08:14:00,4,HIGH
TRN-12002,Synthetic Corridor Express 02,EXPRESS,SEC-NDLS-RE,2025-03-11,04:57:00,05:49:00,05:01:00,05:53:00,4,HIGH
TRN-12002,Synthetic Corridor Express 02,EXPRESS,SEC-RE-AWR,2025-03-11,05:55:00,06:45:00,05:59:00,06:49:00,4,HIGH
TRN-12002,Synthetic Corridor Express 02,EXPRESS,SEC-AWR-BKI,2025-03-11,06:51:00,07:36:00,06:55:00,07:40:00,4,HIGH
TRN-12002,Synthetic Corridor Express 02,EXPRESS,SEC-BKI-JP,2025-03-11,07:42:00,08:37:00,07:46:00,08:41:00,4,HIGH
TRN-12004,Synthetic Corridor Express 04,EXPRESS,SEC-NDLS-RE,2025-03-11,05:51:00,06:43:00,05:53:00,06:45:00,2,HIGH
TRN-12004,Synthetic Corridor Express 04,EXPRESS,SEC-RE-AWR,2025-03-11,06:49:00,07:39:00,06:51:00,07:41:00,2,HIGH
TRN-12004,Synthetic Corridor Express 04,EXPRESS,SEC-AWR-BKI,2025-03-11,07:45:00,08:30:00,07:48:00,08:33:00,3,HIGH
TRN-12004,Synthetic Corridor Express 04,EXPRESS,SEC-BKI-JP,2025-03-11,08:36:00,09:31:00,08:39:00,09:34:00,3,HIGH
TRN-12005,Synthetic Corridor Express 05,EXPRESS,SEC-NDLS-RE,2025-03-11,06:18:00,07:10:00,06:18:00,07:11:00,1,HIGH
TRN-12005,Synthetic Corridor Express 05,EXPRESS,SEC-RE-AWR,2025-03-11,07:16:00,08:06:00,07:18:00,08:09:00,3,HIGH
TRN-12005,Synthetic Corridor Express 05,EXPRESS,SEC-AWR-BKI,2025-03-11,08:12:00,08:57:00,08:15:00,09:00:00,3,HIGH
TRN-12005,Synthetic Corridor Express 05,EXPRESS,SEC-BKI-JP,2025-03-11,09:03:00,09:58:00,09:06:00,10:01:00,3,HIGH
TRN-12006,Synthetic Corridor Express 06,EXPRESS,SEC-NDLS-RE,2025-03-11,06:45:00,07:37:00,06:46:00,07:39:00,2,HIGH
TRN-12006,Synthetic Corridor Express 06,EXPRESS,SEC-RE-AWR,2025-03-11,07:43:00,08:33:00,07:45:00,08:35:00,2,HIGH
TRN-12006,Synthetic Corridor Express 06,EXPRESS,SEC-AWR-BKI,2025-03-11,08:39:00,09:24:00,08:41:00,09:26:00,2,HIGH
TRN-12006,Synthetic Corridor Express 06,EXPRESS,SEC-BKI-JP,2025-03-11,09:30:00,10:25:00,09:32:00,10:27:00,2,HIGH
TRN-12008,Synthetic Corridor Express 08,EXPRESS,SEC-NDLS-RE,2025-03-11,07:39:00,08:31:00,07:41:00,08:34:00,3,HIGH
TRN-12008,Synthetic Corridor Express 08,EXPRESS,SEC-RE-AWR,2025-03-11,08:37:00,09:27:00,08:40:00,09:30:00,3,HIGH
TRN-12008,Synthetic Corridor Express 08,EXPRESS,SEC-AWR-BKI,2025-03-11,09:33:00,10:18:00,09:37:00,10:23:00,5,HIGH
TRN-12008,Synthetic Corridor Express 08,EXPRESS,SEC-BKI-JP,2025-03-11,10:24:00,11:19:00,10:30:00,11:26:00,7,HIGH
TRN-12009,Synthetic Corridor Express 09,EXPRESS,SEC-NDLS-RE,2025-03-11,08:06:00,08:58:00,08:12:00,09:06:00,8,HIGH
TRN-12009,Synthetic Corridor Express 09,EXPRESS,SEC-RE-AWR,2025-03-11,09:04:00,09:54:00,09:12:00,10:02:00,8,HIGH
TRN-12009,Synthetic Corridor Express 09,EXPRESS,SEC-AWR-BKI,2025-03-11,10:00:00,10:45:00,10:08:00,10:53:00,8,HIGH
TRN-12009,Synthetic Corridor Express 09,EXPRESS,SEC-BKI-JP,2025-03-11,10:51:00,11:46:00,11:00:00,11:57:00,11,HIGH
TRN-12010,Synthetic Corridor Express 10,EXPRESS,SEC-NDLS-RE,2025-03-11,08:33:00,09:25:00,08:37:00,09:29:00,4,HIGH
TRN-12010,Synthetic Corridor Express 10,EXPRESS,SEC-RE-AWR,2025-03-11,09:31:00,10:21:00,09:36:00,10:26:00,5,HIGH
TRN-12010,Synthetic Corridor Express 10,EXPRESS,SEC-AWR-BKI,2025-03-11,10:27:00,11:12:00,10:33:00,11:18:00,6,HIGH
TRN-12010,Synthetic Corridor Express 10,EXPRESS,SEC-BKI-JP,2025-03-11,11:18:00,12:13:00,11:24:00,12:19:00,6,HIGH
TRN-12011,Synthetic Corridor Passenger 11,PASSENGER,SEC-NDLS-RE,2025-03-11,09:00:00,10:02:00,09:04:00,10:06:00,4,MEDIUM
TRN-12011,Synthetic Corridor Passenger 11,PASSENGER,SEC-RE-AWR,2025-03-11,10:11:00,11:10:00,10:17:00,11:16:00,6,MEDIUM
TRN-12011,Synthetic Corridor Passenger 11,PASSENGER,SEC-AWR-BKI,2025-03-11,11:19:00,12:12:00,11:25:00,12:20:00,8,MEDIUM
TRN-12011,Synthetic Corridor Passenger 11,PASSENGER,SEC-BKI-JP,2025-03-11,12:21:00,13:27:00,12:29:00,13:35:00,8,MEDIUM
TRN-12012,Synthetic Corridor Passenger 12,PASSENGER,SEC-NDLS-RE,2025-03-11,09:27:00,10:29:00,09:28:00,10:30:00,1,MEDIUM
TRN-12012,Synthetic Corridor Passenger 12,PASSENGER,SEC-RE-AWR,2025-03-11,10:38:00,11:37:00,10:39:00,11:38:00,1,MEDIUM
TRN-12012,Synthetic Corridor Passenger 12,PASSENGER,SEC-AWR-BKI,2025-03-11,11:46:00,12:39:00,11:47:00,12:41:00,2,MEDIUM
TRN-12012,Synthetic Corridor Passenger 12,PASSENGER,SEC-BKI-JP,2025-03-11,12:48:00,13:54:00,12:50:00,13:56:00,2,MEDIUM
TRN-12013,Synthetic Corridor Passenger 13,PASSENGER,SEC-NDLS-RE,2025-03-11,09:54:00,10:56:00,10:03:00,11:07:00,11,MEDIUM
TRN-12013,Synthetic Corridor Passenger 13,PASSENGER,SEC-RE-AWR,2025-03-11,11:05:00,12:04:00,11:16:00,12:18:00,14,MEDIUM
TRN-12013,Synthetic Corridor Passenger 13,PASSENGER,SEC-AWR-BKI,2025-03-11,12:13:00,13:06:00,12:29:00,13:23:00,17,MEDIUM
TRN-12013,Synthetic Corridor Passenger 13,PASSENGER,SEC-BKI-JP,2025-03-11,13:15:00,14:21:00,13:33:00,14:39:00,18,MEDIUM
TRN-12014,Synthetic Corridor Passenger 14,PASSENGER,SEC-NDLS-RE,2025-03-11,10:21:00,11:23:00,10:23:00,11:25:00,2,MEDIUM
TRN-12014,Synthetic Corridor Passenger 14,PASSENGER,SEC-RE-AWR,2025-03-11,11:32:00,12:31:00,11:34:00,12:35:00,4,MEDIUM
TRN-12014,Synthetic Corridor Passenger 14,PASSENGER,SEC-AWR-BKI,2025-03-11,12:40:00,13:33:00,12:44:00,13:37:00,4,MEDIUM
TRN-12014,Synthetic Corridor Passenger 14,PASSENGER,SEC-BKI-JP,2025-03-11,13:42:00,14:48:00,13:46:00,14:53:00,5,MEDIUM
TRN-12015,Synthetic Corridor Passenger 15,PASSENGER,SEC-NDLS-RE,2025-03-11,10:48:00,11:50:00,10:50:00,11:52:00,2,MEDIUM
TRN-12015,Synthetic Corridor Passenger 15,PASSENGER,SEC-RE-AWR,2025-03-11,11:59:00,12:58:00,12:01:00,13:00:00,2,MEDIUM
TRN-12015,Synthetic Corridor Passenger 15,PASSENGER,SEC-AWR-BKI,2025-03-11,13:07:00,14:00:00,13:09:00,14:05:00,5,MEDIUM
TRN-12015,Synthetic Corridor Passenger 15,PASSENGER,SEC-BKI-JP,2025-03-11,14:09:00,15:15:00,14:14:00,15:21:00,6,MEDIUM
TRN-12016,Synthetic Corridor Passenger 16,PASSENGER,SEC-NDLS-RE,2025-03-11,11:15:00,12:17:00,11:16:00,12:18:00,1,MEDIUM
TRN-12016,Synthetic Corridor Passenger 16,PASSENGER,SEC-RE-AWR,2025-03-11,12:26:00,13:25:00,12:27:00,13:26:00,1,MEDIUM
TRN-12016,Synthetic Corridor Passenger 16,PASSENGER,SEC-AWR-BKI,2025-03-11,13:34:00,14:27:00,13:35:00,14:28:00,1,MEDIUM
TRN-12016,Synthetic Corridor Passenger 16,PASSENGER,SEC-BKI-JP,2025-03-11,14:36:00,15:42:00,14:37:00,15:44:00,2,MEDIUM
TRN-12017,Synthetic Corridor Passenger 17,PASSENGER,SEC-NDLS-RE,2025-03-11,11:42:00,12:44:00,11:44:00,12:47:00,3,MEDIUM
TRN-12017,Synthetic Corridor Passenger 17,PASSENGER,SEC-RE-AWR,2025-03-11,12:53:00,13:52:00,12:56:00,13:55:00,3,MEDIUM
TRN-12017,Synthetic Corridor Passenger 17,PASSENGER,SEC-AWR-BKI,2025-03-11,14:01:00,14:54:00,14:05:00,14:58:00,4,MEDIUM
TRN-12017,Synthetic Corridor Passenger 17,PASSENGER,SEC-BKI-JP,2025-03-11,15:03:00,16:09:00,15:07:00,16:14:00,5,MEDIUM
TRN-12018,Synthetic Corridor Passenger 18,PASSENGER,SEC-NDLS-RE,2025-03-11,12:09:00,13:11:00,12:13:00,13:15:00,4,MEDIUM
TRN-12018,Synthetic Corridor Passenger 18,PASSENGER,SEC-RE-AWR,2025-03-11,13:20:00,14:19:00,13:24:00,14:23:00,4,MEDIUM
TRN-12018,Synthetic Corridor Passenger 18,PASSENGER,SEC-AWR-BKI,2025-03-11,14:28:00,15:21:00,14:32:00,15:27:00,6,MEDIUM
TRN-12018,Synthetic Corridor Passenger 18,PASSENGER,SEC-BKI-JP,2025-03-11,15:30:00,16:36:00,15:37:00,16:45:00,9,MEDIUM
TRN-12020,Synthetic Corridor Freight 20,FREIGHT,SEC-NDLS-RE,2025-03-11,13:03:00,14:25:00,13:07:00,14:29:00,4,LOW
TRN-12020,Synthetic Corridor Freight 20,FREIGHT,SEC-RE-AWR,2025-03-11,14:37:00,15:55:00,14:41:00,15:59:00,4,LOW
TRN-12020,Synthetic Corridor Freight 20,FREIGHT,SEC-AWR-BKI,2025-03-11,16:07:00,17:18:00,16:12:00,17:23:00,5,LOW
TRN-12020,Synthetic Corridor Freight 20,FREIGHT,SEC-BKI-JP,2025-03-11,17:30:00,18:58:00,17:35:00,19:03:00,5,LOW
TRN-12021,Synthetic Corridor Freight 21,FREIGHT,SEC-NDLS-RE,2025-03-11,13:30:00,14:52:00,13:34:00,14:57:00,5,LOW
TRN-12021,Synthetic Corridor Freight 21,FREIGHT,SEC-RE-AWR,2025-03-11,15:04:00,16:22:00,15:09:00,16:29:00,7,LOW
TRN-12021,Synthetic Corridor Freight 21,FREIGHT,SEC-AWR-BKI,2025-03-11,16:34:00,17:45:00,16:43:00,17:55:00,10,LOW
TRN-12021,Synthetic Corridor Freight 21,FREIGHT,SEC-BKI-JP,2025-03-11,17:57:00,19:25:00,18:07:00,19:36:00,11,LOW
TRN-12022,Synthetic Corridor Freight 22,FREIGHT,SEC-NDLS-RE,2025-03-11,13:57:00,15:19:00,13:58:00,15:22:00,3,LOW
TRN-12022,Synthetic Corridor Freight 22,FREIGHT,SEC-RE-AWR,2025-03-11,15:31:00,16:49:00,15:34:00,16:52:00,3,LOW
TRN-12022,Synthetic Corridor Freight 22,FREIGHT,SEC-AWR-BKI,2025-03-11,17:01:00,18:12:00,17:04:00,18:15:00,3,LOW
TRN-12022,Synthetic Corridor Freight 22,FREIGHT,SEC-BKI-JP,2025-03-11,18:24:00,19:52:00,18:27:00,19:57:00,5,LOW
TRN-12024,Synthetic Corridor Freight 24,FREIGHT,SEC-NDLS-RE,2025-03-11,14:51:00,16:13:00,14:53:00,16:16:00,3,LOW
TRN-12024,Synthetic Corridor Freight 24,FREIGHT,SEC-RE-AWR,2025-03-11,16:25:00,17:43:00,16:28:00,17:47:00,4,LOW
TRN-12024,Synthetic Corridor Freight 24,FREIGHT,SEC-AWR-BKI,2025-03-11,17:55:00,19:06:00,17:59:00,19:10:00,4,LOW
TRN-12024,Synthetic Corridor Freight 24,FREIGHT,SEC-BKI-JP,2025-03-11,19:18:00,20:46:00,19:22:00,20:52:00,6,LOW
TRN-12001,Synthetic Corridor Express 01,EXPRESS,SEC-NDLS-RE,2025-03-12,04:30:00,05:22:00,04:31:00,05:23:00,1,HIGH
TRN-12001,Synthetic Corridor Express 01,EXPRESS,SEC-RE-AWR,2025-03-12,05:28:00,06:18:00,05:29:00,06:20:00,2,HIGH
TRN-12001,Synthetic Corridor Express 01,EXPRESS,SEC-AWR-BKI,2025-03-12,06:24:00,07:09:00,06:26:00,07:11:00,2,HIGH
TRN-12001,Synthetic Corridor Express 01,EXPRESS,SEC-BKI-JP,2025-03-12,07:15:00,08:10:00,07:17:00,08:12:00,2,HIGH
TRN-12002,Synthetic Corridor Express 02,EXPRESS,SEC-NDLS-RE,2025-03-12,04:57:00,05:49:00,05:01:00,05:54:00,5,HIGH
TRN-12002,Synthetic Corridor Express 02,EXPRESS,SEC-RE-AWR,2025-03-12,05:55:00,06:45:00,06:00:00,06:51:00,6,HIGH
TRN-12002,Synthetic Corridor Express 02,EXPRESS,SEC-AWR-BKI,2025-03-12,06:51:00,07:36:00,06:57:00,07:43:00,7,HIGH
TRN-12002,Synthetic Corridor Express 02,EXPRESS,SEC-BKI-JP,2025-03-12,07:42:00,08:37:00,07:49:00,08:44:00,7,HIGH
TRN-12003,Synthetic Corridor Express 03,EXPRESS,SEC-NDLS-RE,2025-03-12,05:24:00,06:16:00,05:26:00,06:18:00,2,HIGH
TRN-12003,Synthetic Corridor Express 03,EXPRESS,SEC-RE-AWR,2025-03-12,06:22:00,07:12:00,06:24:00,07:14:00,2,HIGH
TRN-12003,Synthetic Corridor Express 03,EXPRESS,SEC-AWR-BKI,2025-03-12,07:18:00,08:03:00,07:20:00,08:06:00,3,HIGH
TRN-12003,Synthetic Corridor Express 03,EXPRESS,SEC-BKI-JP,2025-03-12,08:09:00,09:04:00,08:12:00,09:07:00,3,HIGH
TRN-12005,Synthetic Corridor Express 05,EXPRESS,SEC-NDLS-RE,2025-03-12,06:18:00,07:10:00,06:21:00,07:13:00,3,HIGH
TRN-12005,Synthetic Corridor Express 05,EXPRESS,SEC-RE-AWR,2025-03-12,07:16:00,08:06:00,07:20:00,08:10:00,4,HIGH
TRN-12005,Synthetic Corridor Express 05,EXPRESS,SEC-AWR-BKI,2025-03-12,08:12:00,08:57:00,08:16:00,09:02:00,5,HIGH
TRN-12005,Synthetic Corridor Express 05,EXPRESS,SEC-BKI-JP,2025-03-12,09:03:00,09:58:00,09:08:00,10:04:00,6,HIGH
TRN-12006,Synthetic Corridor Express 06,EXPRESS,SEC-NDLS-RE,2025-03-12,06:45:00,07:37:00,06:46:00,07:38:00,1,HIGH
TRN-12006,Synthetic Corridor Express 06,EXPRESS,SEC-RE-AWR,2025-03-12,07:43:00,08:33:00,07:44:00,08:34:00,1,HIGH
TRN-12006,Synthetic Corridor Express 06,EXPRESS,SEC-AWR-BKI,2025-03-12,08:39:00,09:24:00,08:40:00,09:26:00,2,HIGH
TRN-12006,Synthetic Corridor Express 06,EXPRESS,SEC-BKI-JP,2025-03-12,09:30:00,10:25:00,09:32:00,10:28:00,3,HIGH
TRN-12007,Synthetic Corridor Express 07,EXPRESS,SEC-NDLS-RE,2025-03-12,07:12:00,08:04:00,07:13:00,08:05:00,1,HIGH
TRN-12007,Synthetic Corridor Express 07,EXPRESS,SEC-RE-AWR,2025-03-12,08:10:00,09:00:00,08:13:00,09:03:00,3,HIGH
TRN-12007,Synthetic Corridor Express 07,EXPRESS,SEC-AWR-BKI,2025-03-12,09:06:00,09:51:00,09:09:00,09:54:00,3,HIGH
TRN-12007,Synthetic Corridor Express 07,EXPRESS,SEC-BKI-JP,2025-03-12,09:57:00,10:52:00,10:00:00,10:55:00,3,HIGH
TRN-12009,Synthetic Corridor Express 09,EXPRESS,SEC-NDLS-RE,2025-03-12,08:06:00,08:58:00,08:11:00,09:03:00,5,HIGH
TRN-12009,Synthetic Corridor Express 09,EXPRESS,SEC-RE-AWR,2025-03-12,09:04:00,09:54:00,09:10:00,10:00:00,6,HIGH
TRN-12009,Synthetic Corridor Express 09,EXPRESS,SEC-AWR-BKI,2025-03-12,10:00:00,10:45:00,10:06:00,10:52:00,7,HIGH
TRN-12009,Synthetic Corridor Express 09,EXPRESS,SEC-BKI-JP,2025-03-12,10:51:00,11:46:00,10:58:00,11:53:00,7,HIGH
TRN-12010,Synthetic Corridor Express 10,EXPRESS,SEC-NDLS-RE,2025-03-12,08:33:00,09:25:00,08:36:00,09:28:00,3,HIGH
TRN-12010,Synthetic Corridor Express 10,EXPRESS,SEC-RE-AWR,2025-03-12,09:31:00,10:21:00,09:34:00,10:25:00,4,HIGH
TRN-12010,Synthetic Corridor Express 10,EXPRESS,SEC-AWR-BKI,2025-03-12,10:27:00,11:12:00,10:31:00,11:16:00,4,HIGH
TRN-12010,Synthetic Corridor Express 10,EXPRESS,SEC-BKI-JP,2025-03-12,11:18:00,12:13:00,11:22:00,12:17:00,4,HIGH
TRN-12011,Synthetic Corridor Passenger 11,PASSENGER,SEC-NDLS-RE,2025-03-12,09:00:00,10:02:00,09:01:00,10:04:00,2,MEDIUM
TRN-12011,Synthetic Corridor Passenger 11,PASSENGER,SEC-RE-AWR,2025-03-12,10:11:00,11:10:00,10:13:00,11:13:00,3,MEDIUM
TRN-12011,Synthetic Corridor Passenger 11,PASSENGER,SEC-AWR-BKI,2025-03-12,11:19:00,12:12:00,11:22:00,12:17:00,5,MEDIUM
TRN-12011,Synthetic Corridor Passenger 11,PASSENGER,SEC-BKI-JP,2025-03-12,12:21:00,13:27:00,12:26:00,13:33:00,6,MEDIUM
TRN-12012,Synthetic Corridor Passenger 12,PASSENGER,SEC-NDLS-RE,2025-03-12,09:27:00,10:29:00,09:29:00,10:32:00,3,MEDIUM
TRN-12012,Synthetic Corridor Passenger 12,PASSENGER,SEC-RE-AWR,2025-03-12,10:38:00,11:37:00,10:41:00,11:41:00,4,MEDIUM
TRN-12012,Synthetic Corridor Passenger 12,PASSENGER,SEC-AWR-BKI,2025-03-12,11:46:00,12:39:00,11:50:00,12:43:00,4,MEDIUM
TRN-12012,Synthetic Corridor Passenger 12,PASSENGER,SEC-BKI-JP,2025-03-12,12:48:00,13:54:00,12:52:00,13:59:00,5,MEDIUM
TRN-12013,Synthetic Corridor Passenger 13,PASSENGER,SEC-NDLS-RE,2025-03-12,09:54:00,10:56:00,10:00:00,11:03:00,7,MEDIUM
TRN-12013,Synthetic Corridor Passenger 13,PASSENGER,SEC-RE-AWR,2025-03-12,11:05:00,12:04:00,11:13:00,12:12:00,8,MEDIUM
TRN-12013,Synthetic Corridor Passenger 13,PASSENGER,SEC-AWR-BKI,2025-03-12,12:13:00,13:06:00,12:21:00,13:14:00,8,MEDIUM
TRN-12013,Synthetic Corridor Passenger 13,PASSENGER,SEC-BKI-JP,2025-03-12,13:15:00,14:21:00,13:24:00,14:30:00,9,MEDIUM
TRN-12014,Synthetic Corridor Passenger 14,PASSENGER,SEC-NDLS-RE,2025-03-12,10:21:00,11:23:00,10:25:00,11:28:00,5,MEDIUM
TRN-12014,Synthetic Corridor Passenger 14,PASSENGER,SEC-RE-AWR,2025-03-12,11:32:00,12:31:00,11:37:00,12:36:00,5,MEDIUM
TRN-12014,Synthetic Corridor Passenger 14,PASSENGER,SEC-AWR-BKI,2025-03-12,12:40:00,13:33:00,12:45:00,13:38:00,5,MEDIUM
TRN-12014,Synthetic Corridor Passenger 14,PASSENGER,SEC-BKI-JP,2025-03-12,13:42:00,14:48:00,13:47:00,14:53:00,5,MEDIUM
TRN-12015,Synthetic Corridor Passenger 15,PASSENGER,SEC-NDLS-RE,2025-03-12,10:48:00,11:50:00,10:49:00,11:51:00,1,MEDIUM
TRN-12015,Synthetic Corridor Passenger 15,PASSENGER,SEC-RE-AWR,2025-03-12,11:59:00,12:58:00,12:00:00,12:59:00,1,MEDIUM
TRN-12015,Synthetic Corridor Passenger 15,PASSENGER,SEC-AWR-BKI,2025-03-12,13:07:00,14:00:00,13:08:00,14:02:00,2,MEDIUM
TRN-12015,Synthetic Corridor Passenger 15,PASSENGER,SEC-BKI-JP,2025-03-12,14:09:00,15:15:00,14:11:00,15:17:00,2,MEDIUM
TRN-12016,Synthetic Corridor Passenger 16,PASSENGER,SEC-NDLS-RE,2025-03-12,11:15:00,12:17:00,11:17:00,12:20:00,3,MEDIUM
TRN-12016,Synthetic Corridor Passenger 16,PASSENGER,SEC-RE-AWR,2025-03-12,12:26:00,13:25:00,12:29:00,13:28:00,3,MEDIUM
TRN-12016,Synthetic Corridor Passenger 16,PASSENGER,SEC-AWR-BKI,2025-03-12,13:34:00,14:27:00,13:37:00,14:30:00,3,MEDIUM
TRN-12016,Synthetic Corridor Passenger 16,PASSENGER,SEC-BKI-JP,2025-03-12,14:36:00,15:42:00,14:39:00,15:45:00,3,MEDIUM
TRN-12017,Synthetic Corridor Passenger 17,PASSENGER,SEC-NDLS-RE,2025-03-12,11:42:00,12:44:00,11:43:00,12:45:00,1,MEDIUM
TRN-12017,Synthetic Corridor Passenger 17,PASSENGER,SEC-RE-AWR,2025-03-12,12:53:00,13:52:00,12:54:00,13:53:00,1,MEDIUM
TRN-12017,Synthetic Corridor Passenger 17,PASSENGER,SEC-AWR-BKI,2025-03-12,14:01:00,14:54:00,14:02:00,14:56:00,2,MEDIUM
TRN-12017,Synthetic Corridor Passenger 17,PASSENGER,SEC-BKI-JP,2025-03-12,15:03:00,16:09:00,15:05:00,16:12:00,3,MEDIUM
TRN-12018,Synthetic Corridor Passenger 18,PASSENGER,SEC-NDLS-RE,2025-03-12,12:09:00,13:11:00,12:12:00,13:14:00,3,MEDIUM
TRN-12018,Synthetic Corridor Passenger 18,PASSENGER,SEC-RE-AWR,2025-03-12,13:20:00,14:19:00,13:23:00,14:22:00,3,MEDIUM
TRN-12018,Synthetic Corridor Passenger 18,PASSENGER,SEC-AWR-BKI,2025-03-12,14:28:00,15:21:00,14:31:00,15:25:00,4,MEDIUM
TRN-12018,Synthetic Corridor Passenger 18,PASSENGER,SEC-BKI-JP,2025-03-12,15:30:00,16:36:00,15:34:00,16:43:00,7,MEDIUM
TRN-12019,Synthetic Corridor Freight 19,FREIGHT,SEC-NDLS-RE,2025-03-12,12:36:00,13:58:00,12:39:00,14:01:00,3,LOW
TRN-12019,Synthetic Corridor Freight 19,FREIGHT,SEC-RE-AWR,2025-03-12,14:10:00,15:28:00,14:13:00,15:31:00,3,LOW
TRN-12019,Synthetic Corridor Freight 19,FREIGHT,SEC-AWR-BKI,2025-03-12,15:40:00,16:51:00,15:43:00,16:54:00,3,LOW
TRN-12019,Synthetic Corridor Freight 19,FREIGHT,SEC-BKI-JP,2025-03-12,17:03:00,18:31:00,17:06:00,18:34:00,3,LOW
TRN-12021,Synthetic Corridor Freight 21,FREIGHT,SEC-NDLS-RE,2025-03-12,13:30:00,14:52:00,13:33:00,14:56:00,4,LOW
TRN-12021,Synthetic Corridor Freight 21,FREIGHT,SEC-RE-AWR,2025-03-12,15:04:00,16:22:00,15:10:00,16:28:00,6,LOW
TRN-12021,Synthetic Corridor Freight 21,FREIGHT,SEC-AWR-BKI,2025-03-12,16:34:00,17:45:00,16:40:00,17:51:00,6,LOW
TRN-12021,Synthetic Corridor Freight 21,FREIGHT,SEC-BKI-JP,2025-03-12,17:57:00,19:25:00,18:03:00,19:33:00,8,LOW
TRN-12022,Synthetic Corridor Freight 22,FREIGHT,SEC-NDLS-RE,2025-03-12,13:57:00,15:19:00,14:05:00,15:28:00,9,LOW
TRN-12022,Synthetic Corridor Freight 22,FREIGHT,SEC-RE-AWR,2025-03-12,15:31:00,16:49:00,15:40:00,16:58:00,9,LOW
TRN-12022,Synthetic Corridor Freight 22,FREIGHT,SEC-AWR-BKI,2025-03-12,17:01:00,18:12:00,17:10:00,18:21:00,9,LOW
TRN-12022,Synthetic Corridor Freight 22,FREIGHT,SEC-BKI-JP,2025-03-12,18:24:00,19:52:00,18:34:00,20:02:00,10,LOW
TRN-12023,Synthetic Corridor Freight 23,FREIGHT,SEC-NDLS-RE,2025-03-12,14:24:00,15:46:00,14:31:00,15:54:00,8,LOW
TRN-12023,Synthetic Corridor Freight 23,FREIGHT,SEC-RE-AWR,2025-03-12,15:58:00,17:16:00,16:06:00,17:25:00,9,LOW
TRN-12023,Synthetic Corridor Freight 23,FREIGHT,SEC-AWR-BKI,2025-03-12,17:28:00,18:39:00,17:37:00,18:49:00,10,LOW
TRN-12023,Synthetic Corridor Freight 23,FREIGHT,SEC-BKI-JP,2025-03-12,18:51:00,20:19:00,19:01:00,20:30:00,11,LOW
TRN-12001,Synthetic Corridor Express 01,EXPRESS,SEC-NDLS-RE,2025-03-13,04:30:00,05:22:00,04:32:00,05:24:00,2,HIGH
TRN-12001,Synthetic Corridor Express 01,EXPRESS,SEC-RE-AWR,2025-03-13,05:28:00,06:18:00,05:31:00,06:22:00,4,HIGH
TRN-12001,Synthetic Corridor Express 01,EXPRESS,SEC-AWR-BKI,2025-03-13,06:24:00,07:09:00,06:28:00,07:13:00,4,HIGH
TRN-12001,Synthetic Corridor Express 01,EXPRESS,SEC-BKI-JP,2025-03-13,07:15:00,08:10:00,07:20:00,08:15:00,5,HIGH
TRN-12002,Synthetic Corridor Express 02,EXPRESS,SEC-NDLS-RE,2025-03-13,04:57:00,05:49:00,05:00:00,05:52:00,3,HIGH
TRN-12002,Synthetic Corridor Express 02,EXPRESS,SEC-RE-AWR,2025-03-13,05:55:00,06:45:00,05:58:00,06:49:00,4,HIGH
TRN-12002,Synthetic Corridor Express 02,EXPRESS,SEC-AWR-BKI,2025-03-13,06:51:00,07:36:00,06:55:00,07:41:00,5,HIGH
TRN-12002,Synthetic Corridor Express 02,EXPRESS,SEC-BKI-JP,2025-03-13,07:42:00,08:37:00,07:47:00,08:43:00,6,HIGH
TRN-12004,Synthetic Corridor Express 04,EXPRESS,SEC-NDLS-RE,2025-03-13,05:51:00,06:43:00,05:56:00,06:49:00,6,HIGH
TRN-12004,Synthetic Corridor Express 04,EXPRESS,SEC-RE-AWR,2025-03-13,06:49:00,07:39:00,06:55:00,07:46:00,7,HIGH
TRN-12004,Synthetic Corridor Express 04,EXPRESS,SEC-AWR-BKI,2025-03-13,07:45:00,08:30:00,07:52:00,08:37:00,7,HIGH
TRN-12004,Synthetic Corridor Express 04,EXPRESS,SEC-BKI-JP,2025-03-13,08:36:00,09:31:00,08:45:00,09:41:00,10,HIGH
TRN-12005,Synthetic Corridor Express 05,EXPRESS,SEC-NDLS-RE,2025-03-13,06:18:00,07:10:00,06:25:00,07:17:00,7,HIGH
TRN-12005,Synthetic Corridor Express 05,EXPRESS,SEC-RE-AWR,2025-03-13,07:16:00,08:06:00,07:24:00,08:14:00,8,HIGH
TRN-12005,Synthetic Corridor Express 05,EXPRESS,SEC-AWR-BKI,2025-03-13,08:12:00,08:57:00,08:21:00,09:06:00,9,HIGH
TRN-12005,Synthetic Corridor Express 05,EXPRESS,SEC-BKI-JP,2025-03-13,09:03:00,09:58:00,09:12:00,10:07:00,9,HIGH
TRN-12006,Synthetic Corridor Express 06,EXPRESS,SEC-NDLS-RE,2025-03-13,06:45:00,07:37:00,06:46:00,07:39:00,2,HIGH
TRN-12006,Synthetic Corridor Express 06,EXPRESS,SEC-RE-AWR,2025-03-13,07:43:00,08:33:00,07:47:00,08:38:00,5,HIGH
TRN-12006,Synthetic Corridor Express 06,EXPRESS,SEC-AWR-BKI,2025-03-13,08:39:00,09:24:00,08:44:00,09:31:00,7,HIGH
TRN-12006,Synthetic Corridor Express 06,EXPRESS,SEC-BKI-JP,2025-03-13,09:30:00,10:25:00,09:37:00,10:32:00,7,HIGH
TRN-12008,Synthetic Corridor Express 08,EXPRESS,SEC-NDLS-RE,2025-03-13,07:39:00,08:31:00,07:44:00,08:36:00,5,HIGH
TRN-12008,Synthetic Corridor Express 08,EXPRESS,SEC-RE-AWR,2025-03-13,08:37:00,09:27:00,08:43:00,09:33:00,6,HIGH
TRN-12008,Synthetic Corridor Express 08,EXPRESS,SEC-AWR-BKI,2025-03-13,09:33:00,10:18:00,09:39:00,10:24:00,6,HIGH
TRN-12008,Synthetic Corridor Express 08,EXPRESS,SEC-BKI-JP,2025-03-13,10:24:00,11:19:00,10:31:00,11:26:00,7,HIGH
TRN-12009,Synthetic Corridor Express 09,EXPRESS,SEC-NDLS-RE,2025-03-13,08:06:00,08:58:00,08:07:00,09:01:00,3,HIGH
TRN-12009,Synthetic Corridor Express 09,EXPRESS,SEC-RE-AWR,2025-03-13,09:04:00,09:54:00,09:07:00,09:57:00,3,HIGH
TRN-12009,Synthetic Corridor Express 09,EXPRESS,SEC-AWR-BKI,2025-03-13,10:00:00,10:45:00,10:04:00,10:50:00,5,HIGH
TRN-12009,Synthetic Corridor Express 09,EXPRESS,SEC-BKI-JP,2025-03-13,10:51:00,11:46:00,10:57:00,11:52:00,6,HIGH
TRN-12010,Synthetic Corridor Express 10,EXPRESS,SEC-NDLS-RE,2025-03-13,08:33:00,09:25:00,08:37:00,09:30:00,5,HIGH
TRN-12010,Synthetic Corridor Express 10,EXPRESS,SEC-RE-AWR,2025-03-13,09:31:00,10:21:00,09:36:00,10:26:00,5,HIGH
TRN-12010,Synthetic Corridor Express 10,EXPRESS,SEC-AWR-BKI,2025-03-13,10:27:00,11:12:00,10:32:00,11:18:00,6,HIGH
TRN-12010,Synthetic Corridor Express 10,EXPRESS,SEC-BKI-JP,2025-03-13,11:18:00,12:13:00,11:25:00,12:20:00,7,HIGH
TRN-12011,Synthetic Corridor Passenger 11,PASSENGER,SEC-NDLS-RE,2025-03-13,09:00:00,10:02:00,09:04:00,10:07:00,5,MEDIUM
TRN-12011,Synthetic Corridor Passenger 11,PASSENGER,SEC-RE-AWR,2025-03-13,10:11:00,11:10:00,10:16:00,11:15:00,5,MEDIUM
TRN-12011,Synthetic Corridor Passenger 11,PASSENGER,SEC-AWR-BKI,2025-03-13,11:19:00,12:12:00,11:25:00,12:19:00,7,MEDIUM
TRN-12011,Synthetic Corridor Passenger 11,PASSENGER,SEC-BKI-JP,2025-03-13,12:21:00,13:27:00,12:28:00,13:35:00,8,MEDIUM
TRN-12012,Synthetic Corridor Passenger 12,PASSENGER,SEC-NDLS-RE,2025-03-13,09:27:00,10:29:00,09:32:00,10:34:00,5,MEDIUM
TRN-12012,Synthetic Corridor Passenger 12,PASSENGER,SEC-RE-AWR,2025-03-13,10:38:00,11:37:00,10:44:00,11:43:00,6,MEDIUM
TRN-12012,Synthetic Corridor Passenger 12,PASSENGER,SEC-AWR-BKI,2025-03-13,11:46:00,12:39:00,11:52:00,12:47:00,8,MEDIUM
TRN-12012,Synthetic Corridor Passenger 12,PASSENGER,SEC-BKI-JP,2025-03-13,12:48:00,13:54:00,12:56:00,14:04:00,10,MEDIUM
TRN-12013,Synthetic Corridor Passenger 13,PASSENGER,SEC-NDLS-RE,2025-03-13,09:54:00,10:56:00,10:02:00,11:04:00,8,MEDIUM
TRN-12013,Synthetic Corridor Passenger 13,PASSENGER,SEC-RE-AWR,2025-03-13,11:05:00,12:04:00,11:14:00,12:13:00,9,MEDIUM
TRN-12013,Synthetic Corridor Passenger 13,PASSENGER,SEC-AWR-BKI,2025-03-13,12:13:00,13:06:00,12:22:00,13:16:00,10,MEDIUM
TRN-12013,Synthetic Corridor Passenger 13,PASSENGER,SEC-BKI-JP,2025-03-13,13:15:00,14:21:00,13:25:00,14:32:00,11,MEDIUM
TRN-12014,Synthetic Corridor Passenger 14,PASSENGER,SEC-NDLS-RE,2025-03-13,10:21:00,11:23:00,10:25:00,11:27:00,4,MEDIUM
TRN-12014,Synthetic Corridor Passenger 14,PASSENGER,SEC-RE-AWR,2025-03-13,11:32:00,12:31:00,11:38:00,12:37:00,6,MEDIUM
TRN-12014,Synthetic Corridor Passenger 14,PASSENGER,SEC-AWR-BKI,2025-03-13,12:40:00,13:33:00,12:46:00,13:39:00,6,MEDIUM
TRN-12014,Synthetic Corridor Passenger 14,PASSENGER,SEC-BKI-JP,2025-03-13,13:42:00,14:48:00,13:48:00,14:55:00,7,MEDIUM
TRN-12015,Synthetic Corridor Passenger 15,PASSENGER,SEC-NDLS-RE,2025-03-13,10:48:00,11:50:00,10:50:00,11:52:00,2,MEDIUM
TRN-12015,Synthetic Corridor Passenger 15,PASSENGER,SEC-RE-AWR,2025-03-13,11:59:00,12:58:00,12:01:00,13:01:00,3,MEDIUM
TRN-12015,Synthetic Corridor Passenger 15,PASSENGER,SEC-AWR-BKI,2025-03-13,13:07:00,14:00:00,13:11:00,14:06:00,6,MEDIUM
TRN-12015,Synthetic Corridor Passenger 15,PASSENGER,SEC-BKI-JP,2025-03-13,14:09:00,15:15:00,14:15:00,15:22:00,7,MEDIUM
TRN-12016,Synthetic Corridor Passenger 16,PASSENGER,SEC-NDLS-RE,2025-03-13,11:15:00,12:17:00,11:18:00,12:20:00,3,MEDIUM
TRN-12016,Synthetic Corridor Passenger 16,PASSENGER,SEC-RE-AWR,2025-03-13,12:26:00,13:25:00,12:31:00,13:30:00,5,MEDIUM
TRN-12016,Synthetic Corridor Passenger 16,PASSENGER,SEC-AWR-BKI,2025-03-13,13:34:00,14:27:00,13:40:00,14:35:00,8,MEDIUM
TRN-12016,Synthetic Corridor Passenger 16,PASSENGER,SEC-BKI-JP,2025-03-13,14:36:00,15:42:00,14:44:00,15:50:00,8,MEDIUM
TRN-12017,Synthetic Corridor Passenger 17,PASSENGER,SEC-NDLS-RE,2025-03-13,11:42:00,12:44:00,11:44:00,12:48:00,4,MEDIUM
TRN-12017,Synthetic Corridor Passenger 17,PASSENGER,SEC-RE-AWR,2025-03-13,12:53:00,13:52:00,12:57:00,13:56:00,4,MEDIUM
TRN-12017,Synthetic Corridor Passenger 17,PASSENGER,SEC-AWR-BKI,2025-03-13,14:01:00,14:54:00,14:05:00,14:59:00,5,MEDIUM
TRN-12017,Synthetic Corridor Passenger 17,PASSENGER,SEC-BKI-JP,2025-03-13,15:03:00,16:09:00,15:08:00,16:14:00,5,MEDIUM
TRN-12018,Synthetic Corridor Passenger 18,PASSENGER,SEC-NDLS-RE,2025-03-13,12:09:00,13:11:00,12:15:00,13:18:00,7,MEDIUM
TRN-12018,Synthetic Corridor Passenger 18,PASSENGER,SEC-RE-AWR,2025-03-13,13:20:00,14:19:00,13:27:00,14:29:00,10,MEDIUM
TRN-12018,Synthetic Corridor Passenger 18,PASSENGER,SEC-AWR-BKI,2025-03-13,14:28:00,15:21:00,14:39:00,15:32:00,11,MEDIUM
TRN-12018,Synthetic Corridor Passenger 18,PASSENGER,SEC-BKI-JP,2025-03-13,15:30:00,16:36:00,15:42:00,16:51:00,15,MEDIUM
TRN-12020,Synthetic Corridor Freight 20,FREIGHT,SEC-NDLS-RE,2025-03-13,13:03:00,14:25:00,13:07:00,14:29:00,4,LOW
TRN-12020,Synthetic Corridor Freight 20,FREIGHT,SEC-RE-AWR,2025-03-13,14:37:00,15:55:00,14:42:00,16:01:00,6,LOW
TRN-12020,Synthetic Corridor Freight 20,FREIGHT,SEC-AWR-BKI,2025-03-13,16:07:00,17:18:00,16:13:00,17:26:00,8,LOW
TRN-12020,Synthetic Corridor Freight 20,FREIGHT,SEC-BKI-JP,2025-03-13,17:30:00,18:58:00,17:38:00,19:07:00,9,LOW
TRN-12021,Synthetic Corridor Freight 21,FREIGHT,SEC-NDLS-RE,2025-03-13,13:30:00,14:52:00,13:32:00,14:55:00,3,LOW
TRN-12021,Synthetic Corridor Freight 21,FREIGHT,SEC-RE-AWR,2025-03-13,15:04:00,16:22:00,15:07:00,16:28:00,6,LOW
TRN-12021,Synthetic Corridor Freight 21,FREIGHT,SEC-AWR-BKI,2025-03-13,16:34:00,17:45:00,16:40:00,17:52:00,7,LOW
TRN-12021,Synthetic Corridor Freight 21,FREIGHT,SEC-BKI-JP,2025-03-13,17:57:00,19:25:00,18:04:00,19:32:00,7,LOW
TRN-12022,Synthetic Corridor Freight 22,FREIGHT,SEC-NDLS-RE,2025-03-13,13:57:00,15:19:00,14:02:00,15:26:00,7,LOW
TRN-12022,Synthetic Corridor Freight 22,FREIGHT,SEC-RE-AWR,2025-03-13,15:31:00,16:49:00,15:39:00,16:57:00,8,LOW
TRN-12022,Synthetic Corridor Freight 22,FREIGHT,SEC-AWR-BKI,2025-03-13,17:01:00,18:12:00,17:09:00,18:21:00,9,LOW
TRN-12022,Synthetic Corridor Freight 22,FREIGHT,SEC-BKI-JP,2025-03-13,18:24:00,19:52:00,18:33:00,20:03:00,11,LOW
TRN-12024,Synthetic Corridor Freight 24,FREIGHT,SEC-NDLS-RE,2025-03-13,14:51:00,16:13:00,14:57:00,16:20:00,7,LOW
TRN-12024,Synthetic Corridor Freight 24,FREIGHT,SEC-RE-AWR,2025-03-13,16:25:00,17:43:00,16:32:00,17:53:00,10,LOW
TRN-12024,Synthetic Corridor Freight 24,FREIGHT,SEC-AWR-BKI,2025-03-13,17:55:00,19:06:00,18:06:00,19:18:00,12,LOW
TRN-12024,Synthetic Corridor Freight 24,FREIGHT,SEC-BKI-JP,2025-03-13,19:18:00,20:46:00,19:30:00,21:00:00,14,LOW
TRN-12001,Synthetic Corridor Express 01,EXPRESS,SEC-NDLS-RE,2025-03-14,04:30:00,05:22:00,04:31:00,05:23:00,1,HIGH
TRN-12001,Synthetic Corridor Express 01,EXPRESS,SEC-RE-AWR,2025-03-14,05:28:00,06:18:00,05:29:00,06:20:00,2,HIGH
TRN-12001,Synthetic Corridor Express 01,EXPRESS,SEC-AWR-BKI,2025-03-14,06:24:00,07:09:00,06:27:00,07:12:00,3,HIGH
TRN-12001,Synthetic Corridor Express 01,EXPRESS,SEC-BKI-JP,2025-03-14,07:15:00,08:10:00,07:18:00,08:14:00,4,HIGH
TRN-12002,Synthetic Corridor Express 02,EXPRESS,SEC-NDLS-RE,2025-03-14,04:57:00,05:49:00,04:58:00,05:50:00,1,HIGH
TRN-12002,Synthetic Corridor Express 02,EXPRESS,SEC-RE-AWR,2025-03-14,05:55:00,06:45:00,05:56:00,06:47:00,2,HIGH
TRN-12002,Synthetic Corridor Express 02,EXPRESS,SEC-AWR-BKI,2025-03-14,06:51:00,07:36:00,06:53:00,07:38:00,2,HIGH
TRN-12002,Synthetic Corridor Express 02,EXPRESS,SEC-BKI-JP,2025-03-14,07:42:00,08:37:00,07:44:00,08:39:00,2,HIGH
TRN-12003,Synthetic Corridor Express 03,EXPRESS,SEC-NDLS-RE,2025-03-14,05:24:00,06:16:00,05:28:00,06:21:00,5,HIGH
TRN-12003,Synthetic Corridor Express 03,EXPRESS,SEC-RE-AWR,2025-03-14,06:22:00,07:12:00,06:27:00,07:17:00,5,HIGH
TRN-12003,Synthetic Corridor Express 03,EXPRESS,SEC-AWR-BKI,2025-03-14,07:18:00,08:03:00,07:23:00,08:08:00,5,HIGH
TRN-12003,Synthetic Corridor Express 03,EXPRESS,SEC-BKI-JP,2025-03-14,08:09:00,09:04:00,08:14:00,09:09:00,5,HIGH
TRN-12005,Synthetic Corridor Express 05,EXPRESS,SEC-NDLS-RE,2025-03-14,06:18:00,07:10:00,06:24:00,07:16:00,6,HIGH
TRN-12005,Synthetic Corridor Express 05,EXPRESS,SEC-RE-AWR,2025-03-14,07:16:00,08:06:00,07:23:00,08:13:00,7,HIGH
TRN-12005,Synthetic Corridor Express 05,EXPRESS,SEC-AWR-BKI,2025-03-14,08:12:00,08:57:00,08:19:00,09:04:00,7,HIGH
TRN-12005,Synthetic Corridor Express 05,EXPRESS,SEC-BKI-JP,2025-03-14,09:03:00,09:58:00,09:10:00,10:05:00,7,HIGH
TRN-12006,Synthetic Corridor Express 06,EXPRESS,SEC-NDLS-RE,2025-03-14,06:45:00,07:37:00,06:46:00,07:38:00,1,HIGH
TRN-12006,Synthetic Corridor Express 06,EXPRESS,SEC-RE-AWR,2025-03-14,07:43:00,08:33:00,07:44:00,08:34:00,1,HIGH
TRN-12006,Synthetic Corridor Express 06,EXPRESS,SEC-AWR-BKI,2025-03-14,08:39:00,09:24:00,08:41:00,09:26:00,2,HIGH
TRN-12006,Synthetic Corridor Express 06,EXPRESS,SEC-BKI-JP,2025-03-14,09:30:00,10:25:00,09:32:00,10:29:00,4,HIGH
TRN-12007,Synthetic Corridor Express 07,EXPRESS,SEC-NDLS-RE,2025-03-14,07:12:00,08:04:00,07:17:00,08:10:00,6,HIGH
TRN-12007,Synthetic Corridor Express 07,EXPRESS,SEC-RE-AWR,2025-03-14,08:10:00,09:00:00,08:18:00,09:08:00,8,HIGH
TRN-12007,Synthetic Corridor Express 07,EXPRESS,SEC-AWR-BKI,2025-03-14,09:06:00,09:51:00,09:15:00,10:00:00,9,HIGH
TRN-12007,Synthetic Corridor Express 07,EXPRESS,SEC-BKI-JP,2025-03-14,09:57:00,10:52:00,10:06:00,11:02:00,10,HIGH
TRN-12009,Synthetic Corridor Express 09,EXPRESS,SEC-NDLS-RE,2025-03-14,08:06:00,08:58:00,08:13:00,09:05:00,7,HIGH
TRN-12009,Synthetic Corridor Express 09,EXPRESS,SEC-RE-AWR,2025-03-14,09:04:00,09:54:00,09:13:00,10:03:00,9,HIGH
TRN-12009,Synthetic Corridor Express 09,EXPRESS,SEC-AWR-BKI,2025-03-14,10:00:00,10:45:00,10:09:00,10:54:00,9,HIGH
TRN-12009,Synthetic Corridor Express 09,EXPRESS,SEC-BKI-JP,2025-03-14,10:51:00,11:46:00,11:02:00,11:57:00,11,HIGH
TRN-12010,Synthetic Corridor Express 10,EXPRESS,SEC-NDLS-RE,2025-03-14,08:33:00,09:25:00,08:35:00,09:28:00,3,HIGH
TRN-12010,Synthetic Corridor Express 10,EXPRESS,SEC-RE-AWR,2025-03-14,09:31:00,10:21:00,09:34:00,10:25:00,4,HIGH
TRN-12010,Synthetic Corridor Express 10,EXPRESS,SEC-AWR-BKI,2025-03-14,10:27:00,11:12:00,10:31:00,11:16:00,4,HIGH
TRN-12010,Synthetic Corridor Express 10,EXPRESS,SEC-BKI-JP,2025-03-14,11:18:00,12:13:00,11:22:00,12:17:00,4,HIGH
TRN-12011,Synthetic Corridor Passenger 11,PASSENGER,SEC-NDLS-RE,2025-03-14,09:00:00,10:02:00,09:05:00,10:07:00,5,MEDIUM
TRN-12011,Synthetic Corridor Passenger 11,PASSENGER,SEC-RE-AWR,2025-03-14,10:11:00,11:10:00,10:16:00,11:15:00,5,MEDIUM
TRN-12011,Synthetic Corridor Passenger 11,PASSENGER,SEC-AWR-BKI,2025-03-14,11:19:00,12:12:00,11:24:00,12:18:00,6,MEDIUM
TRN-12011,Synthetic Corridor Passenger 11,PASSENGER,SEC-BKI-JP,2025-03-14,12:21:00,13:27:00,12:27:00,13:33:00,6,MEDIUM
TRN-12012,Synthetic Corridor Passenger 12,PASSENGER,SEC-NDLS-RE,2025-03-14,09:27:00,10:29:00,09:27:00,10:30:00,1,MEDIUM
TRN-12012,Synthetic Corridor Passenger 12,PASSENGER,SEC-RE-AWR,2025-03-14,10:38:00,11:37:00,10:40:00,11:39:00,2,MEDIUM
TRN-12012,Synthetic Corridor Passenger 12,PASSENGER,SEC-AWR-BKI,2025-03-14,11:46:00,12:39:00,11:49:00,12:42:00,3,MEDIUM
TRN-12012,Synthetic Corridor Passenger 12,PASSENGER,SEC-BKI-JP,2025-03-14,12:48:00,13:54:00,12:51:00,13:57:00,3,MEDIUM
TRN-12013,Synthetic Corridor Passenger 13,PASSENGER,SEC-NDLS-RE,2025-03-14,09:54:00,10:56:00,10:03:00,11:06:00,10,MEDIUM
TRN-12013,Synthetic Corridor Passenger 13,PASSENGER,SEC-RE-AWR,2025-03-14,11:05:00,12:04:00,11:17:00,12:17:00,13,MEDIUM
TRN-12013,Synthetic Corridor Passenger 13,PASSENGER,SEC-AWR-BKI,2025-03-14,12:13:00,13:06:00,12:27:00,13:20:00,14,MEDIUM
TRN-12013,Synthetic Corridor Passenger 13,PASSENGER,SEC-BKI-JP,2025-03-14,13:15:00,14:21:00,13:31:00,14:37:00,16,MEDIUM
TRN-12014,Synthetic Corridor Passenger 14,PASSENGER,SEC-NDLS-RE,2025-03-14,10:21:00,11:23:00,10:22:00,11:24:00,1,MEDIUM
TRN-12014,Synthetic Corridor Passenger 14,PASSENGER,SEC-RE-AWR,2025-03-14,11:32:00,12:31:00,11:34:00,12:33:00,2,MEDIUM
TRN-12014,Synthetic Corridor Passenger 14,PASSENGER,SEC-AWR-BKI,2025-03-14,12:40:00,13:33:00,12:42:00,13:35:00,2,MEDIUM
TRN-12014,Synthetic Corridor Passenger 14,PASSENGER,SEC-BKI-JP,2025-03-14,13:42:00,14:48:00,13:44:00,14:50:00,2,MEDIUM
TRN-12015,Synthetic Corridor Passenger 15,PASSENGER,SEC-NDLS-RE,2025-03-14,10:48:00,11:50:00,10:51:00,11:57:00,7,MEDIUM
TRN-12015,Synthetic Corridor Passenger 15,PASSENGER,SEC-RE-AWR,2025-03-14,11:59:00,12:58:00,12:07:00,13:06:00,8,MEDIUM
TRN-12015,Synthetic Corridor Passenger 15,PASSENGER,SEC-AWR-BKI,2025-03-14,13:07:00,14:00:00,13:15:00,14:10:00,10,MEDIUM
TRN-12015,Synthetic Corridor Passenger 15,PASSENGER,SEC-BKI-JP,2025-03-14,14:09:00,15:15:00,14:20:00,15:27:00,12,MEDIUM
TRN-12016,Synthetic Corridor Passenger 16,PASSENGER,SEC-NDLS-RE,2025-03-14,11:15:00,12:17:00,11:16:00,12:18:00,1,MEDIUM
TRN-12016,Synthetic Corridor Passenger 16,PASSENGER,SEC-RE-AWR,2025-03-14,12:26:00,13:25:00,12:27:00,13:26:00,1,MEDIUM
TRN-12016,Synthetic Corridor Passenger 16,PASSENGER,SEC-AWR-BKI,2025-03-14,13:34:00,14:27:00,13:36:00,14:30:00,3,MEDIUM
TRN-12016,Synthetic Corridor Passenger 16,PASSENGER,SEC-BKI-JP,2025-03-14,14:36:00,15:42:00,14:40:00,15:47:00,5,MEDIUM
TRN-12017,Synthetic Corridor Passenger 17,PASSENGER,SEC-NDLS-RE,2025-03-14,11:42:00,12:44:00,11:46:00,12:49:00,5,MEDIUM
TRN-12017,Synthetic Corridor Passenger 17,PASSENGER,SEC-RE-AWR,2025-03-14,12:53:00,13:52:00,12:58:00,13:57:00,5,MEDIUM
TRN-12017,Synthetic Corridor Passenger 17,PASSENGER,SEC-AWR-BKI,2025-03-14,14:01:00,14:54:00,14:06:00,14:59:00,5,MEDIUM
TRN-12017,Synthetic Corridor Passenger 17,PASSENGER,SEC-BKI-JP,2025-03-14,15:03:00,16:09:00,15:09:00,16:16:00,7,MEDIUM
TRN-12018,Synthetic Corridor Passenger 18,PASSENGER,SEC-NDLS-RE,2025-03-14,12:09:00,13:11:00,12:10:00,13:12:00,1,MEDIUM
TRN-12018,Synthetic Corridor Passenger 18,PASSENGER,SEC-RE-AWR,2025-03-14,13:20:00,14:19:00,13:21:00,14:21:00,2,MEDIUM
TRN-12018,Synthetic Corridor Passenger 18,PASSENGER,SEC-AWR-BKI,2025-03-14,14:28:00,15:21:00,14:30:00,15:23:00,2,MEDIUM
TRN-12018,Synthetic Corridor Passenger 18,PASSENGER,SEC-BKI-JP,2025-03-14,15:30:00,16:36:00,15:32:00,16:38:00,2,MEDIUM
TRN-12019,Synthetic Corridor Freight 19,FREIGHT,SEC-NDLS-RE,2025-03-14,12:36:00,13:58:00,12:43:00,14:06:00,8,LOW
TRN-12019,Synthetic Corridor Freight 19,FREIGHT,SEC-RE-AWR,2025-03-14,14:10:00,15:28:00,14:18:00,15:39:00,11,LOW
TRN-12019,Synthetic Corridor Freight 19,FREIGHT,SEC-AWR-BKI,2025-03-14,15:40:00,16:51:00,15:51:00,17:05:00,14,LOW
TRN-12019,Synthetic Corridor Freight 19,FREIGHT,SEC-BKI-JP,2025-03-14,17:03:00,18:31:00,17:17:00,18:45:00,14,LOW
TRN-12021,Synthetic Corridor Freight 21,FREIGHT,SEC-NDLS-RE,2025-03-14,13:30:00,14:52:00,13:36:00,15:00:00,8,LOW
TRN-12021,Synthetic Corridor Freight 21,FREIGHT,SEC-RE-AWR,2025-03-14,15:04:00,16:22:00,15:12:00,16:32:00,10,LOW
TRN-12021,Synthetic Corridor Freight 21,FREIGHT,SEC-AWR-BKI,2025-03-14,16:34:00,17:45:00,16:44:00,17:56:00,11,LOW
TRN-12021,Synthetic Corridor Freight 21,FREIGHT,SEC-BKI-JP,2025-03-14,17:57:00,19:25:00,18:08:00,19:36:00,11,LOW
TRN-12022,Synthetic Corridor Freight 22,FREIGHT,SEC-NDLS-RE,2025-03-14,13:57:00,15:19:00,14:02:00,15:24:00,5,LOW
TRN-12022,Synthetic Corridor Freight 22,FREIGHT,SEC-RE-AWR,2025-03-14,15:31:00,16:49:00,15:36:00,16:55:00,6,LOW
TRN-12022,Synthetic Corridor Freight 22,FREIGHT,SEC-AWR-BKI,2025-03-14,17:01:00,18:12:00,17:07:00,18:19:00,7,LOW
TRN-12022,Synthetic Corridor Freight 22,FREIGHT,SEC-BKI-JP,2025-03-14,18:24:00,19:52:00,18:33:00,20:01:00,9,LOW
TRN-12023,Synthetic Corridor Freight 23,FREIGHT,SEC-NDLS-RE,2025-03-14,14:24:00,15:46:00,14:28:00,15:52:00,6,LOW
TRN-12023,Synthetic Corridor Freight 23,FREIGHT,SEC-RE-AWR,2025-03-14,15:58:00,17:16:00,16:04:00,17:23:00,7,LOW
TRN-12023,Synthetic Corridor Freight 23,FREIGHT,SEC-AWR-BKI,2025-03-14,17:28:00,18:39:00,17:35:00,18:47:00,8,LOW
TRN-12023,Synthetic Corridor Freight 23,FREIGHT,SEC-BKI-JP,2025-03-14,18:51:00,20:19:00,19:00:00,20:28:00,9,LOW
TRN-12001,Synthetic Corridor Express 01,EXPRESS,SEC-NDLS-RE,2025-03-15,04:30:00,05:22:00,04:32:00,05:25:00,3,HIGH
TRN-12001,Synthetic Corridor Express 01,EXPRESS,SEC-RE-AWR,2025-03-15,05:28:00,06:18:00,05:32:00,06:24:00,6,HIGH
TRN-12001,Synthetic Corridor Express 01,EXPRESS,SEC-AWR-BKI,2025-03-15,06:24:00,07:09:00,06:31:00,07:16:00,7,HIGH
TRN-12001,Synthetic Corridor Express 01,EXPRESS,SEC-BKI-JP,2025-03-15,07:15:00,08:10:00,07:22:00,08:18:00,8,HIGH
TRN-12004,Synthetic Corridor Express 04,EXPRESS,SEC-NDLS-RE,2025-03-15,05:51:00,06:43:00,05:58:00,06:51:00,8,HIGH
TRN-12004,Synthetic Corridor Express 04,EXPRESS,SEC-RE-AWR,2025-03-15,06:49:00,07:39:00,06:57:00,07:48:00,9,HIGH
TRN-12004,Synthetic Corridor Express 04,EXPRESS,SEC-AWR-BKI,2025-03-15,07:45:00,08:30:00,07:54:00,08:39:00,9,HIGH
TRN-12004,Synthetic Corridor Express 04,EXPRESS,SEC-BKI-JP,2025-03-15,08:36:00,09:31:00,08:46:00,09:42:00,11,HIGH
TRN-12005,Synthetic Corridor Express 05,EXPRESS,SEC-NDLS-RE,2025-03-15,06:18:00,07:10:00,06:20:00,07:14:00,4,HIGH
TRN-12005,Synthetic Corridor Express 05,EXPRESS,SEC-RE-AWR,2025-03-15,07:16:00,08:06:00,07:21:00,08:11:00,5,HIGH
TRN-12005,Synthetic Corridor Express 05,EXPRESS,SEC-AWR-BKI,2025-03-15,08:12:00,08:57:00,08:17:00,09:03:00,6,HIGH
TRN-12005,Synthetic Corridor Express 05,EXPRESS,SEC-BKI-JP,2025-03-15,09:03:00,09:58:00,09:09:00,10:05:00,7,HIGH
TRN-12008,Synthetic Corridor Express 08,EXPRESS,SEC-NDLS-RE,2025-03-15,07:39:00,08:31:00,07:43:00,08:38:00,7,HIGH
TRN-12008,Synthetic Corridor Express 08,EXPRESS,SEC-RE-AWR,2025-03-15,08:37:00,09:27:00,08:45:00,09:36:00,9,HIGH
TRN-12008,Synthetic Corridor Express 08,EXPRESS,SEC-AWR-BKI,2025-03-15,09:33:00,10:18:00,09:43:00,10:30:00,12,HIGH
TRN-12008,Synthetic Corridor Express 08,EXPRESS,SEC-BKI-JP,2025-03-15,10:24:00,11:19:00,10:37:00,11:33:00,14,HIGH
TRN-12009,Synthetic Corridor Express 09,EXPRESS,SEC-NDLS-RE,2025-03-15,08:06:00,08:58:00,08:18:00,09:11:00,13,HIGH
TRN-12009,Synthetic Corridor Express 09,EXPRESS,SEC-RE-AWR,2025-03-15,09:04:00,09:54:00,09:18:00,10:09:00,15,HIGH
TRN-12009,Synthetic Corridor Express 09,EXPRESS,SEC-AWR-BKI,2025-03-15,10:00:00,10:45:00,10:16:00,11:02:00,17,HIGH
TRN-12009,Synthetic Corridor Express 09,EXPRESS,SEC-BKI-JP,2025-03-15,10:51:00,11:46:00,11:12:00,12:07:00,21,HIGH
TRN-12011,Synthetic Corridor Passenger 11,PASSENGER,SEC-NDLS-RE,2025-03-15,09:00:00,10:02:00,09:08:00,10:12:00,10,MEDIUM
TRN-12011,Synthetic Corridor Passenger 11,PASSENGER,SEC-RE-AWR,2025-03-15,10:11:00,11:10:00,10:24:00,11:23:00,13,MEDIUM
TRN-12011,Synthetic Corridor Passenger 11,PASSENGER,SEC-AWR-BKI,2025-03-15,11:19:00,12:12:00,11:32:00,12:26:00,14,MEDIUM
TRN-12011,Synthetic Corridor Passenger 11,PASSENGER,SEC-BKI-JP,2025-03-15,12:21:00,13:27:00,12:37:00,13:44:00,17,MEDIUM
TRN-12012,Synthetic Corridor Passenger 12,PASSENGER,SEC-NDLS-RE,2025-03-15,09:27:00,10:29:00,09:32:00,10:36:00,7,MEDIUM
TRN-12012,Synthetic Corridor Passenger 12,PASSENGER,SEC-RE-AWR,2025-03-15,10:38:00,11:37:00,10:47:00,11:50:00,13,MEDIUM
TRN-12012,Synthetic Corridor Passenger 12,PASSENGER,SEC-AWR-BKI,2025-03-15,11:46:00,12:39:00,12:00:00,12:54:00,15,MEDIUM
TRN-12012,Synthetic Corridor Passenger 12,PASSENGER,SEC-BKI-JP,2025-03-15,12:48:00,13:54:00,13:03:00,14:10:00,16,MEDIUM
TRN-12013,Synthetic Corridor Passenger 13,PASSENGER,SEC-NDLS-RE,2025-03-15,09:54:00,10:56:00,10:01:00,11:04:00,8,MEDIUM
TRN-12013,Synthetic Corridor Passenger 13,PASSENGER,SEC-RE-AWR,2025-03-15,11:05:00,12:04:00,11:15:00,12:15:00,11,MEDIUM
TRN-12013,Synthetic Corridor Passenger 13,PASSENGER,SEC-AWR-BKI,2025-03-15,12:13:00,13:06:00,12:25:00,13:20:00,14,MEDIUM
TRN-12013,Synthetic Corridor Passenger 13,PASSENGER,SEC-BKI-JP,2025-03-15,13:15:00,14:21:00,13:30:00,14:38:00,17,MEDIUM
TRN-12014,Synthetic Corridor Passenger 14,PASSENGER,SEC-NDLS-RE,2025-03-15,10:21:00,11:23:00,10:25:00,11:27:00,4,MEDIUM
TRN-12014,Synthetic Corridor Passenger 14,PASSENGER,SEC-RE-AWR,2025-03-15,11:32:00,12:31:00,11:37:00,12:37:00,6,MEDIUM
TRN-12014,Synthetic Corridor Passenger 14,PASSENGER,SEC-AWR-BKI,2025-03-15,12:40:00,13:33:00,12:46:00,13:40:00,7,MEDIUM
TRN-12014,Synthetic Corridor Passenger 14,PASSENGER,SEC-BKI-JP,2025-03-15,13:42:00,14:48:00,13:50:00,14:56:00,8,MEDIUM
TRN-12015,Synthetic Corridor Passenger 15,PASSENGER,SEC-NDLS-RE,2025-03-15,10:48:00,11:50:00,10:53:00,11:55:00,5,MEDIUM
TRN-12015,Synthetic Corridor Passenger 15,PASSENGER,SEC-RE-AWR,2025-03-15,11:59:00,12:58:00,12:04:00,13:04:00,6,MEDIUM
TRN-12015,Synthetic Corridor Passenger 15,PASSENGER,SEC-AWR-BKI,2025-03-15,13:07:00,14:00:00,13:13:00,14:08:00,8,MEDIUM
TRN-12015,Synthetic Corridor Passenger 15,PASSENGER,SEC-BKI-JP,2025-03-15,14:09:00,15:15:00,14:18:00,15:25:00,10,MEDIUM
TRN-12016,Synthetic Corridor Passenger 16,PASSENGER,SEC-NDLS-RE,2025-03-15,11:15:00,12:17:00,11:22:00,12:28:00,11,MEDIUM
TRN-12016,Synthetic Corridor Passenger 16,PASSENGER,SEC-RE-AWR,2025-03-15,12:26:00,13:25:00,12:38:00,13:37:00,12,MEDIUM
TRN-12016,Synthetic Corridor Passenger 16,PASSENGER,SEC-AWR-BKI,2025-03-15,13:34:00,14:27:00,13:46:00,14:41:00,14,MEDIUM
TRN-12016,Synthetic Corridor Passenger 16,PASSENGER,SEC-BKI-JP,2025-03-15,14:36:00,15:42:00,14:50:00,15:58:00,16,MEDIUM
TRN-12017,Synthetic Corridor Passenger 17,PASSENGER,SEC-NDLS-RE,2025-03-15,11:42:00,12:44:00,11:47:00,12:50:00,6,MEDIUM
TRN-12017,Synthetic Corridor Passenger 17,PASSENGER,SEC-RE-AWR,2025-03-15,12:53:00,13:52:00,12:59:00,13:59:00,7,MEDIUM
TRN-12017,Synthetic Corridor Passenger 17,PASSENGER,SEC-AWR-BKI,2025-03-15,14:01:00,14:54:00,14:10:00,15:04:00,10,MEDIUM
TRN-12017,Synthetic Corridor Passenger 17,PASSENGER,SEC-BKI-JP,2025-03-15,15:03:00,16:09:00,15:14:00,16:20:00,11,MEDIUM
TRN-12018,Synthetic Corridor Passenger 18,PASSENGER,SEC-NDLS-RE,2025-03-15,12:09:00,13:11:00,12:13:00,13:16:00,5,MEDIUM
TRN-12018,Synthetic Corridor Passenger 18,PASSENGER,SEC-RE-AWR,2025-03-15,13:20:00,14:19:00,13:25:00,14:25:00,6,MEDIUM
TRN-12018,Synthetic Corridor Passenger 18,PASSENGER,SEC-AWR-BKI,2025-03-15,14:28:00,15:21:00,14:35:00,15:29:00,8,MEDIUM
TRN-12018,Synthetic Corridor Passenger 18,PASSENGER,SEC-BKI-JP,2025-03-15,15:30:00,16:36:00,15:38:00,16:47:00,11,MEDIUM
TRN-12020,Synthetic Corridor Freight 20,FREIGHT,SEC-NDLS-RE,2025-03-15,13:03:00,14:25:00,13:09:00,14:35:00,10,LOW
TRN-12020,Synthetic Corridor Freight 20,FREIGHT,SEC-RE-AWR,2025-03-15,14:37:00,15:55:00,14:48:00,16:07:00,12,LOW
TRN-12020,Synthetic Corridor Freight 20,FREIGHT,SEC-AWR-BKI,2025-03-15,16:07:00,17:18:00,16:21:00,17:34:00,16,LOW
TRN-12020,Synthetic Corridor Freight 20,FREIGHT,SEC-BKI-JP,2025-03-15,17:30:00,18:58:00,17:46:00,19:15:00,17,LOW
TRN-12021,Synthetic Corridor Freight 21,FREIGHT,SEC-NDLS-RE,2025-03-15,13:30:00,14:52:00,13:38:00,15:05:00,13,LOW
TRN-12021,Synthetic Corridor Freight 21,FREIGHT,SEC-RE-AWR,2025-03-15,15:04:00,16:22:00,15:19:00,16:37:00,15,LOW
TRN-12021,Synthetic Corridor Freight 21,FREIGHT,SEC-AWR-BKI,2025-03-15,16:34:00,17:45:00,16:49:00,18:03:00,18,LOW
TRN-12021,Synthetic Corridor Freight 21,FREIGHT,SEC-BKI-JP,2025-03-15,17:57:00,19:25:00,18:16:00,19:47:00,22,LOW
TRN-12024,Synthetic Corridor Freight 24,FREIGHT,SEC-NDLS-RE,2025-03-15,14:51:00,16:13:00,14:54:00,16:18:00,5,LOW
TRN-12024,Synthetic Corridor Freight 24,FREIGHT,SEC-RE-AWR,2025-03-15,16:25:00,17:43:00,16:30:00,17:48:00,5,LOW
TRN-12024,Synthetic Corridor Freight 24,FREIGHT,SEC-AWR-BKI,2025-03-15,17:55:00,19:06:00,18:01:00,19:14:00,8,LOW
TRN-12024,Synthetic Corridor Freight 24,FREIGHT,SEC-BKI-JP,2025-03-15,19:18:00,20:46:00,19:27:00,20:55:00,9,LOW
TRN-12001,Synthetic Corridor Express 01,EXPRESS,SEC-NDLS-RE,2025-03-16,04:30:00,05:22:00,04:31:00,05:23:00,1,HIGH
TRN-12001,Synthetic Corridor Express 01,EXPRESS,SEC-RE-AWR,2025-03-16,05:28:00,06:18:00,05:29:00,06:19:00,1,HIGH
TRN-12001,Synthetic Corridor Express 01,EXPRESS,SEC-AWR-BKI,2025-03-16,06:24:00,07:09:00,06:25:00,07:11:00,2,HIGH
TRN-12001,Synthetic Corridor Express 01,EXPRESS,SEC-BKI-JP,2025-03-16,07:15:00,08:10:00,07:17:00,08:12:00,2,HIGH
TRN-12003,Synthetic Corridor Express 03,EXPRESS,SEC-NDLS-RE,2025-03-16,05:24:00,06:16:00,05:24:00,06:16:00,0,HIGH
TRN-12003,Synthetic Corridor Express 03,EXPRESS,SEC-RE-AWR,2025-03-16,06:22:00,07:12:00,06:23:00,07:13:00,1,HIGH
TRN-12003,Synthetic Corridor Express 03,EXPRESS,SEC-AWR-BKI,2025-03-16,07:18:00,08:03:00,07:20:00,08:05:00,2,HIGH
TRN-12003,Synthetic Corridor Express 03,EXPRESS,SEC-BKI-JP,2025-03-16,08:09:00,09:04:00,08:11:00,09:07:00,3,HIGH
TRN-12005,Synthetic Corridor Express 05,EXPRESS,SEC-NDLS-RE,2025-03-16,06:18:00,07:10:00,06:21:00,07:13:00,3,HIGH
TRN-12005,Synthetic Corridor Express 05,EXPRESS,SEC-RE-AWR,2025-03-16,07:16:00,08:06:00,07:19:00,08:09:00,3,HIGH
TRN-12005,Synthetic Corridor Express 05,EXPRESS,SEC-AWR-BKI,2025-03-16,08:12:00,08:57:00,08:15:00,09:00:00,3,HIGH
TRN-12005,Synthetic Corridor Express 05,EXPRESS,SEC-BKI-JP,2025-03-16,09:03:00,09:58:00,09:07:00,10:02:00,4,HIGH
TRN-12007,Synthetic Corridor Express 07,EXPRESS,SEC-NDLS-RE,2025-03-16,07:12:00,08:04:00,07:17:00,08:09:00,5,HIGH
TRN-12007,Synthetic Corridor Express 07,EXPRESS,SEC-RE-AWR,2025-03-16,08:10:00,09:00:00,08:16:00,09:06:00,6,HIGH
TRN-12007,Synthetic Corridor Express 07,EXPRESS,SEC-AWR-BKI,2025-03-16,09:06:00,09:51:00,09:12:00,09:57:00,6,HIGH
TRN-12007,Synthetic Corridor Express 07,EXPRESS,SEC-BKI-JP,2025-03-16,09:57:00,10:52:00,10:03:00,10:59:00,7,HIGH
TRN-12009,Synthetic Corridor Express 09,EXPRESS,SEC-NDLS-RE,2025-03-16,08:06:00,08:58:00,08:09:00,09:01:00,3,HIGH
TRN-12009,Synthetic Corridor Express 09,EXPRESS,SEC-RE-AWR,2025-03-16,09:04:00,09:54:00,09:07:00,09:58:00,4,HIGH
TRN-12009,Synthetic Corridor Express 09,EXPRESS,SEC-AWR-BKI,2025-03-16,10:00:00,10:45:00,10:04:00,10:50:00,5,HIGH
TRN-12009,Synthetic Corridor Express 09,EXPRESS,SEC-BKI-JP,2025-03-16,10:51:00,11:46:00,10:56:00,11:51:00,5,HIGH
TRN-12011,Synthetic Corridor Passenger 11,PASSENGER,SEC-NDLS-RE,2025-03-16,09:00:00,10:02:00,09:09:00,10:11:00,9,MEDIUM
TRN-12011,Synthetic Corridor Passenger 11,PASSENGER,SEC-RE-AWR,2025-03-16,10:11:00,11:10:00,10:22:00,11:21:00,11,MEDIUM
TRN-12011,Synthetic Corridor Passenger 11,PASSENGER,SEC-AWR-BKI,2025-03-16,11:19:00,12:12:00,11:30:00,12:23:00,11,MEDIUM
TRN-12011,Synthetic Corridor Passenger 11,PASSENGER,SEC-BKI-JP,2025-03-16,12:21:00,13:27:00,12:32:00,13:38:00,11,MEDIUM
TRN-12012,Synthetic Corridor Passenger 12,PASSENGER,SEC-NDLS-RE,2025-03-16,09:27:00,10:29:00,09:34:00,10:36:00,7,MEDIUM
TRN-12012,Synthetic Corridor Passenger 12,PASSENGER,SEC-RE-AWR,2025-03-16,10:38:00,11:37:00,10:46:00,11:46:00,9,MEDIUM
TRN-12012,Synthetic Corridor Passenger 12,PASSENGER,SEC-AWR-BKI,2025-03-16,11:46:00,12:39:00,11:55:00,12:49:00,10,MEDIUM
TRN-12012,Synthetic Corridor Passenger 12,PASSENGER,SEC-BKI-JP,2025-03-16,12:48:00,13:54:00,12:58:00,14:05:00,11,MEDIUM
TRN-12013,Synthetic Corridor Passenger 13,PASSENGER,SEC-NDLS-RE,2025-03-16,09:54:00,10:56:00,09:58:00,11:01:00,5,MEDIUM
TRN-12013,Synthetic Corridor Passenger 13,PASSENGER,SEC-RE-AWR,2025-03-16,11:05:00,12:04:00,11:11:00,12:12:00,8,MEDIUM
TRN-12013,Synthetic Corridor Passenger 13,PASSENGER,SEC-AWR-BKI,2025-03-16,12:13:00,13:06:00,12:21:00,13:15:00,9,MEDIUM
TRN-12013,Synthetic Corridor Passenger 13,PASSENGER,SEC-BKI-JP,2025-03-16,13:15:00,14:21:00,13:25:00,14:31:00,10,MEDIUM
TRN-12014,Synthetic Corridor Passenger 14,PASSENGER,SEC-NDLS-RE,2025-03-16,10:21:00,11:23:00,10:24:00,11:26:00,3,MEDIUM
TRN-12014,Synthetic Corridor Passenger 14,PASSENGER,SEC-RE-AWR,2025-03-16,11:32:00,12:31:00,11:35:00,12:34:00,3,MEDIUM
TRN-12014,Synthetic Corridor Passenger 14,PASSENGER,SEC-AWR-BKI,2025-03-16,12:40:00,13:33:00,12:43:00,13:36:00,3,MEDIUM
TRN-12014,Synthetic Corridor Passenger 14,PASSENGER,SEC-BKI-JP,2025-03-16,13:42:00,14:48:00,13:45:00,14:52:00,4,MEDIUM
TRN-12015,Synthetic Corridor Passenger 15,PASSENGER,SEC-NDLS-RE,2025-03-16,10:48:00,11:50:00,10:53:00,11:55:00,5,MEDIUM
TRN-12015,Synthetic Corridor Passenger 15,PASSENGER,SEC-RE-AWR,2025-03-16,11:59:00,12:58:00,12:04:00,13:04:00,6,MEDIUM
TRN-12015,Synthetic Corridor Passenger 15,PASSENGER,SEC-AWR-BKI,2025-03-16,13:07:00,14:00:00,13:14:00,14:07:00,7,MEDIUM
TRN-12015,Synthetic Corridor Passenger 15,PASSENGER,SEC-BKI-JP,2025-03-16,14:09:00,15:15:00,14:18:00,15:24:00,9,MEDIUM
TRN-12016,Synthetic Corridor Passenger 16,PASSENGER,SEC-NDLS-RE,2025-03-16,11:15:00,12:17:00,11:18:00,12:21:00,4,MEDIUM
TRN-12016,Synthetic Corridor Passenger 16,PASSENGER,SEC-RE-AWR,2025-03-16,12:26:00,13:25:00,12:30:00,13:29:00,4,MEDIUM
TRN-12016,Synthetic Corridor Passenger 16,PASSENGER,SEC-AWR-BKI,2025-03-16,13:34:00,14:27:00,13:38:00,14:31:00,4,MEDIUM
TRN-12016,Synthetic Corridor Passenger 16,PASSENGER,SEC-BKI-JP,2025-03-16,14:36:00,15:42:00,14:40:00,15:47:00,5,MEDIUM
TRN-12017,Synthetic Corridor Passenger 17,PASSENGER,SEC-NDLS-RE,2025-03-16,11:42:00,12:44:00,11:44:00,12:46:00,2,MEDIUM
TRN-12017,Synthetic Corridor Passenger 17,PASSENGER,SEC-RE-AWR,2025-03-16,12:53:00,13:52:00,12:55:00,13:55:00,3,MEDIUM
TRN-12017,Synthetic Corridor Passenger 17,PASSENGER,SEC-AWR-BKI,2025-03-16,14:01:00,14:54:00,14:04:00,14:58:00,4,MEDIUM
TRN-12017,Synthetic Corridor Passenger 17,PASSENGER,SEC-BKI-JP,2025-03-16,15:03:00,16:09:00,15:08:00,16:14:00,5,MEDIUM
TRN-12018,Synthetic Corridor Passenger 18,PASSENGER,SEC-NDLS-RE,2025-03-16,12:09:00,13:11:00,12:10:00,13:12:00,1,MEDIUM
TRN-12018,Synthetic Corridor Passenger 18,PASSENGER,SEC-RE-AWR,2025-03-16,13:20:00,14:19:00,13:21:00,14:22:00,3,MEDIUM
TRN-12018,Synthetic Corridor Passenger 18,PASSENGER,SEC-AWR-BKI,2025-03-16,14:28:00,15:21:00,14:31:00,15:24:00,3,MEDIUM
TRN-12018,Synthetic Corridor Passenger 18,PASSENGER,SEC-BKI-JP,2025-03-16,15:30:00,16:36:00,15:34:00,16:40:00,4,MEDIUM
TRN-12019,Synthetic Corridor Freight 19,FREIGHT,SEC-NDLS-RE,2025-03-16,12:36:00,13:58:00,12:37:00,13:59:00,1,LOW
TRN-12019,Synthetic Corridor Freight 19,FREIGHT,SEC-RE-AWR,2025-03-16,14:10:00,15:28:00,14:11:00,15:31:00,3,LOW
TRN-12019,Synthetic Corridor Freight 19,FREIGHT,SEC-AWR-BKI,2025-03-16,15:40:00,16:51:00,15:43:00,16:55:00,4,LOW
TRN-12019,Synthetic Corridor Freight 19,FREIGHT,SEC-BKI-JP,2025-03-16,17:03:00,18:31:00,17:07:00,18:36:00,5,LOW
TRN-12021,Synthetic Corridor Freight 21,FREIGHT,SEC-NDLS-RE,2025-03-16,13:30:00,14:52:00,13:33:00,14:55:00,3,LOW
TRN-12021,Synthetic Corridor Freight 21,FREIGHT,SEC-RE-AWR,2025-03-16,15:04:00,16:22:00,15:07:00,16:29:00,7,LOW
TRN-12021,Synthetic Corridor Freight 21,FREIGHT,SEC-AWR-BKI,2025-03-16,16:34:00,17:45:00,16:41:00,17:53:00,8,LOW
TRN-12021,Synthetic Corridor Freight 21,FREIGHT,SEC-BKI-JP,2025-03-16,17:57:00,19:25:00,18:05:00,19:33:00,8,LOW
TRN-12023,Synthetic Corridor Freight 23,FREIGHT,SEC-NDLS-RE,2025-03-16,14:24:00,15:46:00,14:32:00,15:54:00,8,LOW
TRN-12023,Synthetic Corridor Freight 23,FREIGHT,SEC-RE-AWR,2025-03-16,15:58:00,17:16:00,16:06:00,17:26:00,10,LOW
TRN-12023,Synthetic Corridor Freight 23,FREIGHT,SEC-AWR-BKI,2025-03-16,17:28:00,18:39:00,17:38:00,18:49:00,10,LOW
TRN-12023,Synthetic Corridor Freight 23,FREIGHT,SEC-BKI-JP,2025-03-16,18:51:00,20:19:00,19:01:00,20:30:00,11,LOW
TRN-12001,Synthetic Corridor Express 01,EXPRESS,SEC-NDLS-RE,2025-03-17,04:30:00,05:22:00,04:31:00,05:23:00,1,HIGH
TRN-12001,Synthetic Corridor Express 01,EXPRESS,SEC-RE-AWR,2025-03-17,05:28:00,06:18:00,05:29:00,06:20:00,2,HIGH
TRN-12001,Synthetic Corridor Express 01,EXPRESS,SEC-AWR-BKI,2025-03-17,06:24:00,07:09:00,06:26:00,07:11:00,2,HIGH
TRN-12001,Synthetic Corridor Express 01,EXPRESS,SEC-BKI-JP,2025-03-17,07:15:00,08:10:00,07:17:00,08:15:00,5,HIGH
TRN-12002,Synthetic Corridor Express 02,EXPRESS,SEC-NDLS-RE,2025-03-17,04:57:00,05:49:00,04:59:00,05:52:00,3,HIGH
TRN-12002,Synthetic Corridor Express 02,EXPRESS,SEC-RE-AWR,2025-03-17,05:55:00,06:45:00,05:58:00,06:48:00,3,HIGH
TRN-12002,Synthetic Corridor Express 02,EXPRESS,SEC-AWR-BKI,2025-03-17,06:51:00,07:36:00,06:54:00,07:39:00,3,HIGH
TRN-12002,Synthetic Corridor Express 02,EXPRESS,SEC-BKI-JP,2025-03-17,07:42:00,08:37:00,07:45:00,08:41:00,4,HIGH
TRN-12003,Synthetic Corridor Express 03,EXPRESS,SEC-NDLS-RE,2025-03-17,05:24:00,06:16:00,05:26:00,06:18:00,2,HIGH
TRN-12003,Synthetic Corridor Express 03,EXPRESS,SEC-RE-AWR,2025-03-17,06:22:00,07:12:00,06:24:00,07:14:00,2,HIGH
TRN-12003,Synthetic Corridor Express 03,EXPRESS,SEC-AWR-BKI,2025-03-17,07:18:00,08:03:00,07:20:00,08:05:00,2,HIGH
TRN-12003,Synthetic Corridor Express 03,EXPRESS,SEC-BKI-JP,2025-03-17,08:09:00,09:04:00,08:11:00,09:08:00,4,HIGH
TRN-12005,Synthetic Corridor Express 05,EXPRESS,SEC-NDLS-RE,2025-03-17,06:18:00,07:10:00,06:21:00,07:13:00,3,HIGH
TRN-12005,Synthetic Corridor Express 05,EXPRESS,SEC-RE-AWR,2025-03-17,07:16:00,08:06:00,07:19:00,08:11:00,5,HIGH
TRN-12005,Synthetic Corridor Express 05,EXPRESS,SEC-AWR-BKI,2025-03-17,08:12:00,08:57:00,08:17:00,09:03:00,6,HIGH
TRN-12005,Synthetic Corridor Express 05,EXPRESS,SEC-BKI-JP,2025-03-17,09:03:00,09:58:00,09:09:00,10:04:00,6,HIGH
TRN-12006,Synthetic Corridor Express 06,EXPRESS,SEC-NDLS-RE,2025-03-17,06:45:00,07:37:00,06:49:00,07:41:00,4,HIGH
TRN-12006,Synthetic Corridor Express 06,EXPRESS,SEC-RE-AWR,2025-03-17,07:43:00,08:33:00,07:49:00,08:39:00,6,HIGH
TRN-12006,Synthetic Corridor Express 06,EXPRESS,SEC-AWR-BKI,2025-03-17,08:39:00,09:24:00,08:46:00,09:31:00,7,HIGH
TRN-12006,Synthetic Corridor Express 06,EXPRESS,SEC-BKI-JP,2025-03-17,09:30:00,10:25:00,09:37:00,10:32:00,7,HIGH
TRN-12007,Synthetic Corridor Express 07,EXPRESS,SEC-NDLS-RE,2025-03-17,07:12:00,08:04:00,07:16:00,08:08:00,4,HIGH
TRN-12007,Synthetic Corridor Express 07,EXPRESS,SEC-RE-AWR,2025-03-17,08:10:00,09:00:00,08:14:00,09:04:00,4,HIGH
TRN-12007,Synthetic Corridor Express 07,EXPRESS,SEC-AWR-BKI,2025-03-17,09:06:00,09:51:00,09:12:00,09:59:00,8,HIGH
TRN-12007,Synthetic Corridor Express 07,EXPRESS,SEC-BKI-JP,2025-03-17,09:57:00,10:52:00,10:06:00,11:02:00,10,HIGH
TRN-12009,Synthetic Corridor Express 09,EXPRESS,SEC-NDLS-RE,2025-03-17,08:06:00,08:58:00,08:10:00,09:04:00,6,HIGH
TRN-12009,Synthetic Corridor Express 09,EXPRESS,SEC-RE-AWR,2025-03-17,09:04:00,09:54:00,09:10:00,10:00:00,6,HIGH
TRN-12009,Synthetic Corridor Express 09,EXPRESS,SEC-AWR-BKI,2025-03-17,10:00:00,10:45:00,10:06:00,10:54:00,9,HIGH
TRN-12009,Synthetic Corridor Express 09,EXPRESS,SEC-BKI-JP,2025-03-17,10:51:00,11:46:00,11:04:00,11:59:00,13,HIGH
TRN-12010,Synthetic Corridor Express 10,EXPRESS,SEC-NDLS-RE,2025-03-17,08:33:00,09:25:00,08:34:00,09:26:00,1,HIGH
TRN-12010,Synthetic Corridor Express 10,EXPRESS,SEC-RE-AWR,2025-03-17,09:31:00,10:21:00,09:33:00,10:23:00,2,HIGH
TRN-12010,Synthetic Corridor Express 10,EXPRESS,SEC-AWR-BKI,2025-03-17,10:27:00,11:12:00,10:29:00,11:16:00,4,HIGH
TRN-12010,Synthetic Corridor Express 10,EXPRESS,SEC-BKI-JP,2025-03-17,11:18:00,12:13:00,11:24:00,12:20:00,7,HIGH
TRN-12011,Synthetic Corridor Passenger 11,PASSENGER,SEC-NDLS-RE,2025-03-17,09:00:00,10:02:00,09:09:00,10:13:00,11,MEDIUM
TRN-12011,Synthetic Corridor Passenger 11,PASSENGER,SEC-RE-AWR,2025-03-17,10:11:00,11:10:00,10:22:00,11:21:00,11,MEDIUM
TRN-12011,Synthetic Corridor Passenger 11,PASSENGER,SEC-AWR-BKI,2025-03-17,11:19:00,12:12:00,11:31:00,12:25:00,13,MEDIUM
TRN-12011,Synthetic Corridor Passenger 11,PASSENGER,SEC-BKI-JP,2025-03-17,12:21:00,13:27:00,12:35:00,13:42:00,15,MEDIUM
TRN-12012,Synthetic Corridor Passenger 12,PASSENGER,SEC-NDLS-RE,2025-03-17,09:27:00,10:29:00,09:31:00,10:33:00,4,MEDIUM
TRN-12012,Synthetic Corridor Passenger 12,PASSENGER,SEC-RE-AWR,2025-03-17,10:38:00,11:37:00,10:42:00,11:42:00,5,MEDIUM
TRN-12012,Synthetic Corridor Passenger 12,PASSENGER,SEC-AWR-BKI,2025-03-17,11:46:00,12:39:00,11:52:00,12:45:00,6,MEDIUM
TRN-12012,Synthetic Corridor Passenger 12,PASSENGER,SEC-BKI-JP,2025-03-17,12:48:00,13:54:00,12:56:00,14:05:00,11,MEDIUM
TRN-12013,Synthetic Corridor Passenger 13,PASSENGER,SEC-NDLS-RE,2025-03-17,09:54:00,10:56:00,09:55:00,10:58:00,2,MEDIUM
TRN-12013,Synthetic Corridor Passenger 13,PASSENGER,SEC-RE-AWR,2025-03-17,11:05:00,12:04:00,11:07:00,12:06:00,2,MEDIUM
TRN-12013,Synthetic Corridor Passenger 13,PASSENGER,SEC-AWR-BKI,2025-03-17,12:13:00,13:06:00,12:16:00,13:12:00,6,MEDIUM
TRN-12013,Synthetic Corridor Passenger 13,PASSENGER,SEC-BKI-JP,2025-03-17,13:15:00,14:21:00,13:22:00,14:28:00,7,MEDIUM
TRN-12014,Synthetic Corridor Passenger 14,PASSENGER,SEC-NDLS-RE,2025-03-17,10:21:00,11:23:00,10:25:00,11:28:00,5,MEDIUM
TRN-12014,Synthetic Corridor Passenger 14,PASSENGER,SEC-RE-AWR,2025-03-17,11:32:00,12:31:00,11:38:00,12:37:00,6,MEDIUM
TRN-12014,Synthetic Corridor Passenger 14,PASSENGER,SEC-AWR-BKI,2025-03-17,12:40:00,13:33:00,12:48:00,13:42:00,9,MEDIUM
TRN-12014,Synthetic Corridor Passenger 14,PASSENGER,SEC-BKI-JP,2025-03-17,13:42:00,14:48:00,13:51:00,14:57:00,9,MEDIUM
TRN-12015,Synthetic Corridor Passenger 15,PASSENGER,SEC-NDLS-RE,2025-03-17,10:48:00,11:50:00,10:49:00,11:51:00,1,MEDIUM
TRN-12015,Synthetic Corridor Passenger 15,PASSENGER,SEC-RE-AWR,2025-03-17,11:59:00,12:58:00,12:01:00,13:01:00,3,MEDIUM
TRN-12015,Synthetic Corridor Passenger 15,PASSENGER,SEC-AWR-BKI,2025-03-17,13:07:00,14:00:00,13:10:00,14:04:00,4,MEDIUM
TRN-12015,Synthetic Corridor Passenger 15,PASSENGER,SEC-BKI-JP,2025-03-17,14:09:00,15:15:00,14:13:00,15:20:00,5,MEDIUM
TRN-12016,Synthetic Corridor Passenger 16,PASSENGER,SEC-NDLS-RE,2025-03-17,11:15:00,12:17:00,11:17:00,12:20:00,3,MEDIUM
TRN-12016,Synthetic Corridor Passenger 16,PASSENGER,SEC-RE-AWR,2025-03-17,12:26:00,13:25:00,12:29:00,13:28:00,3,MEDIUM
TRN-12016,Synthetic Corridor Passenger 16,PASSENGER,SEC-AWR-BKI,2025-03-17,13:34:00,14:27:00,13:37:00,14:33:00,6,MEDIUM
TRN-12016,Synthetic Corridor Passenger 16,PASSENGER,SEC-BKI-JP,2025-03-17,14:36:00,15:42:00,14:44:00,15:50:00,8,MEDIUM
TRN-12017,Synthetic Corridor Passenger 17,PASSENGER,SEC-NDLS-RE,2025-03-17,11:42:00,12:44:00,11:43:00,12:46:00,2,MEDIUM
TRN-12017,Synthetic Corridor Passenger 17,PASSENGER,SEC-RE-AWR,2025-03-17,12:53:00,13:52:00,12:56:00,13:55:00,3,MEDIUM
TRN-12017,Synthetic Corridor Passenger 17,PASSENGER,SEC-AWR-BKI,2025-03-17,14:01:00,14:54:00,14:05:00,14:58:00,4,MEDIUM
TRN-12017,Synthetic Corridor Passenger 17,PASSENGER,SEC-BKI-JP,2025-03-17,15:03:00,16:09:00,15:07:00,16:14:00,5,MEDIUM
TRN-12018,Synthetic Corridor Passenger 18,PASSENGER,SEC-NDLS-RE,2025-03-17,12:09:00,13:11:00,12:15:00,13:18:00,7,MEDIUM
TRN-12018,Synthetic Corridor Passenger 18,PASSENGER,SEC-RE-AWR,2025-03-17,13:20:00,14:19:00,13:27:00,14:26:00,7,MEDIUM
TRN-12018,Synthetic Corridor Passenger 18,PASSENGER,SEC-AWR-BKI,2025-03-17,14:28:00,15:21:00,14:35:00,15:28:00,7,MEDIUM
TRN-12018,Synthetic Corridor Passenger 18,PASSENGER,SEC-BKI-JP,2025-03-17,15:30:00,16:36:00,15:37:00,16:43:00,7,MEDIUM
TRN-12019,Synthetic Corridor Freight 19,FREIGHT,SEC-NDLS-RE,2025-03-17,12:36:00,13:58:00,12:45:00,14:12:00,14,LOW
TRN-12019,Synthetic Corridor Freight 19,FREIGHT,SEC-RE-AWR,2025-03-17,14:10:00,15:28:00,14:24:00,15:43:00,15,LOW
TRN-12019,Synthetic Corridor Freight 19,FREIGHT,SEC-AWR-BKI,2025-03-17,15:40:00,16:51:00,15:55:00,17:08:00,17,LOW
TRN-12019,Synthetic Corridor Freight 19,FREIGHT,SEC-BKI-JP,2025-03-17,17:03:00,18:31:00,17:20:00,18:48:00,17,LOW
TRN-12021,Synthetic Corridor Freight 21,FREIGHT,SEC-NDLS-RE,2025-03-17,13:30:00,14:52:00,13:32:00,14:54:00,2,LOW
TRN-12021,Synthetic Corridor Freight 21,FREIGHT,SEC-RE-AWR,2025-03-17,15:04:00,16:22:00,15:06:00,16:24:00,2,LOW
TRN-12021,Synthetic Corridor Freight 21,FREIGHT,SEC-AWR-BKI,2025-03-17,16:34:00,17:45:00,16:36:00,17:50:00,5,LOW
TRN-12021,Synthetic Corridor Freight 21,FREIGHT,SEC-BKI-JP,2025-03-17,17:57:00,19:25:00,18:02:00,19:30:00,5,LOW
TRN-12022,Synthetic Corridor Freight 22,FREIGHT,SEC-NDLS-RE,2025-03-17,13:57:00,15:19:00,13:58:00,15:20:00,1,LOW
TRN-12022,Synthetic Corridor Freight 22,FREIGHT,SEC-RE-AWR,2025-03-17,15:31:00,16:49:00,15:32:00,16:50:00,1,LOW
TRN-12022,Synthetic Corridor Freight 22,FREIGHT,SEC-AWR-BKI,2025-03-17,17:01:00,18:12:00,17:02:00,18:15:00,3,LOW
TRN-12022,Synthetic Corridor Freight 22,FREIGHT,SEC-BKI-JP,2025-03-17,18:24:00,19:52:00,18:27:00,19:56:00,4,LOW
TRN-12023,Synthetic Corridor Freight 23,FREIGHT,SEC-NDLS-RE,2025-03-17,14:24:00,15:46:00,14:26:00,15:48:00,2,LOW
TRN-12023,Synthetic Corridor Freight 23,FREIGHT,SEC-RE-AWR,2025-03-17,15:58:00,17:16:00,16:00:00,17:19:00,3,LOW
TRN-12023,Synthetic Corridor Freight 23,FREIGHT,SEC-AWR-BKI,2025-03-17,17:28:00,18:39:00,17:31:00,18:43:00,4,LOW
TRN-12023,Synthetic Corridor Freight 23,FREIGHT,SEC-BKI-JP,2025-03-17,18:51:00,20:19:00,18:56:00,20:25:00,6,LOW
TRN-12001,Synthetic Corridor Express 01,EXPRESS,SEC-NDLS-RE,2025-03-18,04:30:00,05:22:00,04:33:00,05:27:00,5,HIGH
TRN-12001,Synthetic Corridor Express 01,EXPRESS,SEC-RE-AWR,2025-03-18,05:28:00,06:18:00,05:33:00,06:23:00,5,HIGH
TRN-12001,Synthetic Corridor Express 01,EXPRESS,SEC-AWR-BKI,2025-03-18,06:24:00,07:09:00,06:30:00,07:15:00,6,HIGH
TRN-12001,Synthetic Corridor Express 01,EXPRESS,SEC-BKI-JP,2025-03-18,07:15:00,08:10:00,07:21:00,08:16:00,6,HIGH
TRN-12002,Synthetic Corridor Express 02,EXPRESS,SEC-NDLS-RE,2025-03-18,04:57:00,05:49:00,04:59:00,05:51:00,2,HIGH
TRN-12002,Synthetic Corridor Express 02,EXPRESS,SEC-RE-AWR,2025-03-18,05:55:00,06:45:00,05:57:00,06:47:00,2,HIGH
TRN-12002,Synthetic Corridor Express 02,EXPRESS,SEC-AWR-BKI,2025-03-18,06:51:00,07:36:00,06:53:00,07:39:00,3,HIGH
TRN-12002,Synthetic Corridor Express 02,EXPRESS,SEC-BKI-JP,2025-03-18,07:42:00,08:37:00,07:45:00,08:40:00,3,HIGH
TRN-12004,Synthetic Corridor Express 04,EXPRESS,SEC-NDLS-RE,2025-03-18,05:51:00,06:43:00,05:55:00,06:47:00,4,HIGH
TRN-12004,Synthetic Corridor Express 04,EXPRESS,SEC-RE-AWR,2025-03-18,06:49:00,07:39:00,06:53:00,07:44:00,5,HIGH
TRN-12004,Synthetic Corridor Express 04,EXPRESS,SEC-AWR-BKI,2025-03-18,07:45:00,08:30:00,07:50:00,08:37:00,7,HIGH
TRN-12004,Synthetic Corridor Express 04,EXPRESS,SEC-BKI-JP,2025-03-18,08:36:00,09:31:00,08:44:00,09:39:00,8,HIGH
TRN-12005,Synthetic Corridor Express 05,EXPRESS,SEC-NDLS-RE,2025-03-18,06:18:00,07:10:00,06:22:00,07:14:00,4,HIGH
TRN-12005,Synthetic Corridor Express 05,EXPRESS,SEC-RE-AWR,2025-03-18,07:16:00,08:06:00,07:20:00,08:10:00,4,HIGH
TRN-12005,Synthetic Corridor Express 05,EXPRESS,SEC-AWR-BKI,2025-03-18,08:12:00,08:57:00,08:16:00,09:01:00,4,HIGH
TRN-12005,Synthetic Corridor Express 05,EXPRESS,SEC-BKI-JP,2025-03-18,09:03:00,09:58:00,09:09:00,10:04:00,6,HIGH
TRN-12006,Synthetic Corridor Express 06,EXPRESS,SEC-NDLS-RE,2025-03-18,06:45:00,07:37:00,06:45:00,07:38:00,1,HIGH
TRN-12006,Synthetic Corridor Express 06,EXPRESS,SEC-RE-AWR,2025-03-18,07:43:00,08:33:00,07:44:00,08:34:00,1,HIGH
TRN-12006,Synthetic Corridor Express 06,EXPRESS,SEC-AWR-BKI,2025-03-18,08:39:00,09:24:00,08:40:00,09:26:00,2,HIGH
TRN-12006,Synthetic Corridor Express 06,EXPRESS,SEC-BKI-JP,2025-03-18,09:30:00,10:25:00,09:32:00,10:27:00,2,HIGH
TRN-12008,Synthetic Corridor Express 08,EXPRESS,SEC-NDLS-RE,2025-03-18,07:39:00,08:31:00,07:40:00,08:32:00,1,HIGH
TRN-12008,Synthetic Corridor Express 08,EXPRESS,SEC-RE-AWR,2025-03-18,08:37:00,09:27:00,08:39:00,09:29:00,2,HIGH
TRN-12008,Synthetic Corridor Express 08,EXPRESS,SEC-AWR-BKI,2025-03-18,09:33:00,10:18:00,09:35:00,10:20:00,2,HIGH
TRN-12008,Synthetic Corridor Express 08,EXPRESS,SEC-BKI-JP,2025-03-18,10:24:00,11:19:00,10:26:00,11:22:00,3,HIGH
TRN-12009,Synthetic Corridor Express 09,EXPRESS,SEC-NDLS-RE,2025-03-18,08:06:00,08:58:00,08:09:00,09:02:00,4,HIGH
TRN-12009,Synthetic Corridor Express 09,EXPRESS,SEC-RE-AWR,2025-03-18,09:04:00,09:54:00,09:09:00,09:59:00,5,HIGH
TRN-12009,Synthetic Corridor Express 09,EXPRESS,SEC-AWR-BKI,2025-03-18,10:00:00,10:45:00,10:05:00,10:50:00,5,HIGH
TRN-12009,Synthetic Corridor Express 09,EXPRESS,SEC-BKI-JP,2025-03-18,10:51:00,11:46:00,10:56:00,11:51:00,5,HIGH
TRN-12010,Synthetic Corridor Express 10,EXPRESS,SEC-NDLS-RE,2025-03-18,08:33:00,09:25:00,08:37:00,09:29:00,4,HIGH
TRN-12010,Synthetic Corridor Express 10,EXPRESS,SEC-RE-AWR,2025-03-18,09:31:00,10:21:00,09:35:00,10:25:00,4,HIGH
TRN-12010,Synthetic Corridor Express 10,EXPRESS,SEC-AWR-BKI,2025-03-18,10:27:00,11:12:00,10:31:00,11:16:00,4,HIGH
TRN-12010,Synthetic Corridor Express 10,EXPRESS,SEC-BKI-JP,2025-03-18,11:18:00,12:13:00,11:22:00,12:17:00,4,HIGH
TRN-12011,Synthetic Corridor Passenger 11,PASSENGER,SEC-NDLS-RE,2025-03-18,09:00:00,10:02:00,09:00:00,10:02:00,0,MEDIUM
TRN-12011,Synthetic Corridor Passenger 11,PASSENGER,SEC-RE-AWR,2025-03-18,10:11:00,11:10:00,10:11:00,11:10:00,0,MEDIUM
TRN-12011,Synthetic Corridor Passenger 11,PASSENGER,SEC-AWR-BKI,2025-03-18,11:19:00,12:12:00,11:20:00,12:13:00,1,MEDIUM
TRN-12011,Synthetic Corridor Passenger 11,PASSENGER,SEC-BKI-JP,2025-03-18,12:21:00,13:27:00,12:23:00,13:29:00,2,MEDIUM
TRN-12012,Synthetic Corridor Passenger 12,PASSENGER,SEC-NDLS-RE,2025-03-18,09:27:00,10:29:00,09:34:00,10:36:00,7,MEDIUM
TRN-12012,Synthetic Corridor Passenger 12,PASSENGER,SEC-RE-AWR,2025-03-18,10:38:00,11:37:00,10:46:00,11:46:00,9,MEDIUM
TRN-12012,Synthetic Corridor Passenger 12,PASSENGER,SEC-AWR-BKI,2025-03-18,11:46:00,12:39:00,11:55:00,12:49:00,10,MEDIUM
TRN-12012,Synthetic Corridor Passenger 12,PASSENGER,SEC-BKI-JP,2025-03-18,12:48:00,13:54:00,12:58:00,14:04:00,10,MEDIUM
TRN-12013,Synthetic Corridor Passenger 13,PASSENGER,SEC-NDLS-RE,2025-03-18,09:54:00,10:56:00,09:57:00,11:01:00,5,MEDIUM
TRN-12013,Synthetic Corridor Passenger 13,PASSENGER,SEC-RE-AWR,2025-03-18,11:05:00,12:04:00,11:10:00,12:11:00,7,MEDIUM
TRN-12013,Synthetic Corridor Passenger 13,PASSENGER,SEC-AWR-BKI,2025-03-18,12:13:00,13:06:00,12:20:00,13:16:00,10,MEDIUM
TRN-12013,Synthetic Corridor Passenger 13,PASSENGER,SEC-BKI-JP,2025-03-18,13:15:00,14:21:00,13:26:00,14:34:00,13,MEDIUM
TRN-12014,Synthetic Corridor Passenger 14,PASSENGER,SEC-NDLS-RE,2025-03-18,10:21:00,11:23:00,10:25:00,11:27:00,4,MEDIUM
TRN-12014,Synthetic Corridor Passenger 14,PASSENGER,SEC-RE-AWR,2025-03-18,11:32:00,12:31:00,11:36:00,12:35:00,4,MEDIUM
TRN-12014,Synthetic Corridor Passenger 14,PASSENGER,SEC-AWR-BKI,2025-03-18,12:40:00,13:33:00,12:44:00,13:37:00,4,MEDIUM
TRN-12014,Synthetic Corridor Passenger 14,PASSENGER,SEC-BKI-JP,2025-03-18,13:42:00,14:48:00,13:46:00,14:52:00,4,MEDIUM
TRN-12015,Synthetic Corridor Passenger 15,PASSENGER,SEC-NDLS-RE,2025-03-18,10:48:00,11:50:00,10:49:00,11:52:00,2,MEDIUM
TRN-12015,Synthetic Corridor Passenger 15,PASSENGER,SEC-RE-AWR,2025-03-18,11:59:00,12:58:00,12:02:00,13:03:00,5,MEDIUM
TRN-12015,Synthetic Corridor Passenger 15,PASSENGER,SEC-AWR-BKI,2025-03-18,13:07:00,14:00:00,13:12:00,14:05:00,5,MEDIUM
TRN-12015,Synthetic Corridor Passenger 15,PASSENGER,SEC-BKI-JP,2025-03-18,14:09:00,15:15:00,14:14:00,15:20:00,5,MEDIUM
TRN-12016,Synthetic Corridor Passenger 16,PASSENGER,SEC-NDLS-RE,2025-03-18,11:15:00,12:17:00,11:17:00,12:19:00,2,MEDIUM
TRN-12016,Synthetic Corridor Passenger 16,PASSENGER,SEC-RE-AWR,2025-03-18,12:26:00,13:25:00,12:28:00,13:28:00,3,MEDIUM
TRN-12016,Synthetic Corridor Passenger 16,PASSENGER,SEC-AWR-BKI,2025-03-18,13:34:00,14:27:00,13:37:00,14:30:00,3,MEDIUM
TRN-12016,Synthetic Corridor Passenger 16,PASSENGER,SEC-BKI-JP,2025-03-18,14:36:00,15:42:00,14:39:00,15:47:00,5,MEDIUM
TRN-12017,Synthetic Corridor Passenger 17,PASSENGER,SEC-NDLS-RE,2025-03-18,11:42:00,12:44:00,11:45:00,12:47:00,3,MEDIUM
TRN-12017,Synthetic Corridor Passenger 17,PASSENGER,SEC-RE-AWR,2025-03-18,12:53:00,13:52:00,12:56:00,13:56:00,4,MEDIUM
TRN-12017,Synthetic Corridor Passenger 17,PASSENGER,SEC-AWR-BKI,2025-03-18,14:01:00,14:54:00,14:05:00,15:00:00,6,MEDIUM
TRN-12017,Synthetic Corridor Passenger 17,PASSENGER,SEC-BKI-JP,2025-03-18,15:03:00,16:09:00,15:09:00,16:16:00,7,MEDIUM
TRN-12018,Synthetic Corridor Passenger 18,PASSENGER,SEC-NDLS-RE,2025-03-18,12:09:00,13:11:00,12:11:00,13:14:00,3,MEDIUM
TRN-12018,Synthetic Corridor Passenger 18,PASSENGER,SEC-RE-AWR,2025-03-18,13:20:00,14:19:00,13:24:00,14:23:00,4,MEDIUM
TRN-12018,Synthetic Corridor Passenger 18,PASSENGER,SEC-AWR-BKI,2025-03-18,14:28:00,15:21:00,14:33:00,15:27:00,6,MEDIUM
TRN-12018,Synthetic Corridor Passenger 18,PASSENGER,SEC-BKI-JP,2025-03-18,15:30:00,16:36:00,15:36:00,16:42:00,6,MEDIUM
TRN-12020,Synthetic Corridor Freight 20,FREIGHT,SEC-NDLS-RE,2025-03-18,13:03:00,14:25:00,13:06:00,14:30:00,5,LOW
TRN-12020,Synthetic Corridor Freight 20,FREIGHT,SEC-RE-AWR,2025-03-18,14:37:00,15:55:00,14:43:00,16:01:00,6,LOW
TRN-12020,Synthetic Corridor Freight 20,FREIGHT,SEC-AWR-BKI,2025-03-18,16:07:00,17:18:00,16:13:00,17:25:00,7,LOW
TRN-12020,Synthetic Corridor Freight 20,FREIGHT,SEC-BKI-JP,2025-03-18,17:30:00,18:58:00,17:37:00,19:08:00,10,LOW
TRN-12021,Synthetic Corridor Freight 21,FREIGHT,SEC-NDLS-RE,2025-03-18,13:30:00,14:52:00,13:33:00,14:55:00,3,LOW
TRN-12021,Synthetic Corridor Freight 21,FREIGHT,SEC-RE-AWR,2025-03-18,15:04:00,16:22:00,15:08:00,16:26:00,4,LOW
TRN-12021,Synthetic Corridor Freight 21,FREIGHT,SEC-AWR-BKI,2025-03-18,16:34:00,17:45:00,16:38:00,17:51:00,6,LOW
TRN-12021,Synthetic Corridor Freight 21,FREIGHT,SEC-BKI-JP,2025-03-18,17:57:00,19:25:00,18:03:00,19:33:00,8,LOW
TRN-12022,Synthetic Corridor Freight 22,FREIGHT,SEC-NDLS-RE,2025-03-18,13:57:00,15:19:00,13:59:00,15:22:00,3,LOW
TRN-12022,Synthetic Corridor Freight 22,FREIGHT,SEC-RE-AWR,2025-03-18,15:31:00,16:49:00,15:35:00,16:55:00,6,LOW
TRN-12022,Synthetic Corridor Freight 22,FREIGHT,SEC-AWR-BKI,2025-03-18,17:01:00,18:12:00,17:07:00,18:19:00,7,LOW
TRN-12022,Synthetic Corridor Freight 22,FREIGHT,SEC-BKI-JP,2025-03-18,18:24:00,19:52:00,18:32:00,20:01:00,9,LOW
TRN-12024,Synthetic Corridor Freight 24,FREIGHT,SEC-NDLS-RE,2025-03-18,14:51:00,16:13:00,14:52:00,16:16:00,3,LOW
TRN-12024,Synthetic Corridor Freight 24,FREIGHT,SEC-RE-AWR,2025-03-18,16:25:00,17:43:00,16:28:00,17:46:00,3,LOW
TRN-12024,Synthetic Corridor Freight 24,FREIGHT,SEC-AWR-BKI,2025-03-18,17:55:00,19:06:00,17:58:00,19:09:00,3,LOW
TRN-12024,Synthetic Corridor Freight 24,FREIGHT,SEC-BKI-JP,2025-03-18,19:18:00,20:46:00,19:21:00,20:49:00,3,LOW
TRN-12001,Synthetic Corridor Express 01,EXPRESS,SEC-NDLS-RE,2025-03-19,04:30:00,05:22:00,04:34:00,05:26:00,4,HIGH
TRN-12001,Synthetic Corridor Express 01,EXPRESS,SEC-RE-AWR,2025-03-19,05:28:00,06:18:00,05:32:00,06:22:00,4,HIGH
TRN-12001,Synthetic Corridor Express 01,EXPRESS,SEC-AWR-BKI,2025-03-19,06:24:00,07:09:00,06:28:00,07:13:00,4,HIGH
TRN-12001,Synthetic Corridor Express 01,EXPRESS,SEC-BKI-JP,2025-03-19,07:15:00,08:10:00,07:19:00,08:15:00,5,HIGH
TRN-12002,Synthetic Corridor Express 02,EXPRESS,SEC-NDLS-RE,2025-03-19,04:57:00,05:49:00,04:58:00,05:52:00,3,HIGH
TRN-12002,Synthetic Corridor Express 02,EXPRESS,SEC-RE-AWR,2025-03-19,05:55:00,06:45:00,05:58:00,06:48:00,3,HIGH
TRN-12002,Synthetic Corridor Express 02,EXPRESS,SEC-AWR-BKI,2025-03-19,06:51:00,07:36:00,06:55:00,07:41:00,5,HIGH
TRN-12002,Synthetic Corridor Express 02,EXPRESS,SEC-BKI-JP,2025-03-19,07:42:00,08:37:00,07:48:00,08:44:00,7,HIGH
TRN-12003,Synthetic Corridor Express 03,EXPRESS,SEC-NDLS-RE,2025-03-19,05:24:00,06:16:00,05:25:00,06:17:00,1,HIGH
TRN-12003,Synthetic Corridor Express 03,EXPRESS,SEC-RE-AWR,2025-03-19,06:22:00,07:12:00,06:23:00,07:14:00,2,HIGH
TRN-12003,Synthetic Corridor Express 03,EXPRESS,SEC-AWR-BKI,2025-03-19,07:18:00,08:03:00,07:22:00,08:07:00,4,HIGH
TRN-12003,Synthetic Corridor Express 03,EXPRESS,SEC-BKI-JP,2025-03-19,08:09:00,09:04:00,08:13:00,09:10:00,6,HIGH
TRN-12005,Synthetic Corridor Express 05,EXPRESS,SEC-NDLS-RE,2025-03-19,06:18:00,07:10:00,06:19:00,07:12:00,2,HIGH
TRN-12005,Synthetic Corridor Express 05,EXPRESS,SEC-RE-AWR,2025-03-19,07:16:00,08:06:00,07:19:00,08:09:00,3,HIGH
TRN-12005,Synthetic Corridor Express 05,EXPRESS,SEC-AWR-BKI,2025-03-19,08:12:00,08:57:00,08:15:00,09:02:00,5,HIGH
TRN-12005,Synthetic Corridor Express 05,EXPRESS,SEC-BKI-JP,2025-03-19,09:03:00,09:58:00,09:09:00,10:04:00,6,HIGH
TRN-12006,Synthetic Corridor Express 06,EXPRESS,SEC-NDLS-RE,2025-03-19,06:45:00,07:37:00,06:50:00,07:43:00,6,HIGH
TRN-12006,Synthetic Corridor Express 06,EXPRESS,SEC-RE-AWR,2025-03-19,07:43:00,08:33:00,07:49:00,08:39:00,6,HIGH
TRN-12006,Synthetic Corridor Express 06,EXPRESS,SEC-AWR-BKI,2025-03-19,08:39:00,09:24:00,08:45:00,09:30:00,6,HIGH
TRN-12006,Synthetic Corridor Express 06,EXPRESS,SEC-BKI-JP,2025-03-19,09:30:00,10:25:00,09:36:00,10:32:00,7,HIGH
TRN-12007,Synthetic Corridor Express 07,EXPRESS,SEC-NDLS-RE,2025-03-19,07:12:00,08:04:00,07:15:00,08:08:00,4,HIGH
TRN-12007,Synthetic Corridor Express 07,EXPRESS,SEC-RE-AWR,2025-03-19,08:10:00,09:00:00,08:14:00,09:05:00,5,HIGH
TRN-12007,Synthetic Corridor Express 07,EXPRESS,SEC-AWR-BKI,2025-03-19,09:06:00,09:51:00,09:11:00,09:56:00,5,HIGH
TRN-12007,Synthetic Corridor Express 07,EXPRESS,SEC-BKI-JP,2025-03-19,09:57:00,10:52:00,10:02:00,10:59:00,7,HIGH
TRN-12009,Synthetic Corridor Express 09,EXPRESS,SEC-NDLS-RE,2025-03-19,08:06:00,08:58:00,08:12:00,09:04:00,6,HIGH
TRN-12009,Synthetic Corridor Express 09,EXPRESS,SEC-RE-AWR,2025-03-19,09:04:00,09:54:00,09:10:00,10:00:00,6,HIGH
TRN-12009,Synthetic Corridor Express 09,EXPRESS,SEC-AWR-BKI,2025-03-19,10:00:00,10:45:00,10:07:00,10:53:00,8,HIGH
TRN-12009,Synthetic Corridor Express 09,EXPRESS,SEC-BKI-JP,2025-03-19,10:51:00,11:46:00,11:00:00,11:55:00,9,HIGH
TRN-12010,Synthetic Corridor Express 10,EXPRESS,SEC-NDLS-RE,2025-03-19,08:33:00,09:25:00,08:40:00,09:32:00,7,HIGH
TRN-12010,Synthetic Corridor Express 10,EXPRESS,SEC-RE-AWR,2025-03-19,09:31:00,10:21:00,09:38:00,10:28:00,7,HIGH
TRN-12010,Synthetic Corridor Express 10,EXPRESS,SEC-AWR-BKI,2025-03-19,10:27:00,11:12:00,10:34:00,11:20:00,8,HIGH
TRN-12010,Synthetic Corridor Express 10,EXPRESS,SEC-BKI-JP,2025-03-19,11:18:00,12:13:00,11:27:00,12:22:00,9,HIGH
TRN-12011,Synthetic Corridor Passenger 11,PASSENGER,SEC-NDLS-RE,2025-03-19,09:00:00,10:02:00,09:07:00,10:09:00,7,MEDIUM
TRN-12011,Synthetic Corridor Passenger 11,PASSENGER,SEC-RE-AWR,2025-03-19,10:11:00,11:10:00,10:19:00,11:18:00,8,MEDIUM
TRN-12011,Synthetic Corridor Passenger 11,PASSENGER,SEC-AWR-BKI,2025-03-19,11:19:00,12:12:00,11:28:00,12:23:00,11,MEDIUM
TRN-12011,Synthetic Corridor Passenger 11,PASSENGER,SEC-BKI-JP,2025-03-19,12:21:00,13:27:00,12:32:00,13:38:00,11,MEDIUM
TRN-12012,Synthetic Corridor Passenger 12,PASSENGER,SEC-NDLS-RE,2025-03-19,09:27:00,10:29:00,09:32:00,10:36:00,7,MEDIUM
TRN-12012,Synthetic Corridor Passenger 12,PASSENGER,SEC-RE-AWR,2025-03-19,10:38:00,11:37:00,10:47:00,11:47:00,10,MEDIUM
TRN-12012,Synthetic Corridor Passenger 12,PASSENGER,SEC-AWR-BKI,2025-03-19,11:46:00,12:39:00,11:57:00,12:51:00,12,MEDIUM
TRN-12012,Synthetic Corridor Passenger 12,PASSENGER,SEC-BKI-JP,2025-03-19,12:48:00,13:54:00,13:00:00,14:07:00,13,MEDIUM
TRN-12013,Synthetic Corridor Passenger 13,PASSENGER,SEC-NDLS-RE,2025-03-19,09:54:00,10:56:00,09:58:00,11:02:00,6,MEDIUM
TRN-12013,Synthetic Corridor Passenger 13,PASSENGER,SEC-RE-AWR,2025-03-19,11:05:00,12:04:00,11:12:00,12:11:00,7,MEDIUM
TRN-12013,Synthetic Corridor Passenger 13,PASSENGER,SEC-AWR-BKI,2025-03-19,12:13:00,13:06:00,12:20:00,13:14:00,8,MEDIUM
TRN-12013,Synthetic Corridor Passenger 13,PASSENGER,SEC-BKI-JP,2025-03-19,13:15:00,14:21:00,13:24:00,14:31:00,10,MEDIUM
TRN-12014,Synthetic Corridor Passenger 14,PASSENGER,SEC-NDLS-RE,2025-03-19,10:21:00,11:23:00,10:24:00,11:27:00,4,MEDIUM
TRN-12014,Synthetic Corridor Passenger 14,PASSENGER,SEC-RE-AWR,2025-03-19,11:32:00,12:31:00,11:36:00,12:36:00,5,MEDIUM
TRN-12014,Synthetic Corridor Passenger 14,PASSENGER,SEC-AWR-BKI,2025-03-19,12:40:00,13:33:00,12:45:00,13:38:00,5,MEDIUM
TRN-12014,Synthetic Corridor Passenger 14,PASSENGER,SEC-BKI-JP,2025-03-19,13:42:00,14:48:00,13:47:00,14:54:00,6,MEDIUM
TRN-12015,Synthetic Corridor Passenger 15,PASSENGER,SEC-NDLS-RE,2025-03-19,10:48:00,11:50:00,10:53:00,11:55:00,5,MEDIUM
TRN-12015,Synthetic Corridor Passenger 15,PASSENGER,SEC-RE-AWR,2025-03-19,11:59:00,12:58:00,12:04:00,13:04:00,6,MEDIUM
TRN-12015,Synthetic Corridor Passenger 15,PASSENGER,SEC-AWR-BKI,2025-03-19,13:07:00,14:00:00,13:13:00,14:07:00,7,MEDIUM
TRN-12015,Synthetic Corridor Passenger 15,PASSENGER,SEC-BKI-JP,2025-03-19,14:09:00,15:15:00,14:16:00,15:22:00,7,MEDIUM
TRN-12016,Synthetic Corridor Passenger 16,PASSENGER,SEC-NDLS-RE,2025-03-19,11:15:00,12:17:00,11:21:00,12:23:00,6,MEDIUM
TRN-12016,Synthetic Corridor Passenger 16,PASSENGER,SEC-RE-AWR,2025-03-19,12:26:00,13:25:00,12:32:00,13:31:00,6,MEDIUM
TRN-12016,Synthetic Corridor Passenger 16,PASSENGER,SEC-AWR-BKI,2025-03-19,13:34:00,14:27:00,13:42:00,14:38:00,11,MEDIUM
TRN-12016,Synthetic Corridor Passenger 16,PASSENGER,SEC-BKI-JP,2025-03-19,14:36:00,15:42:00,14:47:00,15:54:00,12,MEDIUM
TRN-12017,Synthetic Corridor Passenger 17,PASSENGER,SEC-NDLS-RE,2025-03-19,11:42:00,12:44:00,11:44:00,12:46:00,2,MEDIUM
TRN-12017,Synthetic Corridor Passenger 17,PASSENGER,SEC-RE-AWR,2025-03-19,12:53:00,13:52:00,12:55:00,13:57:00,5,MEDIUM
TRN-12017,Synthetic Corridor Passenger 17,PASSENGER,SEC-AWR-BKI,2025-03-19,14:01:00,14:54:00,14:07:00,15:02:00,8,MEDIUM
TRN-12017,Synthetic Corridor Passenger 17,PASSENGER,SEC-BKI-JP,2025-03-19,15:03:00,16:09:00,15:12:00,16:19:00,10,MEDIUM
TRN-12018,Synthetic Corridor Passenger 18,PASSENGER,SEC-NDLS-RE,2025-03-19,12:09:00,13:11:00,12:14:00,13:16:00,5,MEDIUM
TRN-12018,Synthetic Corridor Passenger 18,PASSENGER,SEC-RE-AWR,2025-03-19,13:20:00,14:19:00,13:25:00,14:24:00,5,MEDIUM
TRN-12018,Synthetic Corridor Passenger 18,PASSENGER,SEC-AWR-BKI,2025-03-19,14:28:00,15:21:00,14:33:00,15:26:00,5,MEDIUM
TRN-12018,Synthetic Corridor Passenger 18,PASSENGER,SEC-BKI-JP,2025-03-19,15:30:00,16:36:00,15:35:00,16:42:00,6,MEDIUM
TRN-12019,Synthetic Corridor Freight 19,FREIGHT,SEC-NDLS-RE,2025-03-19,12:36:00,13:58:00,12:41:00,14:05:00,7,LOW
TRN-12019,Synthetic Corridor Freight 19,FREIGHT,SEC-RE-AWR,2025-03-19,14:10:00,15:28:00,14:19:00,15:38:00,10,LOW
TRN-12019,Synthetic Corridor Freight 19,FREIGHT,SEC-AWR-BKI,2025-03-19,15:40:00,16:51:00,15:50:00,17:02:00,11,LOW
TRN-12019,Synthetic Corridor Freight 19,FREIGHT,SEC-BKI-JP,2025-03-19,17:03:00,18:31:00,17:14:00,18:42:00,11,LOW
TRN-12021,Synthetic Corridor Freight 21,FREIGHT,SEC-NDLS-RE,2025-03-19,13:30:00,14:52:00,13:30:00,14:53:00,1,LOW
TRN-12021,Synthetic Corridor Freight 21,FREIGHT,SEC-RE-AWR,2025-03-19,15:04:00,16:22:00,15:05:00,16:24:00,2,LOW
TRN-12021,Synthetic Corridor Freight 21,FREIGHT,SEC-AWR-BKI,2025-03-19,16:34:00,17:45:00,16:36:00,17:47:00,2,LOW
TRN-12021,Synthetic Corridor Freight 21,FREIGHT,SEC-BKI-JP,2025-03-19,17:57:00,19:25:00,17:59:00,19:27:00,2,LOW
TRN-12022,Synthetic Corridor Freight 22,FREIGHT,SEC-NDLS-RE,2025-03-19,13:57:00,15:19:00,14:00:00,15:22:00,3,LOW
TRN-12022,Synthetic Corridor Freight 22,FREIGHT,SEC-RE-AWR,2025-03-19,15:31:00,16:49:00,15:34:00,16:52:00,3,LOW
TRN-12022,Synthetic Corridor Freight 22,FREIGHT,SEC-AWR-BKI,2025-03-19,17:01:00,18:12:00,17:05:00,18:16:00,4,LOW
TRN-12022,Synthetic Corridor Freight 22,FREIGHT,SEC-BKI-JP,2025-03-19,18:24:00,19:52:00,18:30:00,19:59:00,7,LOW
TRN-12023,Synthetic Corridor Freight 23,FREIGHT,SEC-NDLS-RE,2025-03-19,14:24:00,15:46:00,14:30:00,15:53:00,7,LOW
TRN-12023,Synthetic Corridor Freight 23,FREIGHT,SEC-RE-AWR,2025-03-19,15:58:00,17:16:00,16:06:00,17:26:00,10,LOW
TRN-12023,Synthetic Corridor Freight 23,FREIGHT,SEC-AWR-BKI,2025-03-19,17:28:00,18:39:00,17:38:00,18:50:00,11,LOW
TRN-12023,Synthetic Corridor Freight 23,FREIGHT,SEC-BKI-JP,2025-03-19,18:51:00,20:19:00,19:02:00,20:30:00,11,LOW
TRN-12001,Synthetic Corridor Express 01,EXPRESS,SEC-NDLS-RE,2025-03-20,04:30:00,05:22:00,04:32:00,05:26:00,4,HIGH
TRN-12001,Synthetic Corridor Express 01,EXPRESS,SEC-RE-AWR,2025-03-20,05:28:00,06:18:00,05:32:00,06:22:00,4,HIGH
TRN-12001,Synthetic Corridor Express 01,EXPRESS,SEC-AWR-BKI,2025-03-20,06:24:00,07:09:00,06:29:00,07:14:00,5,HIGH
TRN-12001,Synthetic Corridor Express 01,EXPRESS,SEC-BKI-JP,2025-03-20,07:15:00,08:10:00,07:20:00,08:15:00,5,HIGH
TRN-12002,Synthetic Corridor Express 02,EXPRESS,SEC-NDLS-RE,2025-03-20,04:57:00,05:49:00,04:57:00,05:49:00,0,HIGH
TRN-12002,Synthetic Corridor Express 02,EXPRESS,SEC-RE-AWR,2025-03-20,05:55:00,06:45:00,05:55:00,06:45:00,0,HIGH
TRN-12002,Synthetic Corridor Express 02,EXPRESS,SEC-AWR-BKI,2025-03-20,06:51:00,07:36:00,06:51:00,07:37:00,1,HIGH
TRN-12002,Synthetic Corridor Express 02,EXPRESS,SEC-BKI-JP,2025-03-20,07:42:00,08:37:00,07:43:00,08:38:00,1,HIGH
TRN-12004,Synthetic Corridor Express 04,EXPRESS,SEC-NDLS-RE,2025-03-20,05:51:00,06:43:00,05:53:00,06:47:00,4,HIGH
TRN-12004,Synthetic Corridor Express 04,EXPRESS,SEC-RE-AWR,2025-03-20,06:49:00,07:39:00,06:53:00,07:43:00,4,HIGH
TRN-12004,Synthetic Corridor Express 04,EXPRESS,SEC-AWR-BKI,2025-03-20,07:45:00,08:30:00,07:50:00,08:35:00,5,HIGH
TRN-12004,Synthetic Corridor Express 04,EXPRESS,SEC-BKI-JP,2025-03-20,08:36:00,09:31:00,08:41:00,09:36:00,5,HIGH
TRN-12005,Synthetic Corridor Express 05,EXPRESS,SEC-NDLS-RE,2025-03-20,06:18:00,07:10:00,06:20:00,07:12:00,2,HIGH
TRN-12005,Synthetic Corridor Express 05,EXPRESS,SEC-RE-AWR,2025-03-20,07:16:00,08:06:00,07:19:00,08:09:00,3,HIGH
TRN-12005,Synthetic Corridor Express 05,EXPRESS,SEC-AWR-BKI,2025-03-20,08:12:00,08:57:00,08:15:00,09:00:00,3,HIGH
TRN-12005,Synthetic Corridor Express 05,EXPRESS,SEC-BKI-JP,2025-03-20,09:03:00,09:58:00,09:06:00,10:01:00,3,HIGH
TRN-12006,Synthetic Corridor Express 06,EXPRESS,SEC-NDLS-RE,2025-03-20,06:45:00,07:37:00,06:47:00,07:39:00,2,HIGH
TRN-12006,Synthetic Corridor Express 06,EXPRESS,SEC-RE-AWR,2025-03-20,07:43:00,08:33:00,07:45:00,08:35:00,2,HIGH
TRN-12006,Synthetic Corridor Express 06,EXPRESS,SEC-AWR-BKI,2025-03-20,08:39:00,09:24:00,08:41:00,09:26:00,2,HIGH
TRN-12006,Synthetic Corridor Express 06,EXPRESS,SEC-BKI-JP,2025-03-20,09:30:00,10:25:00,09:33:00,10:29:00,4,HIGH
TRN-12008,Synthetic Corridor Express 08,EXPRESS,SEC-NDLS-RE,2025-03-20,07:39:00,08:31:00,07:43:00,08:35:00,4,HIGH
TRN-12008,Synthetic Corridor Express 08,EXPRESS,SEC-RE-AWR,2025-03-20,08:37:00,09:27:00,08:41:00,09:33:00,6,HIGH
TRN-12008,Synthetic Corridor Express 08,EXPRESS,SEC-AWR-BKI,2025-03-20,09:33:00,10:18:00,09:39:00,10:24:00,6,HIGH
TRN-12008,Synthetic Corridor Express 08,EXPRESS,SEC-BKI-JP,2025-03-20,10:24:00,11:19:00,10:30:00,11:25:00,6,HIGH
TRN-12009,Synthetic Corridor Express 09,EXPRESS,SEC-NDLS-RE,2025-03-20,08:06:00,08:58:00,08:09:00,09:01:00,3,HIGH
TRN-12009,Synthetic Corridor Express 09,EXPRESS,SEC-RE-AWR,2025-03-20,09:04:00,09:54:00,09:07:00,09:57:00,3,HIGH
TRN-12009,Synthetic Corridor Express 09,EXPRESS,SEC-AWR-BKI,2025-03-20,10:00:00,10:45:00,10:03:00,10:48:00,3,HIGH
TRN-12009,Synthetic Corridor Express 09,EXPRESS,SEC-BKI-JP,2025-03-20,10:51:00,11:46:00,10:54:00,11:51:00,5,HIGH
TRN-12010,Synthetic Corridor Express 10,EXPRESS,SEC-NDLS-RE,2025-03-20,08:33:00,09:25:00,08:37:00,09:29:00,4,HIGH
TRN-12010,Synthetic Corridor Express 10,EXPRESS,SEC-RE-AWR,2025-03-20,09:31:00,10:21:00,09:36:00,10:26:00,5,HIGH
TRN-12010,Synthetic Corridor Express 10,EXPRESS,SEC-AWR-BKI,2025-03-20,10:27:00,11:12:00,10:32:00,11:17:00,5,HIGH
TRN-12010,Synthetic Corridor Express 10,EXPRESS,SEC-BKI-JP,2025-03-20,11:18:00,12:13:00,11:23:00,12:19:00,6,HIGH
TRN-12011,Synthetic Corridor Passenger 11,PASSENGER,SEC-NDLS-RE,2025-03-20,09:00:00,10:02:00,09:10:00,10:13:00,11,MEDIUM
TRN-12011,Synthetic Corridor Passenger 11,PASSENGER,SEC-RE-AWR,2025-03-20,10:11:00,11:10:00,10:23:00,11:22:00,12,MEDIUM
TRN-12011,Synthetic Corridor Passenger 11,PASSENGER,SEC-AWR-BKI,2025-03-20,11:19:00,12:12:00,11:31:00,12:25:00,13,MEDIUM
TRN-12011,Synthetic Corridor Passenger 11,PASSENGER,SEC-BKI-JP,2025-03-20,12:21:00,13:27:00,12:34:00,13:40:00,13,MEDIUM
TRN-12012,Synthetic Corridor Passenger 12,PASSENGER,SEC-NDLS-RE,2025-03-20,09:27:00,10:29:00,09:32:00,10:34:00,5,MEDIUM
TRN-12012,Synthetic Corridor Passenger 12,PASSENGER,SEC-RE-AWR,2025-03-20,10:38:00,11:37:00,10:43:00,11:43:00,6,MEDIUM
TRN-12012,Synthetic Corridor Passenger 12,PASSENGER,SEC-AWR-BKI,2025-03-20,11:46:00,12:39:00,11:53:00,12:47:00,8,MEDIUM
TRN-12012,Synthetic Corridor Passenger 12,PASSENGER,SEC-BKI-JP,2025-03-20,12:48:00,13:54:00,12:57:00,14:04:00,10,MEDIUM
TRN-12013,Synthetic Corridor Passenger 13,PASSENGER,SEC-NDLS-RE,2025-03-20,09:54:00,10:56:00,10:01:00,11:04:00,8,MEDIUM
TRN-12013,Synthetic Corridor Passenger 13,PASSENGER,SEC-RE-AWR,2025-03-20,11:05:00,12:04:00,11:13:00,12:12:00,8,MEDIUM
TRN-12013,Synthetic Corridor Passenger 13,PASSENGER,SEC-AWR-BKI,2025-03-20,12:13:00,13:06:00,12:21:00,13:17:00,11,MEDIUM
TRN-12013,Synthetic Corridor Passenger 13,PASSENGER,SEC-BKI-JP,2025-03-20,13:15:00,14:21:00,13:26:00,14:32:00,11,MEDIUM
TRN-12014,Synthetic Corridor Passenger 14,PASSENGER,SEC-NDLS-RE,2025-03-20,10:21:00,11:23:00,10:23:00,11:26:00,3,MEDIUM
TRN-12014,Synthetic Corridor Passenger 14,PASSENGER,SEC-RE-AWR,2025-03-20,11:32:00,12:31:00,11:35:00,12:35:00,4,MEDIUM
TRN-12014,Synthetic Corridor Passenger 14,PASSENGER,SEC-AWR-BKI,2025-03-20,12:40:00,13:33:00,12:44:00,13:37:00,4,MEDIUM
TRN-12014,Synthetic Corridor Passenger 14,PASSENGER,SEC-BKI-JP,2025-03-20,13:42:00,14:48:00,13:47:00,14:53:00,5,MEDIUM
TRN-12015,Synthetic Corridor Passenger 15,PASSENGER,SEC-NDLS-RE,2025-03-20,10:48:00,11:50:00,10:50:00,11:53:00,3,MEDIUM
TRN-12015,Synthetic Corridor Passenger 15,PASSENGER,SEC-RE-AWR,2025-03-20,11:59:00,12:58:00,12:03:00,13:03:00,5,MEDIUM
TRN-12015,Synthetic Corridor Passenger 15,PASSENGER,SEC-AWR-BKI,2025-03-20,13:07:00,14:00:00,13:12:00,14:05:00,5,MEDIUM
TRN-12015,Synthetic Corridor Passenger 15,PASSENGER,SEC-BKI-JP,2025-03-20,14:09:00,15:15:00,14:14:00,15:20:00,5,MEDIUM
TRN-12016,Synthetic Corridor Passenger 16,PASSENGER,SEC-NDLS-RE,2025-03-20,11:15:00,12:17:00,11:16:00,12:18:00,1,MEDIUM
TRN-12016,Synthetic Corridor Passenger 16,PASSENGER,SEC-RE-AWR,2025-03-20,12:26:00,13:25:00,12:27:00,13:26:00,1,MEDIUM
TRN-12016,Synthetic Corridor Passenger 16,PASSENGER,SEC-AWR-BKI,2025-03-20,13:34:00,14:27:00,13:35:00,14:28:00,1,MEDIUM
TRN-12016,Synthetic Corridor Passenger 16,PASSENGER,SEC-BKI-JP,2025-03-20,14:36:00,15:42:00,14:37:00,15:43:00,1,MEDIUM
TRN-12017,Synthetic Corridor Passenger 17,PASSENGER,SEC-NDLS-RE,2025-03-20,11:42:00,12:44:00,11:47:00,12:49:00,5,MEDIUM
TRN-12017,Synthetic Corridor Passenger 17,PASSENGER,SEC-RE-AWR,2025-03-20,12:53:00,13:52:00,13:00:00,14:00:00,8,MEDIUM
TRN-12017,Synthetic Corridor Passenger 17,PASSENGER,SEC-AWR-BKI,2025-03-20,14:01:00,14:54:00,14:09:00,15:02:00,8,MEDIUM
TRN-12017,Synthetic Corridor Passenger 17,PASSENGER,SEC-BKI-JP,2025-03-20,15:03:00,16:09:00,15:11:00,16:20:00,11,MEDIUM
TRN-12018,Synthetic Corridor Passenger 18,PASSENGER,SEC-NDLS-RE,2025-03-20,12:09:00,13:11:00,12:11:00,13:14:00,3,MEDIUM
TRN-12018,Synthetic Corridor Passenger 18,PASSENGER,SEC-RE-AWR,2025-03-20,13:20:00,14:19:00,13:24:00,14:23:00,4,MEDIUM
TRN-12018,Synthetic Corridor Passenger 18,PASSENGER,SEC-AWR-BKI,2025-03-20,14:28:00,15:21:00,14:32:00,15:25:00,4,MEDIUM
TRN-12018,Synthetic Corridor Passenger 18,PASSENGER,SEC-BKI-JP,2025-03-20,15:30:00,16:36:00,15:34:00,16:41:00,5,MEDIUM
TRN-12020,Synthetic Corridor Freight 20,FREIGHT,SEC-NDLS-RE,2025-03-20,13:03:00,14:25:00,13:05:00,14:27:00,2,LOW
TRN-12020,Synthetic Corridor Freight 20,FREIGHT,SEC-RE-AWR,2025-03-20,14:37:00,15:55:00,14:40:00,15:59:00,4,LOW
TRN-12020,Synthetic Corridor Freight 20,FREIGHT,SEC-AWR-BKI,2025-03-20,16:07:00,17:18:00,16:11:00,17:22:00,4,LOW
TRN-12020,Synthetic Corridor Freight 20,FREIGHT,SEC-BKI-JP,2025-03-20,17:30:00,18:58:00,17:34:00,19:02:00,4,LOW
TRN-12021,Synthetic Corridor Freight 21,FREIGHT,SEC-NDLS-RE,2025-03-20,13:30:00,14:52:00,13:30:00,14:53:00,1,LOW
TRN-12021,Synthetic Corridor Freight 21,FREIGHT,SEC-RE-AWR,2025-03-20,15:04:00,16:22:00,15:05:00,16:24:00,2,LOW
TRN-12021,Synthetic Corridor Freight 21,FREIGHT,SEC-AWR-BKI,2025-03-20,16:34:00,17:45:00,16:36:00,17:48:00,3,LOW
TRN-12021,Synthetic Corridor Freight 21,FREIGHT,SEC-BKI-JP,2025-03-20,17:57:00,19:25:00,18:00:00,19:28:00,3,LOW
TRN-12022,Synthetic Corridor Freight 22,FREIGHT,SEC-NDLS-RE,2025-03-20,13:57:00,15:19:00,13:57:00,15:20:00,1,LOW
TRN-12022,Synthetic Corridor Freight 22,FREIGHT,SEC-RE-AWR,2025-03-20,15:31:00,16:49:00,15:32:00,16:50:00,1,LOW
TRN-12022,Synthetic Corridor Freight 22,FREIGHT,SEC-AWR-BKI,2025-03-20,17:01:00,18:12:00,17:02:00,18:13:00,1,LOW
TRN-12022,Synthetic Corridor Freight 22,FREIGHT,SEC-BKI-JP,2025-03-20,18:24:00,19:52:00,18:26:00,19:54:00,2,LOW
TRN-12024,Synthetic Corridor Freight 24,FREIGHT,SEC-NDLS-RE,2025-03-20,14:51:00,16:13:00,14:53:00,16:15:00,2,LOW
TRN-12024,Synthetic Corridor Freight 24,FREIGHT,SEC-RE-AWR,2025-03-20,16:25:00,17:43:00,16:27:00,17:46:00,3,LOW
TRN-12024,Synthetic Corridor Freight 24,FREIGHT,SEC-AWR-BKI,2025-03-20,17:55:00,19:06:00,18:00:00,19:13:00,7,LOW
TRN-12024,Synthetic Corridor Freight 24,FREIGHT,SEC-BKI-JP,2025-03-20,19:18:00,20:46:00,19:25:00,20:54:00,8,LOW
TRN-12001,Synthetic Corridor Express 01,EXPRESS,SEC-NDLS-RE,2025-03-21,04:30:00,05:22:00,04:33:00,05:25:00,3,HIGH
TRN-12001,Synthetic Corridor Express 01,EXPRESS,SEC-RE-AWR,2025-03-21,05:28:00,06:18:00,05:31:00,06:22:00,4,HIGH
TRN-12001,Synthetic Corridor Express 01,EXPRESS,SEC-AWR-BKI,2025-03-21,06:24:00,07:09:00,06:28:00,07:13:00,4,HIGH
TRN-12001,Synthetic Corridor Express 01,EXPRESS,SEC-BKI-JP,2025-03-21,07:15:00,08:10:00,07:19:00,08:14:00,4,HIGH
TRN-12002,Synthetic Corridor Express 02,EXPRESS,SEC-NDLS-RE,2025-03-21,04:57:00,05:49:00,04:58:00,05:51:00,2,HIGH
TRN-12002,Synthetic Corridor Express 02,EXPRESS,SEC-RE-AWR,2025-03-21,05:55:00,06:45:00,05:57:00,06:48:00,3,HIGH
TRN-12002,Synthetic Corridor Express 02,EXPRESS,SEC-AWR-BKI,2025-03-21,06:51:00,07:36:00,06:54:00,07:40:00,4,HIGH
TRN-12002,Synthetic Corridor Express 02,EXPRESS,SEC-BKI-JP,2025-03-21,07:42:00,08:37:00,07:46:00,08:41:00,4,HIGH
TRN-12003,Synthetic Corridor Express 03,EXPRESS,SEC-NDLS-RE,2025-03-21,05:24:00,06:16:00,05:26:00,06:18:00,2,HIGH
TRN-12003,Synthetic Corridor Express 03,EXPRESS,SEC-RE-AWR,2025-03-21,06:22:00,07:12:00,06:24:00,07:14:00,2,HIGH
TRN-12003,Synthetic Corridor Express 03,EXPRESS,SEC-AWR-BKI,2025-03-21,07:18:00,08:03:00,07:20:00,08:05:00,2,HIGH
TRN-12003,Synthetic Corridor Express 03,EXPRESS,SEC-BKI-JP,2025-03-21,08:09:00,09:04:00,08:11:00,09:07:00,3,HIGH
TRN-12005,Synthetic Corridor Express 05,EXPRESS,SEC-NDLS-RE,2025-03-21,06:18:00,07:10:00,06:20:00,07:12:00,2,HIGH
TRN-12005,Synthetic Corridor Express 05,EXPRESS,SEC-RE-AWR,2025-03-21,07:16:00,08:06:00,07:18:00,08:09:00,3,HIGH
TRN-12005,Synthetic Corridor Express 05,EXPRESS,SEC-AWR-BKI,2025-03-21,08:12:00,08:57:00,08:15:00,09:00:00,3,HIGH
TRN-12005,Synthetic Corridor Express 05,EXPRESS,SEC-BKI-JP,2025-03-21,09:03:00,09:58:00,09:07:00,10:03:00,5,HIGH
TRN-12006,Synthetic Corridor Express 06,EXPRESS,SEC-NDLS-RE,2025-03-21,06:45:00,07:37:00,06:52:00,07:44:00,7,HIGH
TRN-12006,Synthetic Corridor Express 06,EXPRESS,SEC-RE-AWR,2025-03-21,07:43:00,08:33:00,07:50:00,08:41:00,8,HIGH
TRN-12006,Synthetic Corridor Express 06,EXPRESS,SEC-AWR-BKI,2025-03-21,08:39:00,09:24:00,08:47:00,09:34:00,10,HIGH
TRN-12006,Synthetic Corridor Express 06,EXPRESS,SEC-BKI-JP,2025-03-21,09:30:00,10:25:00,09:40:00,10:36:00,11,HIGH
TRN-12007,Synthetic Corridor Express 07,EXPRESS,SEC-NDLS-RE,2025-03-21,07:12:00,08:04:00,07:17:00,08:11:00,7,HIGH
TRN-12007,Synthetic Corridor Express 07,EXPRESS,SEC-RE-AWR,2025-03-21,08:10:00,09:00:00,08:18:00,09:08:00,8,HIGH
TRN-12007,Synthetic Corridor Express 07,EXPRESS,SEC-AWR-BKI,2025-03-21,09:06:00,09:51:00,09:15:00,10:00:00,9,HIGH
TRN-12007,Synthetic Corridor Express 07,EXPRESS,SEC-BKI-JP,2025-03-21,09:57:00,10:52:00,10:07:00,11:02:00,10,HIGH
TRN-12009,Synthetic Corridor Express 09,EXPRESS,SEC-NDLS-RE,2025-03-21,08:06:00,08:58:00,08:11:00,09:03:00,5,HIGH
TRN-12009,Synthetic Corridor Express 09,EXPRESS,SEC-RE-AWR,2025-03-21,09:04:00,09:54:00,09:10:00,10:02:00,8,HIGH
TRN-12009,Synthetic Corridor Express 09,EXPRESS,SEC-AWR-BKI,2025-03-21,10:00:00,10:45:00,10:08:00,10:53:00,8,HIGH
TRN-12009,Synthetic Corridor Express 09,EXPRESS,SEC-BKI-JP,2025-03-21,10:51:00,11:46:00,11:00:00,11:55:00,9,HIGH
TRN-12010,Synthetic Corridor Express 10,EXPRESS,SEC-NDLS-RE,2025-03-21,08:33:00,09:25:00,08:36:00,09:28:00,3,HIGH
TRN-12010,Synthetic Corridor Express 10,EXPRESS,SEC-RE-AWR,2025-03-21,09:31:00,10:21:00,09:36:00,10:27:00,6,HIGH
TRN-12010,Synthetic Corridor Express 10,EXPRESS,SEC-AWR-BKI,2025-03-21,10:27:00,11:12:00,10:34:00,11:19:00,7,HIGH
TRN-12010,Synthetic Corridor Express 10,EXPRESS,SEC-BKI-JP,2025-03-21,11:18:00,12:13:00,11:25:00,12:20:00,7,HIGH
TRN-12011,Synthetic Corridor Passenger 11,PASSENGER,SEC-NDLS-RE,2025-03-21,09:00:00,10:02:00,09:06:00,10:11:00,9,MEDIUM
TRN-12011,Synthetic Corridor Passenger 11,PASSENGER,SEC-RE-AWR,2025-03-21,10:11:00,11:10:00,10:20:00,11:19:00,9,MEDIUM
TRN-12011,Synthetic Corridor Passenger 11,PASSENGER,SEC-AWR-BKI,2025-03-21,11:19:00,12:12:00,11:29:00,12:23:00,11,MEDIUM
TRN-12011,Synthetic Corridor Passenger 11,PASSENGER,SEC-BKI-JP,2025-03-21,12:21:00,13:27:00,12:32:00,13:38:00,11,MEDIUM
TRN-12012,Synthetic Corridor Passenger 12,PASSENGER,SEC-NDLS-RE,2025-03-21,09:27:00,10:29:00,09:36:00,10:38:00,9,MEDIUM
TRN-12012,Synthetic Corridor Passenger 12,PASSENGER,SEC-RE-AWR,2025-03-21,10:38:00,11:37:00,10:48:00,11:47:00,10,MEDIUM
TRN-12012,Synthetic Corridor Passenger 12,PASSENGER,SEC-AWR-BKI,2025-03-21,11:46:00,12:39:00,11:56:00,12:49:00,10,MEDIUM
TRN-12012,Synthetic Corridor Passenger 12,PASSENGER,SEC-BKI-JP,2025-03-21,12:48:00,13:54:00,12:58:00,14:04:00,10,MEDIUM
TRN-12013,Synthetic Corridor Passenger 13,PASSENGER,SEC-NDLS-RE,2025-03-21,09:54:00,10:56:00,10:04:00,11:08:00,12,MEDIUM
TRN-12013,Synthetic Corridor Passenger 13,PASSENGER,SEC-RE-AWR,2025-03-21,11:05:00,12:04:00,11:17:00,12:17:00,13,MEDIUM
TRN-12013,Synthetic Corridor Passenger 13,PASSENGER,SEC-AWR-BKI,2025-03-21,12:13:00,13:06:00,12:27:00,13:20:00,14,MEDIUM
TRN-12013,Synthetic Corridor Passenger 13,PASSENGER,SEC-BKI-JP,2025-03-21,13:15:00,14:21:00,13:29:00,14:36:00,15,MEDIUM
TRN-12014,Synthetic Corridor Passenger 14,PASSENGER,SEC-NDLS-RE,2025-03-21,10:21:00,11:23:00,10:25:00,11:29:00,6,MEDIUM
TRN-12014,Synthetic Corridor Passenger 14,PASSENGER,SEC-RE-AWR,2025-03-21,11:32:00,12:31:00,11:38:00,12:37:00,6,MEDIUM
TRN-12014,Synthetic Corridor Passenger 14,PASSENGER,SEC-AWR-BKI,2025-03-21,12:40:00,13:33:00,12:46:00,13:40:00,7,MEDIUM
TRN-12014,Synthetic Corridor Passenger 14,PASSENGER,SEC-BKI-JP,2025-03-21,13:42:00,14:48:00,13:49:00,14:56:00,8,MEDIUM
TRN-12015,Synthetic Corridor Passenger 15,PASSENGER,SEC-NDLS-RE,2025-03-21,10:48:00,11:50:00,10:51:00,11:55:00,5,MEDIUM
TRN-12015,Synthetic Corridor Passenger 15,PASSENGER,SEC-RE-AWR,2025-03-21,11:59:00,12:58:00,12:04:00,13:05:00,7,MEDIUM
TRN-12015,Synthetic Corridor Passenger 15,PASSENGER,SEC-AWR-BKI,2025-03-21,13:07:00,14:00:00,13:14:00,14:07:00,7,MEDIUM
TRN-12015,Synthetic Corridor Passenger 15,PASSENGER,SEC-BKI-JP,2025-03-21,14:09:00,15:15:00,14:16:00,15:22:00,7,MEDIUM
TRN-12016,Synthetic Corridor Passenger 16,PASSENGER,SEC-NDLS-RE,2025-03-21,11:15:00,12:17:00,11:19:00,12:22:00,5,MEDIUM
TRN-12016,Synthetic Corridor Passenger 16,PASSENGER,SEC-RE-AWR,2025-03-21,12:26:00,13:25:00,12:31:00,13:30:00,5,MEDIUM
TRN-12016,Synthetic Corridor Passenger 16,PASSENGER,SEC-AWR-BKI,2025-03-21,13:34:00,14:27:00,13:39:00,14:34:00,7,MEDIUM
TRN-12016,Synthetic Corridor Passenger 16,PASSENGER,SEC-BKI-JP,2025-03-21,14:36:00,15:42:00,14:44:00,15:50:00,8,MEDIUM
TRN-12017,Synthetic Corridor Passenger 17,PASSENGER,SEC-NDLS-RE,2025-03-21,11:42:00,12:44:00,11:44:00,12:46:00,2,MEDIUM
TRN-12017,Synthetic Corridor Passenger 17,PASSENGER,SEC-RE-AWR,2025-03-21,12:53:00,13:52:00,12:56:00,13:55:00,3,MEDIUM
TRN-12017,Synthetic Corridor Passenger 17,PASSENGER,SEC-AWR-BKI,2025-03-21,14:01:00,14:54:00,14:04:00,14:57:00,3,MEDIUM
TRN-12017,Synthetic Corridor Passenger 17,PASSENGER,SEC-BKI-JP,2025-03-21,15:03:00,16:09:00,15:06:00,16:12:00,3,MEDIUM
TRN-12018,Synthetic Corridor Passenger 18,PASSENGER,SEC-NDLS-RE,2025-03-21,12:09:00,13:11:00,12:14:00,13:17:00,6,MEDIUM
TRN-12018,Synthetic Corridor Passenger 18,PASSENGER,SEC-RE-AWR,2025-03-21,13:20:00,14:19:00,13:26:00,14:25:00,6,MEDIUM
TRN-12018,Synthetic Corridor Passenger 18,PASSENGER,SEC-AWR-BKI,2025-03-21,14:28:00,15:21:00,14:34:00,15:28:00,7,MEDIUM
TRN-12018,Synthetic Corridor Passenger 18,PASSENGER,SEC-BKI-JP,2025-03-21,15:30:00,16:36:00,15:37:00,16:43:00,7,MEDIUM
TRN-12019,Synthetic Corridor Freight 19,FREIGHT,SEC-NDLS-RE,2025-03-21,12:36:00,13:58:00,12:41:00,14:04:00,6,LOW
TRN-12019,Synthetic Corridor Freight 19,FREIGHT,SEC-RE-AWR,2025-03-21,14:10:00,15:28:00,14:16:00,15:37:00,9,LOW
TRN-12019,Synthetic Corridor Freight 19,FREIGHT,SEC-AWR-BKI,2025-03-21,15:40:00,16:51:00,15:50:00,17:01:00,10,LOW
TRN-12019,Synthetic Corridor Freight 19,FREIGHT,SEC-BKI-JP,2025-03-21,17:03:00,18:31:00,17:13:00,18:41:00,10,LOW
TRN-12021,Synthetic Corridor Freight 21,FREIGHT,SEC-NDLS-RE,2025-03-21,13:30:00,14:52:00,13:33:00,14:56:00,4,LOW
TRN-12021,Synthetic Corridor Freight 21,FREIGHT,SEC-RE-AWR,2025-03-21,15:04:00,16:22:00,15:08:00,16:26:00,4,LOW
TRN-12021,Synthetic Corridor Freight 21,FREIGHT,SEC-AWR-BKI,2025-03-21,16:34:00,17:45:00,16:38:00,17:52:00,7,LOW
TRN-12021,Synthetic Corridor Freight 21,FREIGHT,SEC-BKI-JP,2025-03-21,17:57:00,19:25:00,18:04:00,19:35:00,10,LOW
TRN-12022,Synthetic Corridor Freight 22,FREIGHT,SEC-NDLS-RE,2025-03-21,13:57:00,15:19:00,13:58:00,15:20:00,1,LOW
TRN-12022,Synthetic Corridor Freight 22,FREIGHT,SEC-RE-AWR,2025-03-21,15:31:00,16:49:00,15:32:00,16:51:00,2,LOW
TRN-12022,Synthetic Corridor Freight 22,FREIGHT,SEC-AWR-BKI,2025-03-21,17:01:00,18:12:00,17:03:00,18:16:00,4,LOW
TRN-12022,Synthetic Corridor Freight 22,FREIGHT,SEC-BKI-JP,2025-03-21,18:24:00,19:52:00,18:28:00,19:59:00,7,LOW
TRN-12023,Synthetic Corridor Freight 23,FREIGHT,SEC-NDLS-RE,2025-03-21,14:24:00,15:46:00,14:27:00,15:51:00,5,LOW
TRN-12023,Synthetic Corridor Freight 23,FREIGHT,SEC-RE-AWR,2025-03-21,15:58:00,17:16:00,16:03:00,17:22:00,6,LOW
TRN-12023,Synthetic Corridor Freight 23,FREIGHT,SEC-AWR-BKI,2025-03-21,17:28:00,18:39:00,17:34:00,18:45:00,6,LOW
TRN-12023,Synthetic Corridor Freight 23,FREIGHT,SEC-BKI-JP,2025-03-21,18:51:00,20:19:00,18:58:00,20:27:00,8,LOW
TRN-12001,Synthetic Corridor Express 01,EXPRESS,SEC-NDLS-RE,2025-03-22,04:30:00,05:22:00,04:35:00,05:27:00,5,HIGH
TRN-12001,Synthetic Corridor Express 01,EXPRESS,SEC-RE-AWR,2025-03-22,05:28:00,06:18:00,05:33:00,06:23:00,5,HIGH
TRN-12001,Synthetic Corridor Express 01,EXPRESS,SEC-AWR-BKI,2025-03-22,06:24:00,07:09:00,06:29:00,07:14:00,5,HIGH
TRN-12001,Synthetic Corridor Express 01,EXPRESS,SEC-BKI-JP,2025-03-22,07:15:00,08:10:00,07:20:00,08:15:00,5,HIGH
TRN-12004,Synthetic Corridor Express 04,EXPRESS,SEC-NDLS-RE,2025-03-22,05:51:00,06:43:00,05:53:00,06:46:00,3,HIGH
TRN-12004,Synthetic Corridor Express 04,EXPRESS,SEC-RE-AWR,2025-03-22,06:49:00,07:39:00,06:52:00,07:42:00,3,HIGH
TRN-12004,Synthetic Corridor Express 04,EXPRESS,SEC-AWR-BKI,2025-03-22,07:45:00,08:30:00,07:48:00,08:34:00,4,HIGH
TRN-12004,Synthetic Corridor Express 04,EXPRESS,SEC-BKI-JP,2025-03-22,08:36:00,09:31:00,08:41:00,09:36:00,5,HIGH
TRN-12005,Synthetic Corridor Express 05,EXPRESS,SEC-NDLS-RE,2025-03-22,06:18:00,07:10:00,06:20:00,07:12:00,2,HIGH
TRN-12005,Synthetic Corridor Express 05,EXPRESS,SEC-RE-AWR,2025-03-22,07:16:00,08:06:00,07:18:00,08:09:00,3,HIGH
TRN-12005,Synthetic Corridor Express 05,EXPRESS,SEC-AWR-BKI,2025-03-22,08:12:00,08:57:00,08:15:00,09:00:00,3,HIGH
TRN-12005,Synthetic Corridor Express 05,EXPRESS,SEC-BKI-JP,2025-03-22,09:03:00,09:58:00,09:06:00,10:01:00,3,HIGH
TRN-12008,Synthetic Corridor Express 08,EXPRESS,SEC-NDLS-RE,2025-03-22,07:39:00,08:31:00,07:44:00,08:37:00,6,HIGH
TRN-12008,Synthetic Corridor Express 08,EXPRESS,SEC-RE-AWR,2025-03-22,08:37:00,09:27:00,08:43:00,09:34:00,7,HIGH
TRN-12008,Synthetic Corridor Express 08,EXPRESS,SEC-AWR-BKI,2025-03-22,09:33:00,10:18:00,09:42:00,10:27:00,9,HIGH
TRN-12008,Synthetic Corridor Express 08,EXPRESS,SEC-BKI-JP,2025-03-22,10:24:00,11:19:00,10:35:00,11:31:00,12,HIGH
TRN-12009,Synthetic Corridor Express 09,EXPRESS,SEC-NDLS-RE,2025-03-22,08:06:00,08:58:00,08:10:00,09:05:00,7,HIGH
TRN-12009,Synthetic Corridor Express 09,EXPRESS,SEC-RE-AWR,2025-03-22,09:04:00,09:54:00,09:11:00,10:01:00,7,HIGH
TRN-12009,Synthetic Corridor Express 09,EXPRESS,SEC-AWR-BKI,2025-03-22,10:00:00,10:45:00,10:07:00,10:52:00,7,HIGH
TRN-12009,Synthetic Corridor Express 09,EXPRESS,SEC-BKI-JP,2025-03-22,10:51:00,11:46:00,10:58:00,11:53:00,7,HIGH
TRN-12011,Synthetic Corridor Passenger 11,PASSENGER,SEC-NDLS-RE,2025-03-22,09:00:00,10:02:00,09:07:00,10:10:00,8,MEDIUM
TRN-12011,Synthetic Corridor Passenger 11,PASSENGER,SEC-RE-AWR,2025-03-22,10:11:00,11:10:00,10:20:00,11:19:00,9,MEDIUM
TRN-12011,Synthetic Corridor Passenger 11,PASSENGER,SEC-AWR-BKI,2025-03-22,11:19:00,12:12:00,11:29:00,12:22:00,10,MEDIUM
TRN-12011,Synthetic Corridor Passenger 11,PASSENGER,SEC-BKI-JP,2025-03-22,12:21:00,13:27:00,12:32:00,13:38:00,11,MEDIUM
TRN-12012,Synthetic Corridor Passenger 12,PASSENGER,SEC-NDLS-RE,2025-03-22,09:27:00,10:29:00,09:29:00,10:33:00,4,MEDIUM
TRN-12012,Synthetic Corridor Passenger 12,PASSENGER,SEC-RE-AWR,2025-03-22,10:38:00,11:37:00,10:42:00,11:41:00,4,MEDIUM
TRN-12012,Synthetic Corridor Passenger 12,PASSENGER,SEC-AWR-BKI,2025-03-22,11:46:00,12:39:00,11:51:00,12:46:00,7,MEDIUM
TRN-12012,Synthetic Corridor Passenger 12,PASSENGER,SEC-BKI-JP,2025-03-22,12:48:00,13:54:00,12:56:00,14:03:00,9,MEDIUM
TRN-12013,Synthetic Corridor Passenger 13,PASSENGER,SEC-NDLS-RE,2025-03-22,09:54:00,10:56:00,10:00:00,11:02:00,6,MEDIUM
TRN-12013,Synthetic Corridor Passenger 13,PASSENGER,SEC-RE-AWR,2025-03-22,11:05:00,12:04:00,11:11:00,12:10:00,6,MEDIUM
TRN-12013,Synthetic Corridor Passenger 13,PASSENGER,SEC-AWR-BKI,2025-03-22,12:13:00,13:06:00,12:19:00,13:12:00,6,MEDIUM
TRN-12013,Synthetic Corridor Passenger 13,PASSENGER,SEC-BKI-JP,2025-03-22,13:15:00,14:21:00,13:21:00,14:27:00,6,MEDIUM
TRN-12014,Synthetic Corridor Passenger 14,PASSENGER,SEC-NDLS-RE,2025-03-22,10:21:00,11:23:00,10:22:00,11:24:00,1,MEDIUM
TRN-12014,Synthetic Corridor Passenger 14,PASSENGER,SEC-RE-AWR,2025-03-22,11:32:00,12:31:00,11:33:00,12:32:00,1,MEDIUM
TRN-12014,Synthetic Corridor Passenger 14,PASSENGER,SEC-AWR-BKI,2025-03-22,12:40:00,13:33:00,12:41:00,13:34:00,1,MEDIUM
TRN-12014,Synthetic Corridor Passenger 14,PASSENGER,SEC-BKI-JP,2025-03-22,13:42:00,14:48:00,13:43:00,14:49:00,1,MEDIUM
TRN-12015,Synthetic Corridor Passenger 15,PASSENGER,SEC-NDLS-RE,2025-03-22,10:48:00,11:50:00,10:49:00,11:51:00,1,MEDIUM
TRN-12015,Synthetic Corridor Passenger 15,PASSENGER,SEC-RE-AWR,2025-03-22,11:59:00,12:58:00,12:00:00,13:00:00,2,MEDIUM
TRN-12015,Synthetic Corridor Passenger 15,PASSENGER,SEC-AWR-BKI,2025-03-22,13:07:00,14:00:00,13:09:00,14:02:00,2,MEDIUM
TRN-12015,Synthetic Corridor Passenger 15,PASSENGER,SEC-BKI-JP,2025-03-22,14:09:00,15:15:00,14:12:00,15:18:00,3,MEDIUM
TRN-12016,Synthetic Corridor Passenger 16,PASSENGER,SEC-NDLS-RE,2025-03-22,11:15:00,12:17:00,11:18:00,12:20:00,3,MEDIUM
TRN-12016,Synthetic Corridor Passenger 16,PASSENGER,SEC-RE-AWR,2025-03-22,12:26:00,13:25:00,12:29:00,13:28:00,3,MEDIUM
TRN-12016,Synthetic Corridor Passenger 16,PASSENGER,SEC-AWR-BKI,2025-03-22,13:34:00,14:27:00,13:37:00,14:30:00,3,MEDIUM
TRN-12016,Synthetic Corridor Passenger 16,PASSENGER,SEC-BKI-JP,2025-03-22,14:36:00,15:42:00,14:39:00,15:45:00,3,MEDIUM
TRN-12017,Synthetic Corridor Passenger 17,PASSENGER,SEC-NDLS-RE,2025-03-22,11:42:00,12:44:00,11:45:00,12:47:00,3,MEDIUM
TRN-12017,Synthetic Corridor Passenger 17,PASSENGER,SEC-RE-AWR,2025-03-22,12:53:00,13:52:00,12:57:00,13:56:00,4,MEDIUM
TRN-12017,Synthetic Corridor Passenger 17,PASSENGER,SEC-AWR-BKI,2025-03-22,14:01:00,14:54:00,14:05:00,14:58:00,4,MEDIUM
TRN-12017,Synthetic Corridor Passenger 17,PASSENGER,SEC-BKI-JP,2025-03-22,15:03:00,16:09:00,15:07:00,16:13:00,4,MEDIUM
TRN-12018,Synthetic Corridor Passenger 18,PASSENGER,SEC-NDLS-RE,2025-03-22,12:09:00,13:11:00,12:13:00,13:17:00,6,MEDIUM
TRN-12018,Synthetic Corridor Passenger 18,PASSENGER,SEC-RE-AWR,2025-03-22,13:20:00,14:19:00,13:26:00,14:26:00,7,MEDIUM
TRN-12018,Synthetic Corridor Passenger 18,PASSENGER,SEC-AWR-BKI,2025-03-22,14:28:00,15:21:00,14:35:00,15:28:00,7,MEDIUM
TRN-12018,Synthetic Corridor Passenger 18,PASSENGER,SEC-BKI-JP,2025-03-22,15:30:00,16:36:00,15:37:00,16:43:00,7,MEDIUM
TRN-12020,Synthetic Corridor Freight 20,FREIGHT,SEC-NDLS-RE,2025-03-22,13:03:00,14:25:00,13:07:00,14:29:00,4,LOW
TRN-12020,Synthetic Corridor Freight 20,FREIGHT,SEC-RE-AWR,2025-03-22,14:37:00,15:55:00,14:41:00,16:00:00,5,LOW
TRN-12020,Synthetic Corridor Freight 20,FREIGHT,SEC-AWR-BKI,2025-03-22,16:07:00,17:18:00,16:12:00,17:23:00,5,LOW
TRN-12020,Synthetic Corridor Freight 20,FREIGHT,SEC-BKI-JP,2025-03-22,17:30:00,18:58:00,17:36:00,19:04:00,6,LOW
TRN-12021,Synthetic Corridor Freight 21,FREIGHT,SEC-NDLS-RE,2025-03-22,13:30:00,14:52:00,13:32:00,14:55:00,3,LOW
TRN-12021,Synthetic Corridor Freight 21,FREIGHT,SEC-RE-AWR,2025-03-22,15:04:00,16:22:00,15:07:00,16:25:00,3,LOW
TRN-12021,Synthetic Corridor Freight 21,FREIGHT,SEC-AWR-BKI,2025-03-22,16:34:00,17:45:00,16:37:00,17:52:00,7,LOW
TRN-12021,Synthetic Corridor Freight 21,FREIGHT,SEC-BKI-JP,2025-03-22,17:57:00,19:25:00,18:04:00,19:33:00,8,LOW
TRN-12024,Synthetic Corridor Freight 24,FREIGHT,SEC-NDLS-RE,2025-03-22,14:51:00,16:13:00,14:55:00,16:18:00,5,LOW
TRN-12024,Synthetic Corridor Freight 24,FREIGHT,SEC-RE-AWR,2025-03-22,16:25:00,17:43:00,16:30:00,17:49:00,6,LOW
TRN-12024,Synthetic Corridor Freight 24,FREIGHT,SEC-AWR-BKI,2025-03-22,17:55:00,19:06:00,18:01:00,19:12:00,6,LOW
TRN-12024,Synthetic Corridor Freight 24,FREIGHT,SEC-BKI-JP,2025-03-22,19:18:00,20:46:00,19:24:00,20:52:00,6,LOW
TRN-12001,Synthetic Corridor Express 01,EXPRESS,SEC-NDLS-RE,2025-03-23,04:30:00,05:22:00,04:30:00,05:22:00,0,HIGH
TRN-12001,Synthetic Corridor Express 01,EXPRESS,SEC-RE-AWR,2025-03-23,05:28:00,06:18:00,05:28:00,06:19:00,1,HIGH
TRN-12001,Synthetic Corridor Express 01,EXPRESS,SEC-AWR-BKI,2025-03-23,06:24:00,07:09:00,06:26:00,07:12:00,3,HIGH
TRN-12001,Synthetic Corridor Express 01,EXPRESS,SEC-BKI-JP,2025-03-23,07:15:00,08:10:00,07:18:00,08:13:00,3,HIGH
TRN-12003,Synthetic Corridor Express 03,EXPRESS,SEC-NDLS-RE,2025-03-23,05:24:00,06:16:00,05:24:00,06:16:00,0,HIGH
TRN-12003,Synthetic Corridor Express 03,EXPRESS,SEC-RE-AWR,2025-03-23,06:22:00,07:12:00,06:22:00,07:13:00,1,HIGH
TRN-12003,Synthetic Corridor Express 03,EXPRESS,SEC-AWR-BKI,2025-03-23,07:18:00,08:03:00,07:19:00,08:04:00,1,HIGH
TRN-12003,Synthetic Corridor Express 03,EXPRESS,SEC-BKI-JP,2025-03-23,08:09:00,09:04:00,08:10:00,09:06:00,2,HIGH
TRN-12005,Synthetic Corridor Express 05,EXPRESS,SEC-NDLS-RE,2025-03-23,06:18:00,07:10:00,06:19:00,07:11:00,1,HIGH
TRN-12005,Synthetic Corridor Express 05,EXPRESS,SEC-RE-AWR,2025-03-23,07:16:00,08:06:00,07:17:00,08:08:00,2,HIGH
TRN-12005,Synthetic Corridor Express 05,EXPRESS,SEC-AWR-BKI,2025-03-23,08:12:00,08:57:00,08:14:00,09:01:00,4,HIGH
TRN-12005,Synthetic Corridor Express 05,EXPRESS,SEC-BKI-JP,2025-03-23,09:03:00,09:58:00,09:09:00,10:05:00,7,HIGH
TRN-12007,Synthetic Corridor Express 07,EXPRESS,SEC-NDLS-RE,2025-03-23,07:12:00,08:04:00,07:14:00,08:07:00,3,HIGH
TRN-12007,Synthetic Corridor Express 07,EXPRESS,SEC-RE-AWR,2025-03-23,08:10:00,09:00:00,08:13:00,09:03:00,3,HIGH
TRN-12007,Synthetic Corridor Express 07,EXPRESS,SEC-AWR-BKI,2025-03-23,09:06:00,09:51:00,09:10:00,09:55:00,4,HIGH
TRN-12007,Synthetic Corridor Express 07,EXPRESS,SEC-BKI-JP,2025-03-23,09:57:00,10:52:00,10:01:00,10:56:00,4,HIGH
TRN-12009,Synthetic Corridor Express 09,EXPRESS,SEC-NDLS-RE,2025-03-23,08:06:00,08:58:00,08:12:00,09:05:00,7,HIGH
TRN-12009,Synthetic Corridor Express 09,EXPRESS,SEC-RE-AWR,2025-03-23,09:04:00,09:54:00,09:12:00,10:03:00,9,HIGH
TRN-12009,Synthetic Corridor Express 09,EXPRESS,SEC-AWR-BKI,2025-03-23,10:00:00,10:45:00,10:09:00,10:54:00,9,HIGH
TRN-12009,Synthetic Corridor Express 09,EXPRESS,SEC-BKI-JP,2025-03-23,10:51:00,11:46:00,11:00:00,11:56:00,10,HIGH
TRN-12011,Synthetic Corridor Passenger 11,PASSENGER,SEC-NDLS-RE,2025-03-23,09:00:00,10:02:00,09:05:00,10:08:00,6,MEDIUM
TRN-12011,Synthetic Corridor Passenger 11,PASSENGER,SEC-RE-AWR,2025-03-23,10:11:00,11:10:00,10:17:00,11:17:00,7,MEDIUM
TRN-12011,Synthetic Corridor Passenger 11,PASSENGER,SEC-AWR-BKI,2025-03-23,11:19:00,12:12:00,11:26:00,12:21:00,9,MEDIUM
TRN-12011,Synthetic Corridor Passenger 11,PASSENGER,SEC-BKI-JP,2025-03-23,12:21:00,13:27:00,12:30:00,13:36:00,9,MEDIUM
TRN-12012,Synthetic Corridor Passenger 12,PASSENGER,SEC-NDLS-RE,2025-03-23,09:27:00,10:29:00,09:32:00,10:34:00,5,MEDIUM
TRN-12012,Synthetic Corridor Passenger 12,PASSENGER,SEC-RE-AWR,2025-03-23,10:38:00,11:37:00,10:46:00,11:45:00,8,MEDIUM
TRN-12012,Synthetic Corridor Passenger 12,PASSENGER,SEC-AWR-BKI,2025-03-23,11:46:00,12:39:00,11:55:00,12:49:00,10,MEDIUM
TRN-12012,Synthetic Corridor Passenger 12,PASSENGER,SEC-BKI-JP,2025-03-23,12:48:00,13:54:00,12:59:00,14:05:00,11,MEDIUM
TRN-12013,Synthetic Corridor Passenger 13,PASSENGER,SEC-NDLS-RE,2025-03-23,09:54:00,10:56:00,09:58:00,11:02:00,6,MEDIUM
TRN-12013,Synthetic Corridor Passenger 13,PASSENGER,SEC-RE-AWR,2025-03-23,11:05:00,12:04:00,11:11:00,12:10:00,6,MEDIUM
TRN-12013,Synthetic Corridor Passenger 13,PASSENGER,SEC-AWR-BKI,2025-03-23,12:13:00,13:06:00,12:20:00,13:13:00,7,MEDIUM
TRN-12013,Synthetic Corridor Passenger 13,PASSENGER,SEC-BKI-JP,2025-03-23,13:15:00,14:21:00,13:23:00,14:30:00,9,MEDIUM
TRN-12014,Synthetic Corridor Passenger 14,PASSENGER,SEC-NDLS-RE,2025-03-23,10:21:00,11:23:00,10:25:00,11:27:00,4,MEDIUM
TRN-12014,Synthetic Corridor Passenger 14,PASSENGER,SEC-RE-AWR,2025-03-23,11:32:00,12:31:00,11:36:00,12:35:00,4,MEDIUM
TRN-12014,Synthetic Corridor Passenger 14,PASSENGER,SEC-AWR-BKI,2025-03-23,12:40:00,13:33:00,12:44:00,13:38:00,5,MEDIUM
TRN-12014,Synthetic Corridor Passenger 14,PASSENGER,SEC-BKI-JP,2025-03-23,13:42:00,14:48:00,13:47:00,14:53:00,5,MEDIUM
TRN-12015,Synthetic Corridor Passenger 15,PASSENGER,SEC-NDLS-RE,2025-03-23,10:48:00,11:50:00,10:53:00,11:57:00,7,MEDIUM
TRN-12015,Synthetic Corridor Passenger 15,PASSENGER,SEC-RE-AWR,2025-03-23,11:59:00,12:58:00,12:08:00,13:10:00,12,MEDIUM
TRN-12015,Synthetic Corridor Passenger 15,PASSENGER,SEC-AWR-BKI,2025-03-23,13:07:00,14:00:00,13:19:00,14:13:00,13,MEDIUM
TRN-12015,Synthetic Corridor Passenger 15,PASSENGER,SEC-BKI-JP,2025-03-23,14:09:00,15:15:00,14:22:00,15:28:00,13,MEDIUM
TRN-12016,Synthetic Corridor Passenger 16,PASSENGER,SEC-NDLS-RE,2025-03-23,11:15:00,12:17:00,11:17:00,12:20:00,3,MEDIUM
TRN-12016,Synthetic Corridor Passenger 16,PASSENGER,SEC-RE-AWR,2025-03-23,12:26:00,13:25:00,12:29:00,13:30:00,5,MEDIUM
TRN-12016,Synthetic Corridor Passenger 16,PASSENGER,SEC-AWR-BKI,2025-03-23,13:34:00,14:27:00,13:39:00,14:32:00,5,MEDIUM
TRN-12016,Synthetic Corridor Passenger 16,PASSENGER,SEC-BKI-JP,2025-03-23,14:36:00,15:42:00,14:41:00,15:47:00,5,MEDIUM
TRN-12017,Synthetic Corridor Passenger 17,PASSENGER,SEC-NDLS-RE,2025-03-23,11:42:00,12:44:00,11:46:00,12:49:00,5,MEDIUM
TRN-12017,Synthetic Corridor Passenger 17,PASSENGER,SEC-RE-AWR,2025-03-23,12:53:00,13:52:00,12:59:00,13:58:00,6,MEDIUM
TRN-12017,Synthetic Corridor Passenger 17,PASSENGER,SEC-AWR-BKI,2025-03-23,14:01:00,14:54:00,14:07:00,15:00:00,6,MEDIUM
TRN-12017,Synthetic Corridor Passenger 17,PASSENGER,SEC-BKI-JP,2025-03-23,15:03:00,16:09:00,15:09:00,16:16:00,7,MEDIUM
TRN-12018,Synthetic Corridor Passenger 18,PASSENGER,SEC-NDLS-RE,2025-03-23,12:09:00,13:11:00,12:15:00,13:17:00,6,MEDIUM
TRN-12018,Synthetic Corridor Passenger 18,PASSENGER,SEC-RE-AWR,2025-03-23,13:20:00,14:19:00,13:26:00,14:25:00,6,MEDIUM
TRN-12018,Synthetic Corridor Passenger 18,PASSENGER,SEC-AWR-BKI,2025-03-23,14:28:00,15:21:00,14:35:00,15:30:00,9,MEDIUM
TRN-12018,Synthetic Corridor Passenger 18,PASSENGER,SEC-BKI-JP,2025-03-23,15:30:00,16:36:00,15:40:00,16:47:00,11,MEDIUM
TRN-12019,Synthetic Corridor Freight 19,FREIGHT,SEC-NDLS-RE,2025-03-23,12:36:00,13:58:00,12:39:00,14:01:00,3,LOW
TRN-12019,Synthetic Corridor Freight 19,FREIGHT,SEC-RE-AWR,2025-03-23,14:10:00,15:28:00,14:13:00,15:32:00,4,LOW
TRN-12019,Synthetic Corridor Freight 19,FREIGHT,SEC-AWR-BKI,2025-03-23,15:40:00,16:51:00,15:44:00,16:56:00,5,LOW
TRN-12019,Synthetic Corridor Freight 19,FREIGHT,SEC-BKI-JP,2025-03-23,17:03:00,18:31:00,17:08:00,18:37:00,6,LOW
TRN-12021,Synthetic Corridor Freight 21,FREIGHT,SEC-NDLS-RE,2025-03-23,13:30:00,14:52:00,13:36:00,14:58:00,6,LOW
TRN-12021,Synthetic Corridor Freight 21,FREIGHT,SEC-RE-AWR,2025-03-23,15:04:00,16:22:00,15:11:00,16:29:00,7,LOW
TRN-12021,Synthetic Corridor Freight 21,FREIGHT,SEC-AWR-BKI,2025-03-23,16:34:00,17:45:00,16:41:00,17:53:00,8,LOW
TRN-12021,Synthetic Corridor Freight 21,FREIGHT,SEC-BKI-JP,2025-03-23,17:57:00,19:25:00,18:06:00,19:36:00,11,LOW
TRN-12023,Synthetic Corridor Freight 23,FREIGHT,SEC-NDLS-RE,2025-03-23,14:24:00,15:46:00,14:29:00,15:52:00,6,LOW
TRN-12023,Synthetic Corridor Freight 23,FREIGHT,SEC-RE-AWR,2025-03-23,15:58:00,17:16:00,16:04:00,17:23:00,7,LOW
TRN-12023,Synthetic Corridor Freight 23,FREIGHT,SEC-AWR-BKI,2025-03-23,17:28:00,18:39:00,17:35:00,18:46:00,7,LOW
TRN-12023,Synthetic Corridor Freight 23,FREIGHT,SEC-BKI-JP,2025-03-23,18:51:00,20:19:00,18:58:00,20:26:00,7,LOW
TRN-12001,Synthetic Corridor Express 01,EXPRESS,SEC-NDLS-RE,2025-03-24,04:30:00,05:22:00,04:33:00,05:26:00,4,HIGH
TRN-12001,Synthetic Corridor Express 01,EXPRESS,SEC-RE-AWR,2025-03-24,05:28:00,06:18:00,05:32:00,06:23:00,5,HIGH
TRN-12001,Synthetic Corridor Express 01,EXPRESS,SEC-AWR-BKI,2025-03-24,06:24:00,07:09:00,06:29:00,07:14:00,5,HIGH
TRN-12001,Synthetic Corridor Express 01,EXPRESS,SEC-BKI-JP,2025-03-24,07:15:00,08:10:00,07:20:00,08:16:00,6,HIGH
TRN-12002,Synthetic Corridor Express 02,EXPRESS,SEC-NDLS-RE,2025-03-24,04:57:00,05:49:00,05:02:00,05:56:00,7,HIGH
TRN-12002,Synthetic Corridor Express 02,EXPRESS,SEC-RE-AWR,2025-03-24,05:55:00,06:45:00,06:03:00,06:53:00,8,HIGH
TRN-12002,Synthetic Corridor Express 02,EXPRESS,SEC-AWR-BKI,2025-03-24,06:51:00,07:36:00,06:59:00,07:46:00,10,HIGH
TRN-12002,Synthetic Corridor Express 02,EXPRESS,SEC-BKI-JP,2025-03-24,07:42:00,08:37:00,07:53:00,08:48:00,11,HIGH
TRN-12003,Synthetic Corridor Express 03,EXPRESS,SEC-NDLS-RE,2025-03-24,05:24:00,06:16:00,05:25:00,06:18:00,2,HIGH
TRN-12003,Synthetic Corridor Express 03,EXPRESS,SEC-RE-AWR,2025-03-24,06:22:00,07:12:00,06:24:00,07:14:00,2,HIGH
TRN-12003,Synthetic Corridor Express 03,EXPRESS,SEC-AWR-BKI,2025-03-24,07:18:00,08:03:00,07:21:00,08:06:00,3,HIGH
TRN-12003,Synthetic Corridor Express 03,EXPRESS,SEC-BKI-JP,2025-03-24,08:09:00,09:04:00,08:13:00,09:09:00,5,HIGH
TRN-12005,Synthetic Corridor Express 05,EXPRESS,SEC-NDLS-RE,2025-03-24,06:18:00,07:10:00,06:18:00,07:10:00,0,HIGH
TRN-12005,Synthetic Corridor Express 05,EXPRESS,SEC-RE-AWR,2025-03-24,07:16:00,08:06:00,07:16:00,08:06:00,0,HIGH
TRN-12005,Synthetic Corridor Express 05,EXPRESS,SEC-AWR-BKI,2025-03-24,08:12:00,08:57:00,08:13:00,08:58:00,1,HIGH
TRN-12005,Synthetic Corridor Express 05,EXPRESS,SEC-BKI-JP,2025-03-24,09:03:00,09:58:00,09:04:00,10:01:00,3,HIGH
TRN-12006,Synthetic Corridor Express 06,EXPRESS,SEC-NDLS-RE,2025-03-24,06:45:00,07:37:00,06:49:00,07:41:00,4,HIGH
TRN-12006,Synthetic Corridor Express 06,EXPRESS,SEC-RE-AWR,2025-03-24,07:43:00,08:33:00,07:47:00,08:38:00,5,HIGH
TRN-12006,Synthetic Corridor Express 06,EXPRESS,SEC-AWR-BKI,2025-03-24,08:39:00,09:24:00,08:44:00,09:30:00,6,HIGH
TRN-12006,Synthetic Corridor Express 06,EXPRESS,SEC-BKI-JP,2025-03-24,09:30:00,10:25:00,09:36:00,10:32:00,7,HIGH
TRN-12007,Synthetic Corridor Express 07,EXPRESS,SEC-NDLS-RE,2025-03-24,07:12:00,08:04:00,07:17:00,08:09:00,5,HIGH
TRN-12007,Synthetic Corridor Express 07,EXPRESS,SEC-RE-AWR,2025-03-24,08:10:00,09:00:00,08:15:00,09:06:00,6,HIGH
TRN-12007,Synthetic Corridor Express 07,EXPRESS,SEC-AWR-BKI,2025-03-24,09:06:00,09:51:00,09:12:00,09:57:00,6,HIGH
TRN-12007,Synthetic Corridor Express 07,EXPRESS,SEC-BKI-JP,2025-03-24,09:57:00,10:52:00,10:03:00,11:00:00,8,HIGH
TRN-12009,Synthetic Corridor Express 09,EXPRESS,SEC-NDLS-RE,2025-03-24,08:06:00,08:58:00,08:10:00,09:03:00,5,HIGH
TRN-12009,Synthetic Corridor Express 09,EXPRESS,SEC-RE-AWR,2025-03-24,09:04:00,09:54:00,09:10:00,10:00:00,6,HIGH
TRN-12009,Synthetic Corridor Express 09,EXPRESS,SEC-AWR-BKI,2025-03-24,10:00:00,10:45:00,10:06:00,10:51:00,6,HIGH
TRN-12009,Synthetic Corridor Express 09,EXPRESS,SEC-BKI-JP,2025-03-24,10:51:00,11:46:00,10:57:00,11:52:00,6,HIGH
TRN-12010,Synthetic Corridor Express 10,EXPRESS,SEC-NDLS-RE,2025-03-24,08:33:00,09:25:00,08:36:00,09:28:00,3,HIGH
TRN-12010,Synthetic Corridor Express 10,EXPRESS,SEC-RE-AWR,2025-03-24,09:31:00,10:21:00,09:35:00,10:25:00,4,HIGH
TRN-12010,Synthetic Corridor Express 10,EXPRESS,SEC-AWR-BKI,2025-03-24,10:27:00,11:12:00,10:31:00,11:16:00,4,HIGH
TRN-12010,Synthetic Corridor Express 10,EXPRESS,SEC-BKI-JP,2025-03-24,11:18:00,12:13:00,11:23:00,12:18:00,5,HIGH
TRN-12011,Synthetic Corridor Passenger 11,PASSENGER,SEC-NDLS-RE,2025-03-24,09:00:00,10:02:00,09:04:00,10:06:00,4,MEDIUM
TRN-12011,Synthetic Corridor Passenger 11,PASSENGER,SEC-RE-AWR,2025-03-24,10:11:00,11:10:00,10:16:00,11:16:00,6,MEDIUM
TRN-12011,Synthetic Corridor Passenger 11,PASSENGER,SEC-AWR-BKI,2025-03-24,11:19:00,12:12:00,11:26:00,12:20:00,8,MEDIUM
TRN-12011,Synthetic Corridor Passenger 11,PASSENGER,SEC-BKI-JP,2025-03-24,12:21:00,13:27:00,12:29:00,13:38:00,11,MEDIUM
TRN-12012,Synthetic Corridor Passenger 12,PASSENGER,SEC-NDLS-RE,2025-03-24,09:27:00,10:29:00,09:32:00,10:35:00,6,MEDIUM
TRN-12012,Synthetic Corridor Passenger 12,PASSENGER,SEC-RE-AWR,2025-03-24,10:38:00,11:37:00,10:44:00,11:43:00,6,MEDIUM
TRN-12012,Synthetic Corridor Passenger 12,PASSENGER,SEC-AWR-BKI,2025-03-24,11:46:00,12:39:00,11:52:00,12:45:00,6,MEDIUM
TRN-12012,Synthetic Corridor Passenger 12,PASSENGER,SEC-BKI-JP,2025-03-24,12:48:00,13:54:00,12:55:00,14:01:00,7,MEDIUM
TRN-12013,Synthetic Corridor Passenger 13,PASSENGER,SEC-NDLS-RE,2025-03-24,09:54:00,10:56:00,09:59:00,11:01:00,5,MEDIUM
TRN-12013,Synthetic Corridor Passenger 13,PASSENGER,SEC-RE-AWR,2025-03-24,11:05:00,12:04:00,11:10:00,12:10:00,6,MEDIUM
TRN-12013,Synthetic Corridor Passenger 13,PASSENGER,SEC-AWR-BKI,2025-03-24,12:13:00,13:06:00,12:19:00,13:13:00,7,MEDIUM
TRN-12013,Synthetic Corridor Passenger 13,PASSENGER,SEC-BKI-JP,2025-03-24,13:15:00,14:21:00,13:22:00,14:28:00,7,MEDIUM
TRN-12014,Synthetic Corridor Passenger 14,PASSENGER,SEC-NDLS-RE,2025-03-24,10:21:00,11:23:00,10:25:00,11:27:00,4,MEDIUM
TRN-12014,Synthetic Corridor Passenger 14,PASSENGER,SEC-RE-AWR,2025-03-24,11:32:00,12:31:00,11:36:00,12:36:00,5,MEDIUM
TRN-12014,Synthetic Corridor Passenger 14,PASSENGER,SEC-AWR-BKI,2025-03-24,12:40:00,13:33:00,12:45:00,13:39:00,6,MEDIUM
TRN-12014,Synthetic Corridor Passenger 14,PASSENGER,SEC-BKI-JP,2025-03-24,13:42:00,14:48:00,13:48:00,14:55:00,7,MEDIUM
TRN-12015,Synthetic Corridor Passenger 15,PASSENGER,SEC-NDLS-RE,2025-03-24,10:48:00,11:50:00,10:48:00,11:50:00,0,MEDIUM
TRN-12015,Synthetic Corridor Passenger 15,PASSENGER,SEC-RE-AWR,2025-03-24,11:59:00,12:58:00,11:59:00,12:59:00,1,MEDIUM
TRN-12015,Synthetic Corridor Passenger 15,PASSENGER,SEC-AWR-BKI,2025-03-24,13:07:00,14:00:00,13:11:00,14:05:00,5,MEDIUM
TRN-12015,Synthetic Corridor Passenger 15,PASSENGER,SEC-BKI-JP,2025-03-24,14:09:00,15:15:00,14:14:00,15:20:00,5,MEDIUM
TRN-12016,Synthetic Corridor Passenger 16,PASSENGER,SEC-NDLS-RE,2025-03-24,11:15:00,12:17:00,11:21:00,12:24:00,7,MEDIUM
TRN-12016,Synthetic Corridor Passenger 16,PASSENGER,SEC-RE-AWR,2025-03-24,12:26:00,13:25:00,12:33:00,13:32:00,7,MEDIUM
TRN-12016,Synthetic Corridor Passenger 16,PASSENGER,SEC-AWR-BKI,2025-03-24,13:34:00,14:27:00,13:41:00,14:36:00,9,MEDIUM
TRN-12016,Synthetic Corridor Passenger 16,PASSENGER,SEC-BKI-JP,2025-03-24,14:36:00,15:42:00,14:45:00,15:52:00,10,MEDIUM
TRN-12017,Synthetic Corridor Passenger 17,PASSENGER,SEC-NDLS-RE,2025-03-24,11:42:00,12:44:00,11:43:00,12:47:00,3,MEDIUM
TRN-12017,Synthetic Corridor Passenger 17,PASSENGER,SEC-RE-AWR,2025-03-24,12:53:00,13:52:00,12:58:00,13:59:00,7,MEDIUM
TRN-12017,Synthetic Corridor Passenger 17,PASSENGER,SEC-AWR-BKI,2025-03-24,14:01:00,14:54:00,14:09:00,15:02:00,8,MEDIUM
TRN-12017,Synthetic Corridor Passenger 17,PASSENGER,SEC-BKI-JP,2025-03-24,15:03:00,16:09:00,15:11:00,16:18:00,9,MEDIUM
TRN-12018,Synthetic Corridor Passenger 18,PASSENGER,SEC-NDLS-RE,2025-03-24,12:09:00,13:11:00,12:13:00,13:16:00,5,MEDIUM
TRN-12018,Synthetic Corridor Passenger 18,PASSENGER,SEC-RE-AWR,2025-03-24,13:20:00,14:19:00,13:27:00,14:28:00,9,MEDIUM
TRN-12018,Synthetic Corridor Passenger 18,PASSENGER,SEC-AWR-BKI,2025-03-24,14:28:00,15:21:00,14:37:00,15:32:00,11,MEDIUM
TRN-12018,Synthetic Corridor Passenger 18,PASSENGER,SEC-BKI-JP,2025-03-24,15:30:00,16:36:00,15:41:00,16:49:00,13,MEDIUM
TRN-12019,Synthetic Corridor Freight 19,FREIGHT,SEC-NDLS-RE,2025-03-24,12:36:00,13:58:00,12:45:00,14:10:00,12,LOW
TRN-12019,Synthetic Corridor Freight 19,FREIGHT,SEC-RE-AWR,2025-03-24,14:10:00,15:28:00,14:23:00,15:41:00,13,LOW
TRN-12019,Synthetic Corridor Freight 19,FREIGHT,SEC-AWR-BKI,2025-03-24,15:40:00,16:51:00,15:54:00,17:05:00,14,LOW
TRN-12019,Synthetic Corridor Freight 19,FREIGHT,SEC-BKI-JP,2025-03-24,17:03:00,18:31:00,17:18:00,18:48:00,17,LOW
TRN-12021,Synthetic Corridor Freight 21,FREIGHT,SEC-NDLS-RE,2025-03-24,13:30:00,14:52:00,13:33:00,14:56:00,4,LOW
TRN-12021,Synthetic Corridor Freight 21,FREIGHT,SEC-RE-AWR,2025-03-24,15:04:00,16:22:00,15:08:00,16:26:00,4,LOW
TRN-12021,Synthetic Corridor Freight 21,FREIGHT,SEC-AWR-BKI,2025-03-24,16:34:00,17:45:00,16:39:00,17:50:00,5,LOW
TRN-12021,Synthetic Corridor Freight 21,FREIGHT,SEC-BKI-JP,2025-03-24,17:57:00,19:25:00,18:03:00,19:34:00,9,LOW
TRN-12022,Synthetic Corridor Freight 22,FREIGHT,SEC-NDLS-RE,2025-03-24,13:57:00,15:19:00,13:59:00,15:22:00,3,LOW
TRN-12022,Synthetic Corridor Freight 22,FREIGHT,SEC-RE-AWR,2025-03-24,15:31:00,16:49:00,15:35:00,16:54:00,5,LOW
TRN-12022,Synthetic Corridor Freight 22,FREIGHT,SEC-AWR-BKI,2025-03-24,17:01:00,18:12:00,17:06:00,18:19:00,7,LOW
TRN-12022,Synthetic Corridor Freight 22,FREIGHT,SEC-BKI-JP,2025-03-24,18:24:00,19:52:00,18:31:00,20:01:00,9,LOW
TRN-12023,Synthetic Corridor Freight 23,FREIGHT,SEC-NDLS-RE,2025-03-24,14:24:00,15:46:00,14:28:00,15:51:00,5,LOW
TRN-12023,Synthetic Corridor Freight 23,FREIGHT,SEC-RE-AWR,2025-03-24,15:58:00,17:16:00,16:03:00,17:22:00,6,LOW
TRN-12023,Synthetic Corridor Freight 23,FREIGHT,SEC-AWR-BKI,2025-03-24,17:28:00,18:39:00,17:35:00,18:46:00,7,LOW
TRN-12023,Synthetic Corridor Freight 23,FREIGHT,SEC-BKI-JP,2025-03-24,18:51:00,20:19:00,18:58:00,20:28:00,9,LOW
TRN-12001,Synthetic Corridor Express 01,EXPRESS,SEC-NDLS-RE,2025-03-25,04:30:00,05:22:00,04:31:00,05:25:00,3,HIGH
TRN-12001,Synthetic Corridor Express 01,EXPRESS,SEC-RE-AWR,2025-03-25,05:28:00,06:18:00,05:32:00,06:22:00,4,HIGH
TRN-12001,Synthetic Corridor Express 01,EXPRESS,SEC-AWR-BKI,2025-03-25,06:24:00,07:09:00,06:28:00,07:13:00,4,HIGH
TRN-12001,Synthetic Corridor Express 01,EXPRESS,SEC-BKI-JP,2025-03-25,07:15:00,08:10:00,07:19:00,08:16:00,6,HIGH
TRN-12002,Synthetic Corridor Express 02,EXPRESS,SEC-NDLS-RE,2025-03-25,04:57:00,05:49:00,04:57:00,05:49:00,0,HIGH
TRN-12002,Synthetic Corridor Express 02,EXPRESS,SEC-RE-AWR,2025-03-25,05:55:00,06:45:00,05:55:00,06:45:00,0,HIGH
TRN-12002,Synthetic Corridor Express 02,EXPRESS,SEC-AWR-BKI,2025-03-25,06:51:00,07:36:00,06:51:00,07:36:00,0,HIGH
TRN-12002,Synthetic Corridor Express 02,EXPRESS,SEC-BKI-JP,2025-03-25,07:42:00,08:37:00,07:42:00,08:37:00,0,HIGH
TRN-12004,Synthetic Corridor Express 04,EXPRESS,SEC-NDLS-RE,2025-03-25,05:51:00,06:43:00,05:53:00,06:45:00,2,HIGH
TRN-12004,Synthetic Corridor Express 04,EXPRESS,SEC-RE-AWR,2025-03-25,06:49:00,07:39:00,06:51:00,07:41:00,2,HIGH
TRN-12004,Synthetic Corridor Express 04,EXPRESS,SEC-AWR-BKI,2025-03-25,07:45:00,08:30:00,07:48:00,08:33:00,3,HIGH
TRN-12004,Synthetic Corridor Express 04,EXPRESS,SEC-BKI-JP,2025-03-25,08:36:00,09:31:00,08:39:00,09:34:00,3,HIGH
TRN-12005,Synthetic Corridor Express 05,EXPRESS,SEC-NDLS-RE,2025-03-25,06:18:00,07:10:00,06:21:00,07:15:00,5,HIGH
TRN-12005,Synthetic Corridor Express 05,EXPRESS,SEC-RE-AWR,2025-03-25,07:16:00,08:06:00,07:21:00,08:11:00,5,HIGH
TRN-12005,Synthetic Corridor Express 05,EXPRESS,SEC-AWR-BKI,2025-03-25,08:12:00,08:57:00,08:17:00,09:02:00,5,HIGH
TRN-12005,Synthetic Corridor Express 05,EXPRESS,SEC-BKI-JP,2025-03-25,09:03:00,09:58:00,09:08:00,10:03:00,5,HIGH
TRN-12006,Synthetic Corridor Express 06,EXPRESS,SEC-NDLS-RE,2025-03-25,06:45:00,07:37:00,06:48:00,07:40:00,3,HIGH
TRN-12006,Synthetic Corridor Express 06,EXPRESS,SEC-RE-AWR,2025-03-25,07:43:00,08:33:00,07:46:00,08:36:00,3,HIGH
TRN-12006,Synthetic Corridor Express 06,EXPRESS,SEC-AWR-BKI,2025-03-25,08:39:00,09:24:00,08:43:00,09:29:00,5,HIGH
TRN-12006,Synthetic Corridor Express 06,EXPRESS,SEC-BKI-JP,2025-03-25,09:30:00,10:25:00,09:35:00,10:31:00,6,HIGH
TRN-12008,Synthetic Corridor Express 08,EXPRESS,SEC-NDLS-RE,2025-03-25,07:39:00,08:31:00,07:43:00,08:35:00,4,HIGH
TRN-12008,Synthetic Corridor Express 08,EXPRESS,SEC-RE-AWR,2025-03-25,08:37:00,09:27:00,08:43:00,09:33:00,6,HIGH
TRN-12008,Synthetic Corridor Express 08,EXPRESS,SEC-AWR-BKI,2025-03-25,09:33:00,10:18:00,09:39:00,10:24:00,6,HIGH
TRN-12008,Synthetic Corridor Express 08,EXPRESS,SEC-BKI-JP,2025-03-25,10:24:00,11:19:00,10:32:00,11:28:00,9,HIGH
TRN-12009,Synthetic Corridor Express 09,EXPRESS,SEC-NDLS-RE,2025-03-25,08:06:00,08:58:00,08:08:00,09:01:00,3,HIGH
TRN-12009,Synthetic Corridor Express 09,EXPRESS,SEC-RE-AWR,2025-03-25,09:04:00,09:54:00,09:08:00,09:58:00,4,HIGH
TRN-12009,Synthetic Corridor Express 09,EXPRESS,SEC-AWR-BKI,2025-03-25,10:00:00,10:45:00,10:05:00,10:50:00,5,HIGH
TRN-12009,Synthetic Corridor Express 09,EXPRESS,SEC-BKI-JP,2025-03-25,10:51:00,11:46:00,10:57:00,11:52:00,6,HIGH
TRN-12010,Synthetic Corridor Express 10,EXPRESS,SEC-NDLS-RE,2025-03-25,08:33:00,09:25:00,08:36:00,09:28:00,3,HIGH
TRN-12010,Synthetic Corridor Express 10,EXPRESS,SEC-RE-AWR,2025-03-25,09:31:00,10:21:00,09:34:00,10:24:00,3,HIGH
TRN-12010,Synthetic Corridor Express 10,EXPRESS,SEC-AWR-BKI,2025-03-25,10:27:00,11:12:00,10:30:00,11:15:00,3,HIGH
TRN-12010,Synthetic Corridor Express 10,EXPRESS,SEC-BKI-JP,2025-03-25,11:18:00,12:13:00,11:21:00,12:17:00,4,HIGH
TRN-12011,Synthetic Corridor Passenger 11,PASSENGER,SEC-NDLS-RE,2025-03-25,09:00:00,10:02:00,09:04:00,10:06:00,4,MEDIUM
TRN-12011,Synthetic Corridor Passenger 11,PASSENGER,SEC-RE-AWR,2025-03-25,10:11:00,11:10:00,10:15:00,11:15:00,5,MEDIUM
TRN-12011,Synthetic Corridor Passenger 11,PASSENGER,SEC-AWR-BKI,2025-03-25,11:19:00,12:12:00,11:24:00,12:18:00,6,MEDIUM
TRN-12011,Synthetic Corridor Passenger 11,PASSENGER,SEC-BKI-JP,2025-03-25,12:21:00,13:27:00,12:27:00,13:33:00,6,MEDIUM
TRN-12012,Synthetic Corridor Passenger 12,PASSENGER,SEC-NDLS-RE,2025-03-25,09:27:00,10:29:00,09:31:00,10:33:00,4,MEDIUM
TRN-12012,Synthetic Corridor Passenger 12,PASSENGER,SEC-RE-AWR,2025-03-25,10:38:00,11:37:00,10:43:00,11:42:00,5,MEDIUM
TRN-12012,Synthetic Corridor Passenger 12,PASSENGER,SEC-AWR-BKI,2025-03-25,11:46:00,12:39:00,11:51:00,12:46:00,7,MEDIUM
TRN-12012,Synthetic Corridor Passenger 12,PASSENGER,SEC-BKI-JP,2025-03-25,12:48:00,13:54:00,12:55:00,14:01:00,7,MEDIUM
TRN-12013,Synthetic Corridor Passenger 13,PASSENGER,SEC-NDLS-RE,2025-03-25,09:54:00,10:56:00,09:59:00,11:02:00,6,MEDIUM
TRN-12013,Synthetic Corridor Passenger 13,PASSENGER,SEC-RE-AWR,2025-03-25,11:05:00,12:04:00,11:11:00,12:12:00,8,MEDIUM
TRN-12013,Synthetic Corridor Passenger 13,PASSENGER,SEC-AWR-BKI,2025-03-25,12:13:00,13:06:00,12:21:00,13:15:00,9,MEDIUM
TRN-12013,Synthetic Corridor Passenger 13,PASSENGER,SEC-BKI-JP,2025-03-25,13:15:00,14:21:00,13:25:00,14:32:00,11,MEDIUM
TRN-12014,Synthetic Corridor Passenger 14,PASSENGER,SEC-NDLS-RE,2025-03-25,10:21:00,11:23:00,10:23:00,11:25:00,2,MEDIUM
TRN-12014,Synthetic Corridor Passenger 14,PASSENGER,SEC-RE-AWR,2025-03-25,11:32:00,12:31:00,11:34:00,12:33:00,2,MEDIUM
TRN-12014,Synthetic Corridor Passenger 14,PASSENGER,SEC-AWR-BKI,2025-03-25,12:40:00,13:33:00,12:42:00,13:35:00,2,MEDIUM
TRN-12014,Synthetic Corridor Passenger 14,PASSENGER,SEC-BKI-JP,2025-03-25,13:42:00,14:48:00,13:44:00,14:50:00,2,MEDIUM
TRN-12015,Synthetic Corridor Passenger 15,PASSENGER,SEC-NDLS-RE,2025-03-25,10:48:00,11:50:00,10:50:00,11:53:00,3,MEDIUM
TRN-12015,Synthetic Corridor Passenger 15,PASSENGER,SEC-RE-AWR,2025-03-25,11:59:00,12:58:00,12:02:00,13:01:00,3,MEDIUM
TRN-12015,Synthetic Corridor Passenger 15,PASSENGER,SEC-AWR-BKI,2025-03-25,13:07:00,14:00:00,13:10:00,14:03:00,3,MEDIUM
TRN-12015,Synthetic Corridor Passenger 15,PASSENGER,SEC-BKI-JP,2025-03-25,14:09:00,15:15:00,14:12:00,15:18:00,3,MEDIUM
TRN-12016,Synthetic Corridor Passenger 16,PASSENGER,SEC-NDLS-RE,2025-03-25,11:15:00,12:17:00,11:17:00,12:20:00,3,MEDIUM
TRN-12016,Synthetic Corridor Passenger 16,PASSENGER,SEC-RE-AWR,2025-03-25,12:26:00,13:25:00,12:29:00,13:28:00,3,MEDIUM
TRN-12016,Synthetic Corridor Passenger 16,PASSENGER,SEC-AWR-BKI,2025-03-25,13:34:00,14:27:00,13:37:00,14:32:00,5,MEDIUM
TRN-12016,Synthetic Corridor Passenger 16,PASSENGER,SEC-BKI-JP,2025-03-25,14:36:00,15:42:00,14:42:00,15:48:00,6,MEDIUM
TRN-12017,Synthetic Corridor Passenger 17,PASSENGER,SEC-NDLS-RE,2025-03-25,11:42:00,12:44:00,11:49:00,12:52:00,8,MEDIUM
TRN-12017,Synthetic Corridor Passenger 17,PASSENGER,SEC-RE-AWR,2025-03-25,12:53:00,13:52:00,13:02:00,14:01:00,9,MEDIUM
TRN-12017,Synthetic Corridor Passenger 17,PASSENGER,SEC-AWR-BKI,2025-03-25,14:01:00,14:54:00,14:11:00,15:05:00,11,MEDIUM
TRN-12017,Synthetic Corridor Passenger 17,PASSENGER,SEC-BKI-JP,2025-03-25,15:03:00,16:09:00,15:14:00,16:20:00,11,MEDIUM
TRN-12018,Synthetic Corridor Passenger 18,PASSENGER,SEC-NDLS-RE,2025-03-25,12:09:00,13:11:00,12:13:00,13:16:00,5,MEDIUM
TRN-12018,Synthetic Corridor Passenger 18,PASSENGER,SEC-RE-AWR,2025-03-25,13:20:00,14:19:00,13:25:00,14:27:00,8,MEDIUM
TRN-12018,Synthetic Corridor Passenger 18,PASSENGER,SEC-AWR-BKI,2025-03-25,14:28:00,15:21:00,14:36:00,15:29:00,8,MEDIUM
TRN-12018,Synthetic Corridor Passenger 18,PASSENGER,SEC-BKI-JP,2025-03-25,15:30:00,16:36:00,15:39:00,16:46:00,10,MEDIUM
TRN-12020,Synthetic Corridor Freight 20,FREIGHT,SEC-NDLS-RE,2025-03-25,13:03:00,14:25:00,13:07:00,14:29:00,4,LOW
TRN-12020,Synthetic Corridor Freight 20,FREIGHT,SEC-RE-AWR,2025-03-25,14:37:00,15:55:00,14:41:00,16:00:00,5,LOW
TRN-12020,Synthetic Corridor Freight 20,FREIGHT,SEC-AWR-BKI,2025-03-25,16:07:00,17:18:00,16:12:00,17:25:00,7,LOW
TRN-12020,Synthetic Corridor Freight 20,FREIGHT,SEC-BKI-JP,2025-03-25,17:30:00,18:58:00,17:38:00,19:06:00,8,LOW
TRN-12021,Synthetic Corridor Freight 21,FREIGHT,SEC-NDLS-RE,2025-03-25,13:30:00,14:52:00,13:35:00,14:57:00,5,LOW
TRN-12021,Synthetic Corridor Freight 21,FREIGHT,SEC-RE-AWR,2025-03-25,15:04:00,16:22:00,15:10:00,16:29:00,7,LOW
TRN-12021,Synthetic Corridor Freight 21,FREIGHT,SEC-AWR-BKI,2025-03-25,16:34:00,17:45:00,16:41:00,17:52:00,7,LOW
TRN-12021,Synthetic Corridor Freight 21,FREIGHT,SEC-BKI-JP,2025-03-25,17:57:00,19:25:00,18:04:00,19:33:00,8,LOW
TRN-12022,Synthetic Corridor Freight 22,FREIGHT,SEC-NDLS-RE,2025-03-25,13:57:00,15:19:00,14:03:00,15:25:00,6,LOW
TRN-12022,Synthetic Corridor Freight 22,FREIGHT,SEC-RE-AWR,2025-03-25,15:31:00,16:49:00,15:37:00,16:57:00,8,LOW
TRN-12022,Synthetic Corridor Freight 22,FREIGHT,SEC-AWR-BKI,2025-03-25,17:01:00,18:12:00,17:09:00,18:22:00,10,LOW
TRN-12022,Synthetic Corridor Freight 22,FREIGHT,SEC-BKI-JP,2025-03-25,18:24:00,19:52:00,18:34:00,20:03:00,11,LOW
TRN-12024,Synthetic Corridor Freight 24,FREIGHT,SEC-NDLS-RE,2025-03-25,14:51:00,16:13:00,14:54:00,16:18:00,5,LOW
TRN-12024,Synthetic Corridor Freight 24,FREIGHT,SEC-RE-AWR,2025-03-25,16:25:00,17:43:00,16:30:00,17:50:00,7,LOW
TRN-12024,Synthetic Corridor Freight 24,FREIGHT,SEC-AWR-BKI,2025-03-25,17:55:00,19:06:00,18:02:00,19:15:00,9,LOW
TRN-12024,Synthetic Corridor Freight 24,FREIGHT,SEC-BKI-JP,2025-03-25,19:18:00,20:46:00,19:27:00,20:55:00,9,LOW
TRN-12001,Synthetic Corridor Express 01,EXPRESS,SEC-NDLS-RE,2025-03-26,04:30:00,05:22:00,04:33:00,05:25:00,3,HIGH
TRN-12001,Synthetic Corridor Express 01,EXPRESS,SEC-RE-AWR,2025-03-26,05:28:00,06:18:00,05:31:00,06:23:00,5,HIGH
TRN-12001,Synthetic Corridor Express 01,EXPRESS,SEC-AWR-BKI,2025-03-26,06:24:00,07:09:00,06:29:00,07:14:00,5,HIGH
TRN-12001,Synthetic Corridor Express 01,EXPRESS,SEC-BKI-JP,2025-03-26,07:15:00,08:10:00,07:20:00,08:15:00,5,HIGH
TRN-12002,Synthetic Corridor Express 02,EXPRESS,SEC-NDLS-RE,2025-03-26,04:57:00,05:49:00,05:01:00,05:53:00,4,HIGH
TRN-12002,Synthetic Corridor Express 02,EXPRESS,SEC-RE-AWR,2025-03-26,05:55:00,06:45:00,06:00:00,06:51:00,6,HIGH
TRN-12002,Synthetic Corridor Express 02,EXPRESS,SEC-AWR-BKI,2025-03-26,06:51:00,07:36:00,06:57:00,07:42:00,6,HIGH
TRN-12002,Synthetic Corridor Express 02,EXPRESS,SEC-BKI-JP,2025-03-26,07:42:00,08:37:00,07:48:00,08:43:00,6,HIGH
TRN-12003,Synthetic Corridor Express 03,EXPRESS,SEC-NDLS-RE,2025-03-26,05:24:00,06:16:00,05:25:00,06:17:00,1,HIGH
TRN-12003,Synthetic Corridor Express 03,EXPRESS,SEC-RE-AWR,2025-03-26,06:22:00,07:12:00,06:23:00,07:13:00,1,HIGH
TRN-12003,Synthetic Corridor Express 03,EXPRESS,SEC-AWR-BKI,2025-03-26,07:18:00,08:03:00,07:21:00,08:06:00,3,HIGH
TRN-12003,Synthetic Corridor Express 03,EXPRESS,SEC-BKI-JP,2025-03-26,08:09:00,09:04:00,08:13:00,09:09:00,5,HIGH
TRN-12005,Synthetic Corridor Express 05,EXPRESS,SEC-NDLS-RE,2025-03-26,06:18:00,07:10:00,06:20:00,07:12:00,2,HIGH
TRN-12005,Synthetic Corridor Express 05,EXPRESS,SEC-RE-AWR,2025-03-26,07:16:00,08:06:00,07:18:00,08:08:00,2,HIGH
TRN-12005,Synthetic Corridor Express 05,EXPRESS,SEC-AWR-BKI,2025-03-26,08:12:00,08:57:00,08:14:00,09:00:00,3,HIGH
TRN-12005,Synthetic Corridor Express 05,EXPRESS,SEC-BKI-JP,2025-03-26,09:03:00,09:58:00,09:06:00,10:01:00,3,HIGH
TRN-12006,Synthetic Corridor Express 06,EXPRESS,SEC-NDLS-RE,2025-03-26,06:45:00,07:37:00,06:48:00,07:40:00,3,HIGH
TRN-12006,Synthetic Corridor Express 06,EXPRESS,SEC-RE-AWR,2025-03-26,07:43:00,08:33:00,07:46:00,08:36:00,3,HIGH
TRN-12006,Synthetic Corridor Express 06,EXPRESS,SEC-AWR-BKI,2025-03-26,08:39:00,09:24:00,08:42:00,09:27:00,3,HIGH
TRN-12006,Synthetic Corridor Express 06,EXPRESS,SEC-BKI-JP,2025-03-26,09:30:00,10:25:00,09:33:00,10:28:00,3,HIGH
TRN-12007,Synthetic Corridor Express 07,EXPRESS,SEC-NDLS-RE,2025-03-26,07:12:00,08:04:00,07:18:00,08:10:00,6,HIGH
TRN-12007,Synthetic Corridor Express 07,EXPRESS,SEC-RE-AWR,2025-03-26,08:10:00,09:00:00,08:16:00,09:06:00,6,HIGH
TRN-12007,Synthetic Corridor Express 07,EXPRESS,SEC-AWR-BKI,2025-03-26,09:06:00,09:51:00,09:12:00,09:57:00,6,HIGH
TRN-12007,Synthetic Corridor Express 07,EXPRESS,SEC-BKI-JP,2025-03-26,09:57:00,10:52:00,10:03:00,10:58:00,6,HIGH
TRN-12009,Synthetic Corridor Express 09,EXPRESS,SEC-NDLS-RE,2025-03-26,08:06:00,08:58:00,08:12:00,09:04:00,6,HIGH
TRN-12009,Synthetic Corridor Express 09,EXPRESS,SEC-RE-AWR,2025-03-26,09:04:00,09:54:00,09:10:00,10:00:00,6,HIGH
TRN-12009,Synthetic Corridor Express 09,EXPRESS,SEC-AWR-BKI,2025-03-26,10:00:00,10:45:00,10:08:00,10:54:00,9,HIGH
TRN-12009,Synthetic Corridor Express 09,EXPRESS,SEC-BKI-JP,2025-03-26,10:51:00,11:46:00,11:00:00,11:55:00,9,HIGH
TRN-12010,Synthetic Corridor Express 10,EXPRESS,SEC-NDLS-RE,2025-03-26,08:33:00,09:25:00,08:38:00,09:30:00,5,HIGH
TRN-12010,Synthetic Corridor Express 10,EXPRESS,SEC-RE-AWR,2025-03-26,09:31:00,10:21:00,09:37:00,10:28:00,7,HIGH
TRN-12010,Synthetic Corridor Express 10,EXPRESS,SEC-AWR-BKI,2025-03-26,10:27:00,11:12:00,10:36:00,11:21:00,9,HIGH
TRN-12010,Synthetic Corridor Express 10,EXPRESS,SEC-BKI-JP,2025-03-26,11:18:00,12:13:00,11:28:00,12:23:00,10,HIGH
TRN-12011,Synthetic Corridor Passenger 11,PASSENGER,SEC-NDLS-RE,2025-03-26,09:00:00,10:02:00,09:04:00,10:06:00,4,MEDIUM
TRN-12011,Synthetic Corridor Passenger 11,PASSENGER,SEC-RE-AWR,2025-03-26,10:11:00,11:10:00,10:16:00,11:16:00,6,MEDIUM
TRN-12011,Synthetic Corridor Passenger 11,PASSENGER,SEC-AWR-BKI,2025-03-26,11:19:00,12:12:00,11:25:00,12:18:00,6,MEDIUM
TRN-12011,Synthetic Corridor Passenger 11,PASSENGER,SEC-BKI-JP,2025-03-26,12:21:00,13:27:00,12:27:00,13:35:00,8,MEDIUM
TRN-12012,Synthetic Corridor Passenger 12,PASSENGER,SEC-NDLS-RE,2025-03-26,09:27:00,10:29:00,09:30:00,10:32:00,3,MEDIUM
TRN-12012,Synthetic Corridor Passenger 12,PASSENGER,SEC-RE-AWR,2025-03-26,10:38:00,11:37:00,10:42:00,11:42:00,5,MEDIUM
TRN-12012,Synthetic Corridor Passenger 12,PASSENGER,SEC-AWR-BKI,2025-03-26,11:46:00,12:39:00,11:51:00,12:45:00,6,MEDIUM
TRN-12012,Synthetic Corridor Passenger 12,PASSENGER,SEC-BKI-JP,2025-03-26,12:48:00,13:54:00,12:54:00,14:00:00,6,MEDIUM
TRN-12013,Synthetic Corridor Passenger 13,PASSENGER,SEC-NDLS-RE,2025-03-26,09:54:00,10:56:00,09:58:00,11:00:00,4,MEDIUM
TRN-12013,Synthetic Corridor Passenger 13,PASSENGER,SEC-RE-AWR,2025-03-26,11:05:00,12:04:00,11:09:00,12:08:00,4,MEDIUM
TRN-12013,Synthetic Corridor Passenger 13,PASSENGER,SEC-AWR-BKI,2025-03-26,12:13:00,13:06:00,12:17:00,13:11:00,5,MEDIUM
TRN-12013,Synthetic Corridor Passenger 13,PASSENGER,SEC-BKI-JP,2025-03-26,13:15:00,14:21:00,13:20:00,14:27:00,6,MEDIUM
TRN-12014,Synthetic Corridor Passenger 14,PASSENGER,SEC-NDLS-RE,2025-03-26,10:21:00,11:23:00,10:24:00,11:27:00,4,MEDIUM
TRN-12014,Synthetic Corridor Passenger 14,PASSENGER,SEC-RE-AWR,2025-03-26,11:32:00,12:31:00,11:36:00,12:35:00,4,MEDIUM
TRN-12014,Synthetic Corridor Passenger 14,PASSENGER,SEC-AWR-BKI,2025-03-26,12:40:00,13:33:00,12:45:00,13:38:00,5,MEDIUM
TRN-12014,Synthetic Corridor Passenger 14,PASSENGER,SEC-BKI-JP,2025-03-26,13:42:00,14:48:00,13:47:00,14:53:00,5,MEDIUM
TRN-12015,Synthetic Corridor Passenger 15,PASSENGER,SEC-NDLS-RE,2025-03-26,10:48:00,11:50:00,10:54:00,11:57:00,7,MEDIUM
TRN-12015,Synthetic Corridor Passenger 15,PASSENGER,SEC-RE-AWR,2025-03-26,11:59:00,12:58:00,12:06:00,13:07:00,9,MEDIUM
TRN-12015,Synthetic Corridor Passenger 15,PASSENGER,SEC-AWR-BKI,2025-03-26,13:07:00,14:00:00,13:16:00,14:09:00,9,MEDIUM
TRN-12015,Synthetic Corridor Passenger 15,PASSENGER,SEC-BKI-JP,2025-03-26,14:09:00,15:15:00,14:18:00,15:24:00,9,MEDIUM
TRN-12016,Synthetic Corridor Passenger 16,PASSENGER,SEC-NDLS-RE,2025-03-26,11:15:00,12:17:00,11:18:00,12:20:00,3,MEDIUM
TRN-12016,Synthetic Corridor Passenger 16,PASSENGER,SEC-RE-AWR,2025-03-26,12:26:00,13:25:00,12:29:00,13:29:00,4,MEDIUM
TRN-12016,Synthetic Corridor Passenger 16,PASSENGER,SEC-AWR-BKI,2025-03-26,13:34:00,14:27:00,13:38:00,14:31:00,4,MEDIUM
TRN-12016,Synthetic Corridor Passenger 16,PASSENGER,SEC-BKI-JP,2025-03-26,14:36:00,15:42:00,14:40:00,15:46:00,4,MEDIUM
TRN-12017,Synthetic Corridor Passenger 17,PASSENGER,SEC-NDLS-RE,2025-03-26,11:42:00,12:44:00,11:44:00,12:46:00,2,MEDIUM
TRN-12017,Synthetic Corridor Passenger 17,PASSENGER,SEC-RE-AWR,2025-03-26,12:53:00,13:52:00,12:55:00,13:56:00,4,MEDIUM
TRN-12017,Synthetic Corridor Passenger 17,PASSENGER,SEC-AWR-BKI,2025-03-26,14:01:00,14:54:00,14:05:00,14:58:00,4,MEDIUM
TRN-12017,Synthetic Corridor Passenger 17,PASSENGER,SEC-BKI-JP,2025-03-26,15:03:00,16:09:00,15:07:00,16:13:00,4,MEDIUM
TRN-12018,Synthetic Corridor Passenger 18,PASSENGER,SEC-NDLS-RE,2025-03-26,12:09:00,13:11:00,12:13:00,13:15:00,4,MEDIUM
TRN-12018,Synthetic Corridor Passenger 18,PASSENGER,SEC-RE-AWR,2025-03-26,13:20:00,14:19:00,13:24:00,14:23:00,4,MEDIUM
TRN-12018,Synthetic Corridor Passenger 18,PASSENGER,SEC-AWR-BKI,2025-03-26,14:28:00,15:21:00,14:32:00,15:26:00,5,MEDIUM
TRN-12018,Synthetic Corridor Passenger 18,PASSENGER,SEC-BKI-JP,2025-03-26,15:30:00,16:36:00,15:35:00,16:41:00,5,MEDIUM
TRN-12019,Synthetic Corridor Freight 19,FREIGHT,SEC-NDLS-RE,2025-03-26,12:36:00,13:58:00,12:37:00,13:59:00,1,LOW
TRN-12019,Synthetic Corridor Freight 19,FREIGHT,SEC-RE-AWR,2025-03-26,14:10:00,15:28:00,14:11:00,15:29:00,1,LOW
TRN-12019,Synthetic Corridor Freight 19,FREIGHT,SEC-AWR-BKI,2025-03-26,15:40:00,16:51:00,15:41:00,16:54:00,3,LOW
TRN-12019,Synthetic Corridor Freight 19,FREIGHT,SEC-BKI-JP,2025-03-26,17:03:00,18:31:00,17:06:00,18:35:00,4,LOW
TRN-12021,Synthetic Corridor Freight 21,FREIGHT,SEC-NDLS-RE,2025-03-26,13:30:00,14:52:00,13:34:00,14:58:00,6,LOW
TRN-12021,Synthetic Corridor Freight 21,FREIGHT,SEC-RE-AWR,2025-03-26,15:04:00,16:22:00,15:11:00,16:31:00,9,LOW
TRN-12021,Synthetic Corridor Freight 21,FREIGHT,SEC-AWR-BKI,2025-03-26,16:34:00,17:45:00,16:43:00,17:55:00,10,LOW
TRN-12021,Synthetic Corridor Freight 21,FREIGHT,SEC-BKI-JP,2025-03-26,17:57:00,19:25:00,18:08:00,19:37:00,12,LOW
TRN-12022,Synthetic Corridor Freight 22,FREIGHT,SEC-NDLS-RE,2025-03-26,13:57:00,15:19:00,13:59:00,15:23:00,4,LOW
TRN-12022,Synthetic Corridor Freight 22,FREIGHT,SEC-RE-AWR,2025-03-26,15:31:00,16:49:00,15:35:00,16:56:00,7,LOW
TRN-12022,Synthetic Corridor Freight 22,FREIGHT,SEC-AWR-BKI,2025-03-26,17:01:00,18:12:00,17:08:00,18:19:00,7,LOW
TRN-12022,Synthetic Corridor Freight 22,FREIGHT,SEC-BKI-JP,2025-03-26,18:24:00,19:52:00,18:31:00,20:00:00,8,LOW
TRN-12023,Synthetic Corridor Freight 23,FREIGHT,SEC-NDLS-RE,2025-03-26,14:24:00,15:46:00,14:28:00,15:50:00,4,LOW
TRN-12023,Synthetic Corridor Freight 23,FREIGHT,SEC-RE-AWR,2025-03-26,15:58:00,17:16:00,16:02:00,17:21:00,5,LOW
TRN-12023,Synthetic Corridor Freight 23,FREIGHT,SEC-AWR-BKI,2025-03-26,17:28:00,18:39:00,17:33:00,18:44:00,5,LOW
TRN-12023,Synthetic Corridor Freight 23,FREIGHT,SEC-BKI-JP,2025-03-26,18:51:00,20:19:00,18:56:00,20:25:00,6,LOW
TRN-12001,Synthetic Corridor Express 01,EXPRESS,SEC-NDLS-RE,2025-03-27,04:30:00,05:22:00,04:31:00,05:24:00,2,HIGH
TRN-12001,Synthetic Corridor Express 01,EXPRESS,SEC-RE-AWR,2025-03-27,05:28:00,06:18:00,05:30:00,06:21:00,3,HIGH
TRN-12001,Synthetic Corridor Express 01,EXPRESS,SEC-AWR-BKI,2025-03-27,06:24:00,07:09:00,06:27:00,07:12:00,3,HIGH
TRN-12001,Synthetic Corridor Express 01,EXPRESS,SEC-BKI-JP,2025-03-27,07:15:00,08:10:00,07:18:00,08:13:00,3,HIGH
TRN-12002,Synthetic Corridor Express 02,EXPRESS,SEC-NDLS-RE,2025-03-27,04:57:00,05:49:00,05:01:00,05:53:00,4,HIGH
TRN-12002,Synthetic Corridor Express 02,EXPRESS,SEC-RE-AWR,2025-03-27,05:55:00,06:45:00,05:59:00,06:51:00,6,HIGH
TRN-12002,Synthetic Corridor Express 02,EXPRESS,SEC-AWR-BKI,2025-03-27,06:51:00,07:36:00,06:57:00,07:43:00,7,HIGH
TRN-12002,Synthetic Corridor Express 02,EXPRESS,SEC-BKI-JP,2025-03-27,07:42:00,08:37:00,07:49:00,08:44:00,7,HIGH
TRN-12004,Synthetic Corridor Express 04,EXPRESS,SEC-NDLS-RE,2025-03-27,05:51:00,06:43:00,05:53:00,06:45:00,2,HIGH
TRN-12004,Synthetic Corridor Express 04,EXPRESS,SEC-RE-AWR,2025-03-27,06:49:00,07:39:00,06:51:00,07:42:00,3,HIGH
TRN-12004,Synthetic Corridor Express 04,EXPRESS,SEC-AWR-BKI,2025-03-27,07:45:00,08:30:00,07:48:00,08:34:00,4,HIGH
TRN-12004,Synthetic Corridor Express 04,EXPRESS,SEC-BKI-JP,2025-03-27,08:36:00,09:31:00,08:40:00,09:37:00,6,HIGH
TRN-12005,Synthetic Corridor Express 05,EXPRESS,SEC-NDLS-RE,2025-03-27,06:18:00,07:10:00,06:24:00,07:16:00,6,HIGH
TRN-12005,Synthetic Corridor Express 05,EXPRESS,SEC-RE-AWR,2025-03-27,07:16:00,08:06:00,07:22:00,08:13:00,7,HIGH
TRN-12005,Synthetic Corridor Express 05,EXPRESS,SEC-AWR-BKI,2025-03-27,08:12:00,08:57:00,08:21:00,09:07:00,10,HIGH
TRN-12005,Synthetic Corridor Express 05,EXPRESS,SEC-BKI-JP,2025-03-27,09:03:00,09:58:00,09:13:00,10:09:00,11,HIGH
TRN-12006,Synthetic Corridor Express 06,EXPRESS,SEC-NDLS-RE,2025-03-27,06:45:00,07:37:00,06:47:00,07:39:00,2,HIGH
TRN-12006,Synthetic Corridor Express 06,EXPRESS,SEC-RE-AWR,2025-03-27,07:43:00,08:33:00,07:46:00,08:36:00,3,HIGH
TRN-12006,Synthetic Corridor Express 06,EXPRESS,SEC-AWR-BKI,2025-03-27,08:39:00,09:24:00,08:42:00,09:27:00,3,HIGH
TRN-12006,Synthetic Corridor Express 06,EXPRESS,SEC-BKI-JP,2025-03-27,09:30:00,10:25:00,09:33:00,10:28:00,3,HIGH
TRN-12008,Synthetic Corridor Express 08,EXPRESS,SEC-NDLS-RE,2025-03-27,07:39:00,08:31:00,07:46:00,08:38:00,7,HIGH
TRN-12008,Synthetic Corridor Express 08,EXPRESS,SEC-RE-AWR,2025-03-27,08:37:00,09:27:00,08:44:00,09:34:00,7,HIGH
TRN-12008,Synthetic Corridor Express 08,EXPRESS,SEC-AWR-BKI,2025-03-27,09:33:00,10:18:00,09:41:00,10:26:00,8,HIGH
TRN-12008,Synthetic Corridor Express 08,EXPRESS,SEC-BKI-JP,2025-03-27,10:24:00,11:19:00,10:32:00,11:27:00,8,HIGH
TRN-12009,Synthetic Corridor Express 09,EXPRESS,SEC-NDLS-RE,2025-03-27,08:06:00,08:58:00,08:09:00,09:02:00,4,HIGH
TRN-12009,Synthetic Corridor Express 09,EXPRESS,SEC-RE-AWR,2025-03-27,09:04:00,09:54:00,09:09:00,09:59:00,5,HIGH
TRN-12009,Synthetic Corridor Express 09,EXPRESS,SEC-AWR-BKI,2025-03-27,10:00:00,10:45:00,10:05:00,10:51:00,6,HIGH
TRN-12009,Synthetic Corridor Express 09,EXPRESS,SEC-BKI-JP,2025-03-27,10:51:00,11:46:00,10:59:00,11:54:00,8,HIGH
TRN-12010,Synthetic Corridor Express 10,EXPRESS,SEC-NDLS-RE,2025-03-27,08:33:00,09:25:00,08:39:00,09:31:00,6,HIGH
TRN-12010,Synthetic Corridor Express 10,EXPRESS,SEC-RE-AWR,2025-03-27,09:31:00,10:21:00,09:37:00,10:27:00,6,HIGH
TRN-12010,Synthetic Corridor Express 10,EXPRESS,SEC-AWR-BKI,2025-03-27,10:27:00,11:12:00,10:34:00,11:19:00,7,HIGH
TRN-12010,Synthetic Corridor Express 10,EXPRESS,SEC-BKI-JP,2025-03-27,11:18:00,12:13:00,11:26:00,12:21:00,8,HIGH
TRN-12011,Synthetic Corridor Passenger 11,PASSENGER,SEC-NDLS-RE,2025-03-27,09:00:00,10:02:00,09:08:00,10:10:00,8,MEDIUM
TRN-12011,Synthetic Corridor Passenger 11,PASSENGER,SEC-RE-AWR,2025-03-27,10:11:00,11:10:00,10:20:00,11:20:00,10,MEDIUM
TRN-12011,Synthetic Corridor Passenger 11,PASSENGER,SEC-AWR-BKI,2025-03-27,11:19:00,12:12:00,11:29:00,12:22:00,10,MEDIUM
TRN-12011,Synthetic Corridor Passenger 11,PASSENGER,SEC-BKI-JP,2025-03-27,12:21:00,13:27:00,12:31:00,13:40:00,13,MEDIUM
TRN-12012,Synthetic Corridor Passenger 12,PASSENGER,SEC-NDLS-RE,2025-03-27,09:27:00,10:29:00,09:30:00,10:32:00,3,MEDIUM
TRN-12012,Synthetic Corridor Passenger 12,PASSENGER,SEC-RE-AWR,2025-03-27,10:38:00,11:37:00,10:41:00,11:41:00,4,MEDIUM
TRN-12012,Synthetic Corridor Passenger 12,PASSENGER,SEC-AWR-BKI,2025-03-27,11:46:00,12:39:00,11:50:00,12:43:00,4,MEDIUM
TRN-12012,Synthetic Corridor Passenger 12,PASSENGER,SEC-BKI-JP,2025-03-27,12:48:00,13:54:00,12:53:00,13:59:00,5,MEDIUM
TRN-12013,Synthetic Corridor Passenger 13,PASSENGER,SEC-NDLS-RE,2025-03-27,09:54:00,10:56:00,10:00:00,11:03:00,7,MEDIUM
TRN-12013,Synthetic Corridor Passenger 13,PASSENGER,SEC-RE-AWR,2025-03-27,11:05:00,12:04:00,11:14:00,12:14:00,10,MEDIUM
TRN-12013,Synthetic Corridor Passenger 13,PASSENGER,SEC-AWR-BKI,2025-03-27,12:13:00,13:06:00,12:23:00,13:17:00,11,MEDIUM
TRN-12013,Synthetic Corridor Passenger 13,PASSENGER,SEC-BKI-JP,2025-03-27,13:15:00,14:21:00,13:26:00,14:35:00,14,MEDIUM
TRN-12014,Synthetic Corridor Passenger 14,PASSENGER,SEC-NDLS-RE,2025-03-27,10:21:00,11:23:00,10:23:00,11:25:00,2,MEDIUM
TRN-12014,Synthetic Corridor Passenger 14,PASSENGER,SEC-RE-AWR,2025-03-27,11:32:00,12:31:00,11:34:00,12:37:00,6,MEDIUM
TRN-12014,Synthetic Corridor Passenger 14,PASSENGER,SEC-AWR-BKI,2025-03-27,12:40:00,13:33:00,12:46:00,13:39:00,6,MEDIUM
TRN-12014,Synthetic Corridor Passenger 14,PASSENGER,SEC-BKI-JP,2025-03-27,13:42:00,14:48:00,13:48:00,14:55:00,7,MEDIUM
TRN-12015,Synthetic Corridor Passenger 15,PASSENGER,SEC-NDLS-RE,2025-03-27,10:48:00,11:50:00,10:53:00,11:56:00,6,MEDIUM
TRN-12015,Synthetic Corridor Passenger 15,PASSENGER,SEC-RE-AWR,2025-03-27,11:59:00,12:58:00,12:05:00,13:05:00,7,MEDIUM
TRN-12015,Synthetic Corridor Passenger 15,PASSENGER,SEC-AWR-BKI,2025-03-27,13:07:00,14:00:00,13:14:00,14:07:00,7,MEDIUM
TRN-12015,Synthetic Corridor Passenger 15,PASSENGER,SEC-BKI-JP,2025-03-27,14:09:00,15:15:00,14:16:00,15:24:00,9,MEDIUM
TRN-12016,Synthetic Corridor Passenger 16,PASSENGER,SEC-NDLS-RE,2025-03-27,11:15:00,12:17:00,11:22:00,12:24:00,7,MEDIUM
TRN-12016,Synthetic Corridor Passenger 16,PASSENGER,SEC-RE-AWR,2025-03-27,12:26:00,13:25:00,12:33:00,13:33:00,8,MEDIUM
TRN-12016,Synthetic Corridor Passenger 16,PASSENGER,SEC-AWR-BKI,2025-03-27,13:34:00,14:27:00,13:42:00,14:36:00,9,MEDIUM
TRN-12016,Synthetic Corridor Passenger 16,PASSENGER,SEC-BKI-JP,2025-03-27,14:36:00,15:42:00,14:46:00,15:52:00,10,MEDIUM
TRN-12017,Synthetic Corridor Passenger 17,PASSENGER,SEC-NDLS-RE,2025-03-27,11:42:00,12:44:00,11:44:00,12:49:00,5,MEDIUM
TRN-12017,Synthetic Corridor Passenger 17,PASSENGER,SEC-RE-AWR,2025-03-27,12:53:00,13:52:00,12:58:00,13:57:00,5,MEDIUM
TRN-12017,Synthetic Corridor Passenger 17,PASSENGER,SEC-AWR-BKI,2025-03-27,14:01:00,14:54:00,14:06:00,15:00:00,6,MEDIUM
TRN-12017,Synthetic Corridor Passenger 17,PASSENGER,SEC-BKI-JP,2025-03-27,15:03:00,16:09:00,15:10:00,16:17:00,8,MEDIUM
TRN-12018,Synthetic Corridor Passenger 18,PASSENGER,SEC-NDLS-RE,2025-03-27,12:09:00,13:11:00,12:10:00,13:14:00,3,MEDIUM
TRN-12018,Synthetic Corridor Passenger 18,PASSENGER,SEC-RE-AWR,2025-03-27,13:20:00,14:19:00,13:23:00,14:24:00,5,MEDIUM
TRN-12018,Synthetic Corridor Passenger 18,PASSENGER,SEC-AWR-BKI,2025-03-27,14:28:00,15:21:00,14:33:00,15:29:00,8,MEDIUM
TRN-12018,Synthetic Corridor Passenger 18,PASSENGER,SEC-BKI-JP,2025-03-27,15:30:00,16:36:00,15:38:00,16:44:00,8,MEDIUM
TRN-12020,Synthetic Corridor Freight 20,FREIGHT,SEC-NDLS-RE,2025-03-27,13:03:00,14:25:00,13:06:00,14:29:00,4,LOW
TRN-12020,Synthetic Corridor Freight 20,FREIGHT,SEC-RE-AWR,2025-03-27,14:37:00,15:55:00,14:42:00,16:00:00,5,LOW
TRN-12020,Synthetic Corridor Freight 20,FREIGHT,SEC-AWR-BKI,2025-03-27,16:07:00,17:18:00,16:12:00,17:24:00,6,LOW
TRN-12020,Synthetic Corridor Freight 20,FREIGHT,SEC-BKI-JP,2025-03-27,17:30:00,18:58:00,17:37:00,19:07:00,9,LOW
TRN-12021,Synthetic Corridor Freight 21,FREIGHT,SEC-NDLS-RE,2025-03-27,13:30:00,14:52:00,13:32:00,14:54:00,2,LOW
TRN-12021,Synthetic Corridor Freight 21,FREIGHT,SEC-RE-AWR,2025-03-27,15:04:00,16:22:00,15:06:00,16:26:00,4,LOW
TRN-12021,Synthetic Corridor Freight 21,FREIGHT,SEC-AWR-BKI,2025-03-27,16:34:00,17:45:00,16:38:00,17:50:00,5,LOW
TRN-12021,Synthetic Corridor Freight 21,FREIGHT,SEC-BKI-JP,2025-03-27,17:57:00,19:25:00,18:02:00,19:30:00,5,LOW
TRN-12022,Synthetic Corridor Freight 22,FREIGHT,SEC-NDLS-RE,2025-03-27,13:57:00,15:19:00,14:02:00,15:24:00,5,LOW
TRN-12022,Synthetic Corridor Freight 22,FREIGHT,SEC-RE-AWR,2025-03-27,15:31:00,16:49:00,15:36:00,16:54:00,5,LOW
TRN-12022,Synthetic Corridor Freight 22,FREIGHT,SEC-AWR-BKI,2025-03-27,17:01:00,18:12:00,17:06:00,18:19:00,7,LOW
TRN-12022,Synthetic Corridor Freight 22,FREIGHT,SEC-BKI-JP,2025-03-27,18:24:00,19:52:00,18:34:00,20:02:00,10,LOW
TRN-12024,Synthetic Corridor Freight 24,FREIGHT,SEC-NDLS-RE,2025-03-27,14:51:00,16:13:00,14:58:00,16:21:00,8,LOW
TRN-12024,Synthetic Corridor Freight 24,FREIGHT,SEC-RE-AWR,2025-03-27,16:25:00,17:43:00,16:34:00,17:53:00,10,LOW
TRN-12024,Synthetic Corridor Freight 24,FREIGHT,SEC-AWR-BKI,2025-03-27,17:55:00,19:06:00,18:05:00,19:16:00,10,LOW
TRN-12024,Synthetic Corridor Freight 24,FREIGHT,SEC-BKI-JP,2025-03-27,19:18:00,20:46:00,19:28:00,20:56:00,10,LOW
TRN-12001,Synthetic Corridor Express 01,EXPRESS,SEC-NDLS-RE,2025-03-28,04:30:00,05:22:00,04:32:00,05:24:00,2,HIGH
TRN-12001,Synthetic Corridor Express 01,EXPRESS,SEC-RE-AWR,2025-03-28,05:28:00,06:18:00,05:30:00,06:20:00,2,HIGH
TRN-12001,Synthetic Corridor Express 01,EXPRESS,SEC-AWR-BKI,2025-03-28,06:24:00,07:09:00,06:26:00,07:11:00,2,HIGH
TRN-12001,Synthetic Corridor Express 01,EXPRESS,SEC-BKI-JP,2025-03-28,07:15:00,08:10:00,07:17:00,08:12:00,2,HIGH
TRN-12002,Synthetic Corridor Express 02,EXPRESS,SEC-NDLS-RE,2025-03-28,04:57:00,05:49:00,04:59:00,05:51:00,2,HIGH
TRN-12002,Synthetic Corridor Express 02,EXPRESS,SEC-RE-AWR,2025-03-28,05:55:00,06:45:00,05:57:00,06:48:00,3,HIGH
TRN-12002,Synthetic Corridor Express 02,EXPRESS,SEC-AWR-BKI,2025-03-28,06:51:00,07:36:00,06:54:00,07:40:00,4,HIGH
TRN-12002,Synthetic Corridor Express 02,EXPRESS,SEC-BKI-JP,2025-03-28,07:42:00,08:37:00,07:46:00,08:42:00,5,HIGH
TRN-12003,Synthetic Corridor Express 03,EXPRESS,SEC-NDLS-RE,2025-03-28,05:24:00,06:16:00,05:26:00,06:18:00,2,HIGH
TRN-12003,Synthetic Corridor Express 03,EXPRESS,SEC-RE-AWR,2025-03-28,06:22:00,07:12:00,06:24:00,07:14:00,2,HIGH
TRN-12003,Synthetic Corridor Express 03,EXPRESS,SEC-AWR-BKI,2025-03-28,07:18:00,08:03:00,07:20:00,08:05:00,2,HIGH
TRN-12003,Synthetic Corridor Express 03,EXPRESS,SEC-BKI-JP,2025-03-28,08:09:00,09:04:00,08:11:00,09:07:00,3,HIGH
TRN-12005,Synthetic Corridor Express 05,EXPRESS,SEC-NDLS-RE,2025-03-28,06:18:00,07:10:00,06:20:00,07:12:00,2,HIGH
TRN-12005,Synthetic Corridor Express 05,EXPRESS,SEC-RE-AWR,2025-03-28,07:16:00,08:06:00,07:18:00,08:09:00,3,HIGH
TRN-12005,Synthetic Corridor Express 05,EXPRESS,SEC-AWR-BKI,2025-03-28,08:12:00,08:57:00,08:16:00,09:01:00,4,HIGH
TRN-12005,Synthetic Corridor Express 05,EXPRESS,SEC-BKI-JP,2025-03-28,09:03:00,09:58:00,09:07:00,10:03:00,5,HIGH
TRN-12006,Synthetic Corridor Express 06,EXPRESS,SEC-NDLS-RE,2025-03-28,06:45:00,07:37:00,06:45:00,07:38:00,1,HIGH
TRN-12006,Synthetic Corridor Express 06,EXPRESS,SEC-RE-AWR,2025-03-28,07:43:00,08:33:00,07:44:00,08:34:00,1,HIGH
TRN-12006,Synthetic Corridor Express 06,EXPRESS,SEC-AWR-BKI,2025-03-28,08:39:00,09:24:00,08:40:00,09:26:00,2,HIGH
TRN-12006,Synthetic Corridor Express 06,EXPRESS,SEC-BKI-JP,2025-03-28,09:30:00,10:25:00,09:32:00,10:27:00,2,HIGH
TRN-12007,Synthetic Corridor Express 07,EXPRESS,SEC-NDLS-RE,2025-03-28,07:12:00,08:04:00,07:18:00,08:10:00,6,HIGH
TRN-12007,Synthetic Corridor Express 07,EXPRESS,SEC-RE-AWR,2025-03-28,08:10:00,09:00:00,08:16:00,09:06:00,6,HIGH
TRN-12007,Synthetic Corridor Express 07,EXPRESS,SEC-AWR-BKI,2025-03-28,09:06:00,09:51:00,09:13:00,09:58:00,7,HIGH
TRN-12007,Synthetic Corridor Express 07,EXPRESS,SEC-BKI-JP,2025-03-28,09:57:00,10:52:00,10:04:00,11:00:00,8,HIGH
TRN-12009,Synthetic Corridor Express 09,EXPRESS,SEC-NDLS-RE,2025-03-28,08:06:00,08:58:00,08:09:00,09:01:00,3,HIGH
TRN-12009,Synthetic Corridor Express 09,EXPRESS,SEC-RE-AWR,2025-03-28,09:04:00,09:54:00,09:09:00,09:59:00,5,HIGH
TRN-12009,Synthetic Corridor Express 09,EXPRESS,SEC-AWR-BKI,2025-03-28,10:00:00,10:45:00,10:05:00,10:50:00,5,HIGH
TRN-12009,Synthetic Corridor Express 09,EXPRESS,SEC-BKI-JP,2025-03-28,10:51:00,11:46:00,10:57:00,11:52:00,6,HIGH
TRN-12010,Synthetic Corridor Express 10,EXPRESS,SEC-NDLS-RE,2025-03-28,08:33:00,09:25:00,08:38:00,09:32:00,7,HIGH
TRN-12010,Synthetic Corridor Express 10,EXPRESS,SEC-RE-AWR,2025-03-28,09:31:00,10:21:00,09:39:00,10:29:00,8,HIGH
TRN-12010,Synthetic Corridor Express 10,EXPRESS,SEC-AWR-BKI,2025-03-28,10:27:00,11:12:00,10:35:00,11:20:00,8,HIGH
TRN-12010,Synthetic Corridor Express 10,EXPRESS,SEC-BKI-JP,2025-03-28,11:18:00,12:13:00,11:26:00,12:21:00,8,HIGH
TRN-12011,Synthetic Corridor Passenger 11,PASSENGER,SEC-NDLS-RE,2025-03-28,09:00:00,10:02:00,09:02:00,10:04:00,2,MEDIUM
TRN-12011,Synthetic Corridor Passenger 11,PASSENGER,SEC-RE-AWR,2025-03-28,10:11:00,11:10:00,10:14:00,11:14:00,4,MEDIUM
TRN-12011,Synthetic Corridor Passenger 11,PASSENGER,SEC-AWR-BKI,2025-03-28,11:19:00,12:12:00,11:23:00,12:16:00,4,MEDIUM
TRN-12011,Synthetic Corridor Passenger 11,PASSENGER,SEC-BKI-JP,2025-03-28,12:21:00,13:27:00,12:25:00,13:32:00,5,MEDIUM
TRN-12012,Synthetic Corridor Passenger 12,PASSENGER,SEC-NDLS-RE,2025-03-28,09:27:00,10:29:00,09:31:00,10:33:00,4,MEDIUM
TRN-12012,Synthetic Corridor Passenger 12,PASSENGER,SEC-RE-AWR,2025-03-28,10:38:00,11:37:00,10:42:00,11:42:00,5,MEDIUM
TRN-12012,Synthetic Corridor Passenger 12,PASSENGER,SEC-AWR-BKI,2025-03-28,11:46:00,12:39:00,11:51:00,12:44:00,5,MEDIUM
TRN-12012,Synthetic Corridor Passenger 12,PASSENGER,SEC-BKI-JP,2025-03-28,12:48:00,13:54:00,12:54:00,14:02:00,8,MEDIUM
TRN-12013,Synthetic Corridor Passenger 13,PASSENGER,SEC-NDLS-RE,2025-03-28,09:54:00,10:56:00,09:58:00,11:00:00,4,MEDIUM
TRN-12013,Synthetic Corridor Passenger 13,PASSENGER,SEC-RE-AWR,2025-03-28,11:05:00,12:04:00,11:10:00,12:10:00,6,MEDIUM
TRN-12013,Synthetic Corridor Passenger 13,PASSENGER,SEC-AWR-BKI,2025-03-28,12:13:00,13:06:00,12:19:00,13:12:00,6,MEDIUM
TRN-12013,Synthetic Corridor Passenger 13,PASSENGER,SEC-BKI-JP,2025-03-28,13:15:00,14:21:00,13:22:00,14:28:00,7,MEDIUM
TRN-12014,Synthetic Corridor Passenger 14,PASSENGER,SEC-NDLS-RE,2025-03-28,10:21:00,11:23:00,10:23:00,11:26:00,3,MEDIUM
TRN-12014,Synthetic Corridor Passenger 14,PASSENGER,SEC-RE-AWR,2025-03-28,11:32:00,12:31:00,11:35:00,12:35:00,4,MEDIUM
TRN-12014,Synthetic Corridor Passenger 14,PASSENGER,SEC-AWR-BKI,2025-03-28,12:40:00,13:33:00,12:44:00,13:38:00,5,MEDIUM
TRN-12014,Synthetic Corridor Passenger 14,PASSENGER,SEC-BKI-JP,2025-03-28,13:42:00,14:48:00,13:47:00,14:54:00,6,MEDIUM
TRN-12015,Synthetic Corridor Passenger 15,PASSENGER,SEC-NDLS-RE,2025-03-28,10:48:00,11:50:00,10:50:00,11:52:00,2,MEDIUM
TRN-12015,Synthetic Corridor Passenger 15,PASSENGER,SEC-RE-AWR,2025-03-28,11:59:00,12:58:00,12:01:00,13:02:00,4,MEDIUM
TRN-12015,Synthetic Corridor Passenger 15,PASSENGER,SEC-AWR-BKI,2025-03-28,13:07:00,14:00:00,13:12:00,14:06:00,6,MEDIUM
TRN-12015,Synthetic Corridor Passenger 15,PASSENGER,SEC-BKI-JP,2025-03-28,14:09:00,15:15:00,14:15:00,15:21:00,6,MEDIUM
TRN-12016,Synthetic Corridor Passenger 16,PASSENGER,SEC-NDLS-RE,2025-03-28,11:15:00,12:17:00,11:17:00,12:19:00,2,MEDIUM
TRN-12016,Synthetic Corridor Passenger 16,PASSENGER,SEC-RE-AWR,2025-03-28,12:26:00,13:25:00,12:28:00,13:27:00,2,MEDIUM
TRN-12016,Synthetic Corridor Passenger 16,PASSENGER,SEC-AWR-BKI,2025-03-28,13:34:00,14:27:00,13:37:00,14:30:00,3,MEDIUM
TRN-12016,Synthetic Corridor Passenger 16,PASSENGER,SEC-BKI-JP,2025-03-28,14:36:00,15:42:00,14:39:00,15:46:00,4,MEDIUM
TRN-12017,Synthetic Corridor Passenger 17,PASSENGER,SEC-NDLS-RE,2025-03-28,11:42:00,12:44:00,11:45:00,12:47:00,3,MEDIUM
TRN-12017,Synthetic Corridor Passenger 17,PASSENGER,SEC-RE-AWR,2025-03-28,12:53:00,13:52:00,12:56:00,13:57:00,5,MEDIUM
TRN-12017,Synthetic Corridor Passenger 17,PASSENGER,SEC-AWR-BKI,2025-03-28,14:01:00,14:54:00,14:06:00,15:00:00,6,MEDIUM
TRN-12017,Synthetic Corridor Passenger 17,PASSENGER,SEC-BKI-JP,2025-03-28,15:03:00,16:09:00,15:09:00,16:16:00,7,MEDIUM
TRN-12018,Synthetic Corridor Passenger 18,PASSENGER,SEC-NDLS-RE,2025-03-28,12:09:00,13:11:00,12:12:00,13:14:00,3,MEDIUM
TRN-12018,Synthetic Corridor Passenger 18,PASSENGER,SEC-RE-AWR,2025-03-28,13:20:00,14:19:00,13:23:00,14:22:00,3,MEDIUM
TRN-12018,Synthetic Corridor Passenger 18,PASSENGER,SEC-AWR-BKI,2025-03-28,14:28:00,15:21:00,14:32:00,15:25:00,4,MEDIUM
TRN-12018,Synthetic Corridor Passenger 18,PASSENGER,SEC-BKI-JP,2025-03-28,15:30:00,16:36:00,15:34:00,16:41:00,5,MEDIUM
TRN-12019,Synthetic Corridor Freight 19,FREIGHT,SEC-NDLS-RE,2025-03-28,12:36:00,13:58:00,12:40:00,14:04:00,6,LOW
TRN-12019,Synthetic Corridor Freight 19,FREIGHT,SEC-RE-AWR,2025-03-28,14:10:00,15:28:00,14:16:00,15:35:00,7,LOW
TRN-12019,Synthetic Corridor Freight 19,FREIGHT,SEC-AWR-BKI,2025-03-28,15:40:00,16:51:00,15:47:00,16:59:00,8,LOW
TRN-12019,Synthetic Corridor Freight 19,FREIGHT,SEC-BKI-JP,2025-03-28,17:03:00,18:31:00,17:11:00,18:40:00,9,LOW
TRN-12021,Synthetic Corridor Freight 21,FREIGHT,SEC-NDLS-RE,2025-03-28,13:30:00,14:52:00,13:33:00,14:56:00,4,LOW
TRN-12021,Synthetic Corridor Freight 21,FREIGHT,SEC-RE-AWR,2025-03-28,15:04:00,16:22:00,15:08:00,16:28:00,6,LOW
TRN-12021,Synthetic Corridor Freight 21,FREIGHT,SEC-AWR-BKI,2025-03-28,16:34:00,17:45:00,16:40:00,17:53:00,8,LOW
TRN-12021,Synthetic Corridor Freight 21,FREIGHT,SEC-BKI-JP,2025-03-28,17:57:00,19:25:00,18:05:00,19:33:00,8,LOW
TRN-12022,Synthetic Corridor Freight 22,FREIGHT,SEC-NDLS-RE,2025-03-28,13:57:00,15:19:00,14:00:00,15:23:00,4,LOW
TRN-12022,Synthetic Corridor Freight 22,FREIGHT,SEC-RE-AWR,2025-03-28,15:31:00,16:49:00,15:35:00,16:53:00,4,LOW
TRN-12022,Synthetic Corridor Freight 22,FREIGHT,SEC-AWR-BKI,2025-03-28,17:01:00,18:12:00,17:05:00,18:17:00,5,LOW
TRN-12022,Synthetic Corridor Freight 22,FREIGHT,SEC-BKI-JP,2025-03-28,18:24:00,19:52:00,18:29:00,19:58:00,6,LOW
TRN-12023,Synthetic Corridor Freight 23,FREIGHT,SEC-NDLS-RE,2025-03-28,14:24:00,15:46:00,14:29:00,15:51:00,5,LOW
TRN-12023,Synthetic Corridor Freight 23,FREIGHT,SEC-RE-AWR,2025-03-28,15:58:00,17:16:00,16:04:00,17:23:00,7,LOW
TRN-12023,Synthetic Corridor Freight 23,FREIGHT,SEC-AWR-BKI,2025-03-28,17:28:00,18:39:00,17:35:00,18:46:00,7,LOW
TRN-12023,Synthetic Corridor Freight 23,FREIGHT,SEC-BKI-JP,2025-03-28,18:51:00,20:19:00,18:58:00,20:26:00,7,LOW
TRN-12001,Synthetic Corridor Express 01,EXPRESS,SEC-NDLS-RE,2025-03-29,04:30:00,05:22:00,04:32:00,05:24:00,2,HIGH
TRN-12001,Synthetic Corridor Express 01,EXPRESS,SEC-RE-AWR,2025-03-29,05:28:00,06:18:00,05:30:00,06:20:00,2,HIGH
TRN-12001,Synthetic Corridor Express 01,EXPRESS,SEC-AWR-BKI,2025-03-29,06:24:00,07:09:00,06:26:00,07:12:00,3,HIGH
TRN-12001,Synthetic Corridor Express 01,EXPRESS,SEC-BKI-JP,2025-03-29,07:15:00,08:10:00,07:20:00,08:15:00,5,HIGH
TRN-12004,Synthetic Corridor Express 04,EXPRESS,SEC-NDLS-RE,2025-03-29,05:51:00,06:43:00,05:51:00,06:44:00,1,HIGH
TRN-12004,Synthetic Corridor Express 04,EXPRESS,SEC-RE-AWR,2025-03-29,06:49:00,07:39:00,06:50:00,07:41:00,2,HIGH
TRN-12004,Synthetic Corridor Express 04,EXPRESS,SEC-AWR-BKI,2025-03-29,07:45:00,08:30:00,07:47:00,08:32:00,2,HIGH
TRN-12004,Synthetic Corridor Express 04,EXPRESS,SEC-BKI-JP,2025-03-29,08:36:00,09:31:00,08:38:00,09:33:00,2,HIGH
TRN-12005,Synthetic Corridor Express 05,EXPRESS,SEC-NDLS-RE,2025-03-29,06:18:00,07:10:00,06:20:00,07:12:00,2,HIGH
TRN-12005,Synthetic Corridor Express 05,EXPRESS,SEC-RE-AWR,2025-03-29,07:16:00,08:06:00,07:18:00,08:09:00,3,HIGH
TRN-12005,Synthetic Corridor Express 05,EXPRESS,SEC-AWR-BKI,2025-03-29,08:12:00,08:57:00,08:16:00,09:03:00,6,HIGH
TRN-12005,Synthetic Corridor Express 05,EXPRESS,SEC-BKI-JP,2025-03-29,09:03:00,09:58:00,09:09:00,10:04:00,6,HIGH
TRN-12008,Synthetic Corridor Express 08,EXPRESS,SEC-NDLS-RE,2025-03-29,07:39:00,08:31:00,07:43:00,08:35:00,4,HIGH
TRN-12008,Synthetic Corridor Express 08,EXPRESS,SEC-RE-AWR,2025-03-29,08:37:00,09:27:00,08:41:00,09:31:00,4,HIGH
TRN-12008,Synthetic Corridor Express 08,EXPRESS,SEC-AWR-BKI,2025-03-29,09:33:00,10:18:00,09:37:00,10:22:00,4,HIGH
TRN-12008,Synthetic Corridor Express 08,EXPRESS,SEC-BKI-JP,2025-03-29,10:24:00,11:19:00,10:29:00,11:26:00,7,HIGH
TRN-12009,Synthetic Corridor Express 09,EXPRESS,SEC-NDLS-RE,2025-03-29,08:06:00,08:58:00,08:10:00,09:02:00,4,HIGH
TRN-12009,Synthetic Corridor Express 09,EXPRESS,SEC-RE-AWR,2025-03-29,09:04:00,09:54:00,09:09:00,09:59:00,5,HIGH
TRN-12009,Synthetic Corridor Express 09,EXPRESS,SEC-AWR-BKI,2025-03-29,10:00:00,10:45:00,10:06:00,10:52:00,7,HIGH
TRN-12009,Synthetic Corridor Express 09,EXPRESS,SEC-BKI-JP,2025-03-29,10:51:00,11:46:00,10:58:00,11:53:00,7,HIGH
TRN-12011,Synthetic Corridor Passenger 11,PASSENGER,SEC-NDLS-RE,2025-03-29,09:00:00,10:02:00,09:05:00,10:07:00,5,MEDIUM
TRN-12011,Synthetic Corridor Passenger 11,PASSENGER,SEC-RE-AWR,2025-03-29,10:11:00,11:10:00,10:16:00,11:16:00,6,MEDIUM
TRN-12011,Synthetic Corridor Passenger 11,PASSENGER,SEC-AWR-BKI,2025-03-29,11:19:00,12:12:00,11:26:00,12:21:00,9,MEDIUM
TRN-12011,Synthetic Corridor Passenger 11,PASSENGER,SEC-BKI-JP,2025-03-29,12:21:00,13:27:00,12:30:00,13:37:00,10,MEDIUM
TRN-12012,Synthetic Corridor Passenger 12,PASSENGER,SEC-NDLS-RE,2025-03-29,09:27:00,10:29:00,09:32:00,10:35:00,6,MEDIUM
TRN-12012,Synthetic Corridor Passenger 12,PASSENGER,SEC-RE-AWR,2025-03-29,10:38:00,11:37:00,10:44:00,11:43:00,6,MEDIUM
TRN-12012,Synthetic Corridor Passenger 12,PASSENGER,SEC-AWR-BKI,2025-03-29,11:46:00,12:39:00,11:52:00,12:45:00,6,MEDIUM
TRN-12012,Synthetic Corridor Passenger 12,PASSENGER,SEC-BKI-JP,2025-03-29,12:48:00,13:54:00,12:55:00,14:02:00,8,MEDIUM
TRN-12013,Synthetic Corridor Passenger 13,PASSENGER,SEC-NDLS-RE,2025-03-29,09:54:00,10:56:00,09:58:00,11:00:00,4,MEDIUM
TRN-12013,Synthetic Corridor Passenger 13,PASSENGER,SEC-RE-AWR,2025-03-29,11:05:00,12:04:00,11:09:00,12:09:00,5,MEDIUM
TRN-12013,Synthetic Corridor Passenger 13,PASSENGER,SEC-AWR-BKI,2025-03-29,12:13:00,13:06:00,12:18:00,13:11:00,5,MEDIUM
TRN-12013,Synthetic Corridor Passenger 13,PASSENGER,SEC-BKI-JP,2025-03-29,13:15:00,14:21:00,13:21:00,14:27:00,6,MEDIUM
TRN-12014,Synthetic Corridor Passenger 14,PASSENGER,SEC-NDLS-RE,2025-03-29,10:21:00,11:23:00,10:21:00,11:23:00,0,MEDIUM
TRN-12014,Synthetic Corridor Passenger 14,PASSENGER,SEC-RE-AWR,2025-03-29,11:32:00,12:31:00,11:32:00,12:32:00,1,MEDIUM
TRN-12014,Synthetic Corridor Passenger 14,PASSENGER,SEC-AWR-BKI,2025-03-29,12:40:00,13:33:00,12:42:00,13:36:00,3,MEDIUM
TRN-12014,Synthetic Corridor Passenger 14,PASSENGER,SEC-BKI-JP,2025-03-29,13:42:00,14:48:00,13:45:00,14:52:00,4,MEDIUM
TRN-12015,Synthetic Corridor Passenger 15,PASSENGER,SEC-NDLS-RE,2025-03-29,10:48:00,11:50:00,10:52:00,11:55:00,5,MEDIUM
TRN-12015,Synthetic Corridor Passenger 15,PASSENGER,SEC-RE-AWR,2025-03-29,11:59:00,12:58:00,12:04:00,13:04:00,6,MEDIUM
TRN-12015,Synthetic Corridor Passenger 15,PASSENGER,SEC-AWR-BKI,2025-03-29,13:07:00,14:00:00,13:14:00,14:07:00,7,MEDIUM
TRN-12015,Synthetic Corridor Passenger 15,PASSENGER,SEC-BKI-JP,2025-03-29,14:09:00,15:15:00,14:16:00,15:22:00,7,MEDIUM
TRN-12016,Synthetic Corridor Passenger 16,PASSENGER,SEC-NDLS-RE,2025-03-29,11:15:00,12:17:00,11:20:00,12:22:00,5,MEDIUM
TRN-12016,Synthetic Corridor Passenger 16,PASSENGER,SEC-RE-AWR,2025-03-29,12:26:00,13:25:00,12:31:00,13:30:00,5,MEDIUM
TRN-12016,Synthetic Corridor Passenger 16,PASSENGER,SEC-AWR-BKI,2025-03-29,13:34:00,14:27:00,13:39:00,14:32:00,5,MEDIUM
TRN-12016,Synthetic Corridor Passenger 16,PASSENGER,SEC-BKI-JP,2025-03-29,14:36:00,15:42:00,14:41:00,15:47:00,5,MEDIUM
TRN-12017,Synthetic Corridor Passenger 17,PASSENGER,SEC-NDLS-RE,2025-03-29,11:42:00,12:44:00,11:45:00,12:47:00,3,MEDIUM
TRN-12017,Synthetic Corridor Passenger 17,PASSENGER,SEC-RE-AWR,2025-03-29,12:53:00,13:52:00,12:56:00,13:55:00,3,MEDIUM
TRN-12017,Synthetic Corridor Passenger 17,PASSENGER,SEC-AWR-BKI,2025-03-29,14:01:00,14:54:00,14:04:00,14:57:00,3,MEDIUM
TRN-12017,Synthetic Corridor Passenger 17,PASSENGER,SEC-BKI-JP,2025-03-29,15:03:00,16:09:00,15:07:00,16:13:00,4,MEDIUM
TRN-12018,Synthetic Corridor Passenger 18,PASSENGER,SEC-NDLS-RE,2025-03-29,12:09:00,13:11:00,12:12:00,13:14:00,3,MEDIUM
TRN-12018,Synthetic Corridor Passenger 18,PASSENGER,SEC-RE-AWR,2025-03-29,13:20:00,14:19:00,13:23:00,14:23:00,4,MEDIUM
TRN-12018,Synthetic Corridor Passenger 18,PASSENGER,SEC-AWR-BKI,2025-03-29,14:28:00,15:21:00,14:32:00,15:25:00,4,MEDIUM
TRN-12018,Synthetic Corridor Passenger 18,PASSENGER,SEC-BKI-JP,2025-03-29,15:30:00,16:36:00,15:35:00,16:42:00,6,MEDIUM
TRN-12020,Synthetic Corridor Freight 20,FREIGHT,SEC-NDLS-RE,2025-03-29,13:03:00,14:25:00,13:06:00,14:28:00,3,LOW
TRN-12020,Synthetic Corridor Freight 20,FREIGHT,SEC-RE-AWR,2025-03-29,14:37:00,15:55:00,14:40:00,15:58:00,3,LOW
TRN-12020,Synthetic Corridor Freight 20,FREIGHT,SEC-AWR-BKI,2025-03-29,16:07:00,17:18:00,16:10:00,17:22:00,4,LOW
TRN-12020,Synthetic Corridor Freight 20,FREIGHT,SEC-BKI-JP,2025-03-29,17:30:00,18:58:00,17:34:00,19:04:00,6,LOW
TRN-12021,Synthetic Corridor Freight 21,FREIGHT,SEC-NDLS-RE,2025-03-29,13:30:00,14:52:00,13:38:00,15:02:00,10,LOW
TRN-12021,Synthetic Corridor Freight 21,FREIGHT,SEC-RE-AWR,2025-03-29,15:04:00,16:22:00,15:14:00,16:33:00,11,LOW
TRN-12021,Synthetic Corridor Freight 21,FREIGHT,SEC-AWR-BKI,2025-03-29,16:34:00,17:45:00,16:45:00,17:56:00,11,LOW
TRN-12021,Synthetic Corridor Freight 21,FREIGHT,SEC-BKI-JP,2025-03-29,17:57:00,19:25:00,18:08:00,19:38:00,13,LOW
TRN-12024,Synthetic Corridor Freight 24,FREIGHT,SEC-NDLS-RE,2025-03-29,14:51:00,16:13:00,14:52:00,16:14:00,1,LOW
TRN-12024,Synthetic Corridor Freight 24,FREIGHT,SEC-RE-AWR,2025-03-29,16:25:00,17:43:00,16:27:00,17:47:00,4,LOW
TRN-12024,Synthetic Corridor Freight 24,FREIGHT,SEC-AWR-BKI,2025-03-29,17:55:00,19:06:00,17:59:00,19:11:00,5,LOW
TRN-12024,Synthetic Corridor Freight 24,FREIGHT,SEC-BKI-JP,2025-03-29,19:18:00,20:46:00,19:24:00,20:52:00,6,LOW
TRN-12001,Synthetic Corridor Express 01,EXPRESS,SEC-NDLS-RE,2025-03-30,04:30:00,05:22:00,04:33:00,05:25:00,3,HIGH
TRN-12001,Synthetic Corridor Express 01,EXPRESS,SEC-RE-AWR,2025-03-30,05:28:00,06:18:00,05:31:00,06:21:00,3,HIGH
TRN-12001,Synthetic Corridor Express 01,EXPRESS,SEC-AWR-BKI,2025-03-30,06:24:00,07:09:00,06:29:00,07:15:00,6,HIGH
TRN-12001,Synthetic Corridor Express 01,EXPRESS,SEC-BKI-JP,2025-03-30,07:15:00,08:10:00,07:21:00,08:16:00,6,HIGH
TRN-12003,Synthetic Corridor Express 03,EXPRESS,SEC-NDLS-RE,2025-03-30,05:24:00,06:16:00,05:28:00,06:20:00,4,HIGH
TRN-12003,Synthetic Corridor Express 03,EXPRESS,SEC-RE-AWR,2025-03-30,06:22:00,07:12:00,06:26:00,07:16:00,4,HIGH
TRN-12003,Synthetic Corridor Express 03,EXPRESS,SEC-AWR-BKI,2025-03-30,07:18:00,08:03:00,07:23:00,08:08:00,5,HIGH
TRN-12003,Synthetic Corridor Express 03,EXPRESS,SEC-BKI-JP,2025-03-30,08:09:00,09:04:00,08:14:00,09:09:00,5,HIGH
TRN-12005,Synthetic Corridor Express 05,EXPRESS,SEC-NDLS-RE,2025-03-30,06:18:00,07:10:00,06:21:00,07:13:00,3,HIGH
TRN-12005,Synthetic Corridor Express 05,EXPRESS,SEC-RE-AWR,2025-03-30,07:16:00,08:06:00,07:19:00,08:09:00,3,HIGH
TRN-12005,Synthetic Corridor Express 05,EXPRESS,SEC-AWR-BKI,2025-03-30,08:12:00,08:57:00,08:15:00,09:00:00,3,HIGH
TRN-12005,Synthetic Corridor Express 05,EXPRESS,SEC-BKI-JP,2025-03-30,09:03:00,09:58:00,09:06:00,10:01:00,3,HIGH
TRN-12007,Synthetic Corridor Express 07,EXPRESS,SEC-NDLS-RE,2025-03-30,07:12:00,08:04:00,07:15:00,08:07:00,3,HIGH
TRN-12007,Synthetic Corridor Express 07,EXPRESS,SEC-RE-AWR,2025-03-30,08:10:00,09:00:00,08:15:00,09:05:00,5,HIGH
TRN-12007,Synthetic Corridor Express 07,EXPRESS,SEC-AWR-BKI,2025-03-30,09:06:00,09:51:00,09:11:00,09:57:00,6,HIGH
TRN-12007,Synthetic Corridor Express 07,EXPRESS,SEC-BKI-JP,2025-03-30,09:57:00,10:52:00,10:03:00,10:59:00,7,HIGH
TRN-12009,Synthetic Corridor Express 09,EXPRESS,SEC-NDLS-RE,2025-03-30,08:06:00,08:58:00,08:07:00,08:59:00,1,HIGH
TRN-12009,Synthetic Corridor Express 09,EXPRESS,SEC-RE-AWR,2025-03-30,09:04:00,09:54:00,09:05:00,09:55:00,1,HIGH
TRN-12009,Synthetic Corridor Express 09,EXPRESS,SEC-AWR-BKI,2025-03-30,10:00:00,10:45:00,10:01:00,10:46:00,1,HIGH
TRN-12009,Synthetic Corridor Express 09,EXPRESS,SEC-BKI-JP,2025-03-30,10:51:00,11:46:00,10:52:00,11:47:00,1,HIGH
TRN-12011,Synthetic Corridor Passenger 11,PASSENGER,SEC-NDLS-RE,2025-03-30,09:00:00,10:02:00,09:04:00,10:06:00,4,MEDIUM
TRN-12011,Synthetic Corridor Passenger 11,PASSENGER,SEC-RE-AWR,2025-03-30,10:11:00,11:10:00,10:15:00,11:14:00,4,MEDIUM
TRN-12011,Synthetic Corridor Passenger 11,PASSENGER,SEC-AWR-BKI,2025-03-30,11:19:00,12:12:00,11:23:00,12:17:00,5,MEDIUM
TRN-12011,Synthetic Corridor Passenger 11,PASSENGER,SEC-BKI-JP,2025-03-30,12:21:00,13:27:00,12:26:00,13:32:00,5,MEDIUM
TRN-12012,Synthetic Corridor Passenger 12,PASSENGER,SEC-NDLS-RE,2025-03-30,09:27:00,10:29:00,09:34:00,10:37:00,8,MEDIUM
TRN-12012,Synthetic Corridor Passenger 12,PASSENGER,SEC-RE-AWR,2025-03-30,10:38:00,11:37:00,10:46:00,11:45:00,8,MEDIUM
TRN-12012,Synthetic Corridor Passenger 12,PASSENGER,SEC-AWR-BKI,2025-03-30,11:46:00,12:39:00,11:54:00,12:48:00,9,MEDIUM
TRN-12012,Synthetic Corridor Passenger 12,PASSENGER,SEC-BKI-JP,2025-03-30,12:48:00,13:54:00,12:57:00,14:03:00,9,MEDIUM
TRN-12013,Synthetic Corridor Passenger 13,PASSENGER,SEC-NDLS-RE,2025-03-30,09:54:00,10:56:00,10:00:00,11:02:00,6,MEDIUM
TRN-12013,Synthetic Corridor Passenger 13,PASSENGER,SEC-RE-AWR,2025-03-30,11:05:00,12:04:00,11:12:00,12:11:00,7,MEDIUM
TRN-12013,Synthetic Corridor Passenger 13,PASSENGER,SEC-AWR-BKI,2025-03-30,12:13:00,13:06:00,12:20:00,13:13:00,7,MEDIUM
TRN-12013,Synthetic Corridor Passenger 13,PASSENGER,SEC-BKI-JP,2025-03-30,13:15:00,14:21:00,13:22:00,14:30:00,9,MEDIUM
TRN-12014,Synthetic Corridor Passenger 14,PASSENGER,SEC-NDLS-RE,2025-03-30,10:21:00,11:23:00,10:26:00,11:30:00,7,MEDIUM
TRN-12014,Synthetic Corridor Passenger 14,PASSENGER,SEC-RE-AWR,2025-03-30,11:32:00,12:31:00,11:39:00,12:40:00,9,MEDIUM
TRN-12014,Synthetic Corridor Passenger 14,PASSENGER,SEC-AWR-BKI,2025-03-30,12:40:00,13:33:00,12:49:00,13:42:00,9,MEDIUM
TRN-12014,Synthetic Corridor Passenger 14,PASSENGER,SEC-BKI-JP,2025-03-30,13:42:00,14:48:00,13:51:00,14:58:00,10,MEDIUM
TRN-12015,Synthetic Corridor Passenger 15,PASSENGER,SEC-NDLS-RE,2025-03-30,10:48:00,11:50:00,10:52:00,11:54:00,4,MEDIUM
TRN-12015,Synthetic Corridor Passenger 15,PASSENGER,SEC-RE-AWR,2025-03-30,11:59:00,12:58:00,12:04:00,13:03:00,5,MEDIUM
TRN-12015,Synthetic Corridor Passenger 15,PASSENGER,SEC-AWR-BKI,2025-03-30,13:07:00,14:00:00,13:12:00,14:06:00,6,MEDIUM
TRN-12015,Synthetic Corridor Passenger 15,PASSENGER,SEC-BKI-JP,2025-03-30,14:09:00,15:15:00,14:15:00,15:21:00,6,MEDIUM
TRN-12016,Synthetic Corridor Passenger 16,PASSENGER,SEC-NDLS-RE,2025-03-30,11:15:00,12:17:00,11:21:00,12:27:00,10,MEDIUM
TRN-12016,Synthetic Corridor Passenger 16,PASSENGER,SEC-RE-AWR,2025-03-30,12:26:00,13:25:00,12:36:00,13:36:00,11,MEDIUM
TRN-12016,Synthetic Corridor Passenger 16,PASSENGER,SEC-AWR-BKI,2025-03-30,13:34:00,14:27:00,13:46:00,14:40:00,13,MEDIUM
TRN-12016,Synthetic Corridor Passenger 16,PASSENGER,SEC-BKI-JP,2025-03-30,14:36:00,15:42:00,14:49:00,15:56:00,14,MEDIUM
TRN-12017,Synthetic Corridor Passenger 17,PASSENGER,SEC-NDLS-RE,2025-03-30,11:42:00,12:44:00,11:47:00,12:49:00,5,MEDIUM
TRN-12017,Synthetic Corridor Passenger 17,PASSENGER,SEC-RE-AWR,2025-03-30,12:53:00,13:52:00,12:59:00,13:58:00,6,MEDIUM
TRN-12017,Synthetic Corridor Passenger 17,PASSENGER,SEC-AWR-BKI,2025-03-30,14:01:00,14:54:00,14:07:00,15:00:00,6,MEDIUM
TRN-12017,Synthetic Corridor Passenger 17,PASSENGER,SEC-BKI-JP,2025-03-30,15:03:00,16:09:00,15:09:00,16:16:00,7,MEDIUM
TRN-12018,Synthetic Corridor Passenger 18,PASSENGER,SEC-NDLS-RE,2025-03-30,12:09:00,13:11:00,12:13:00,13:15:00,4,MEDIUM
TRN-12018,Synthetic Corridor Passenger 18,PASSENGER,SEC-RE-AWR,2025-03-30,13:20:00,14:19:00,13:25:00,14:25:00,6,MEDIUM
TRN-12018,Synthetic Corridor Passenger 18,PASSENGER,SEC-AWR-BKI,2025-03-30,14:28:00,15:21:00,14:34:00,15:28:00,7,MEDIUM
TRN-12018,Synthetic Corridor Passenger 18,PASSENGER,SEC-BKI-JP,2025-03-30,15:30:00,16:36:00,15:37:00,16:45:00,9,MEDIUM
TRN-12019,Synthetic Corridor Freight 19,FREIGHT,SEC-NDLS-RE,2025-03-30,12:36:00,13:58:00,12:37:00,14:01:00,3,LOW
TRN-12019,Synthetic Corridor Freight 19,FREIGHT,SEC-RE-AWR,2025-03-30,14:10:00,15:28:00,14:14:00,15:32:00,4,LOW
TRN-12019,Synthetic Corridor Freight 19,FREIGHT,SEC-AWR-BKI,2025-03-30,15:40:00,16:51:00,15:44:00,16:56:00,5,LOW
TRN-12019,Synthetic Corridor Freight 19,FREIGHT,SEC-BKI-JP,2025-03-30,17:03:00,18:31:00,17:08:00,18:36:00,5,LOW
TRN-12021,Synthetic Corridor Freight 21,FREIGHT,SEC-NDLS-RE,2025-03-30,13:30:00,14:52:00,13:35:00,15:00:00,8,LOW
TRN-12021,Synthetic Corridor Freight 21,FREIGHT,SEC-RE-AWR,2025-03-30,15:04:00,16:22:00,15:13:00,16:31:00,9,LOW
TRN-12021,Synthetic Corridor Freight 21,FREIGHT,SEC-AWR-BKI,2025-03-30,16:34:00,17:45:00,16:44:00,17:57:00,12,LOW
TRN-12021,Synthetic Corridor Freight 21,FREIGHT,SEC-BKI-JP,2025-03-30,17:57:00,19:25:00,18:09:00,19:38:00,13,LOW
TRN-12023,Synthetic Corridor Freight 23,FREIGHT,SEC-NDLS-RE,2025-03-30,14:24:00,15:46:00,14:30:00,15:52:00,6,LOW
TRN-12023,Synthetic Corridor Freight 23,FREIGHT,SEC-RE-AWR,2025-03-30,15:58:00,17:16:00,16:04:00,17:23:00,7,LOW
TRN-12023,Synthetic Corridor Freight 23,FREIGHT,SEC-AWR-BKI,2025-03-30,17:28:00,18:39:00,17:35:00,18:48:00,9,LOW
TRN-12023,Synthetic Corridor Freight 23,FREIGHT,SEC-BKI-JP,2025-03-30,18:51:00,20:19:00,19:00:00,20:28:00,9,LOW
TRN-12001,Synthetic Corridor Express 01,EXPRESS,SEC-NDLS-RE,2025-03-31,04:30:00,05:22:00,04:34:00,05:26:00,4,HIGH
TRN-12001,Synthetic Corridor Express 01,EXPRESS,SEC-RE-AWR,2025-03-31,05:28:00,06:18:00,05:32:00,06:22:00,4,HIGH
TRN-12001,Synthetic Corridor Express 01,EXPRESS,SEC-AWR-BKI,2025-03-31,06:24:00,07:09:00,06:29:00,07:15:00,6,HIGH
TRN-12001,Synthetic Corridor Express 01,EXPRESS,SEC-BKI-JP,2025-03-31,07:15:00,08:10:00,07:22:00,08:17:00,7,HIGH
TRN-12002,Synthetic Corridor Express 02,EXPRESS,SEC-NDLS-RE,2025-03-31,04:57:00,05:49:00,04:57:00,05:51:00,2,HIGH
TRN-12002,Synthetic Corridor Express 02,EXPRESS,SEC-RE-AWR,2025-03-31,05:55:00,06:45:00,05:59:00,06:49:00,4,HIGH
TRN-12002,Synthetic Corridor Express 02,EXPRESS,SEC-AWR-BKI,2025-03-31,06:51:00,07:36:00,06:55:00,07:40:00,4,HIGH
TRN-12002,Synthetic Corridor Express 02,EXPRESS,SEC-BKI-JP,2025-03-31,07:42:00,08:37:00,07:47:00,08:42:00,5,HIGH
TRN-12003,Synthetic Corridor Express 03,EXPRESS,SEC-NDLS-RE,2025-03-31,05:24:00,06:16:00,05:26:00,06:19:00,3,HIGH
TRN-12003,Synthetic Corridor Express 03,EXPRESS,SEC-RE-AWR,2025-03-31,06:22:00,07:12:00,06:25:00,07:15:00,3,HIGH
TRN-12003,Synthetic Corridor Express 03,EXPRESS,SEC-AWR-BKI,2025-03-31,07:18:00,08:03:00,07:22:00,08:07:00,4,HIGH
TRN-12003,Synthetic Corridor Express 03,EXPRESS,SEC-BKI-JP,2025-03-31,08:09:00,09:04:00,08:15:00,09:10:00,6,HIGH
TRN-12005,Synthetic Corridor Express 05,EXPRESS,SEC-NDLS-RE,2025-03-31,06:18:00,07:10:00,06:21:00,07:13:00,3,HIGH
TRN-12005,Synthetic Corridor Express 05,EXPRESS,SEC-RE-AWR,2025-03-31,07:16:00,08:06:00,07:19:00,08:11:00,5,HIGH
TRN-12005,Synthetic Corridor Express 05,EXPRESS,SEC-AWR-BKI,2025-03-31,08:12:00,08:57:00,08:17:00,09:02:00,5,HIGH
TRN-12005,Synthetic Corridor Express 05,EXPRESS,SEC-BKI-JP,2025-03-31,09:03:00,09:58:00,09:08:00,10:03:00,5,HIGH
TRN-12006,Synthetic Corridor Express 06,EXPRESS,SEC-NDLS-RE,2025-03-31,06:45:00,07:37:00,06:51:00,07:43:00,6,HIGH
TRN-12006,Synthetic Corridor Express 06,EXPRESS,SEC-RE-AWR,2025-03-31,07:43:00,08:33:00,07:49:00,08:39:00,6,HIGH
TRN-12006,Synthetic Corridor Express 06,EXPRESS,SEC-AWR-BKI,2025-03-31,08:39:00,09:24:00,08:46:00,09:32:00,8,HIGH
TRN-12006,Synthetic Corridor Express 06,EXPRESS,SEC-BKI-JP,2025-03-31,09:30:00,10:25:00,09:38:00,10:33:00,8,HIGH
TRN-12007,Synthetic Corridor Express 07,EXPRESS,SEC-NDLS-RE,2025-03-31,07:12:00,08:04:00,07:15:00,08:07:00,3,HIGH
TRN-12007,Synthetic Corridor Express 07,EXPRESS,SEC-RE-AWR,2025-03-31,08:10:00,09:00:00,08:14:00,09:04:00,4,HIGH
TRN-12007,Synthetic Corridor Express 07,EXPRESS,SEC-AWR-BKI,2025-03-31,09:06:00,09:51:00,09:11:00,09:56:00,5,HIGH
TRN-12007,Synthetic Corridor Express 07,EXPRESS,SEC-BKI-JP,2025-03-31,09:57:00,10:52:00,10:03:00,10:58:00,6,HIGH
TRN-12009,Synthetic Corridor Express 09,EXPRESS,SEC-NDLS-RE,2025-03-31,08:06:00,08:58:00,08:06:00,08:58:00,0,HIGH
TRN-12009,Synthetic Corridor Express 09,EXPRESS,SEC-RE-AWR,2025-03-31,09:04:00,09:54:00,09:05:00,09:55:00,1,HIGH
TRN-12009,Synthetic Corridor Express 09,EXPRESS,SEC-AWR-BKI,2025-03-31,10:00:00,10:45:00,10:02:00,10:49:00,4,HIGH
TRN-12009,Synthetic Corridor Express 09,EXPRESS,SEC-BKI-JP,2025-03-31,10:51:00,11:46:00,10:55:00,11:50:00,4,HIGH
TRN-12010,Synthetic Corridor Express 10,EXPRESS,SEC-NDLS-RE,2025-03-31,08:33:00,09:25:00,08:39:00,09:32:00,7,HIGH
TRN-12010,Synthetic Corridor Express 10,EXPRESS,SEC-RE-AWR,2025-03-31,09:31:00,10:21:00,09:39:00,10:29:00,8,HIGH
TRN-12010,Synthetic Corridor Express 10,EXPRESS,SEC-AWR-BKI,2025-03-31,10:27:00,11:12:00,10:36:00,11:21:00,9,HIGH
TRN-12010,Synthetic Corridor Express 10,EXPRESS,SEC-BKI-JP,2025-03-31,11:18:00,12:13:00,11:27:00,12:24:00,11,HIGH
TRN-12011,Synthetic Corridor Passenger 11,PASSENGER,SEC-NDLS-RE,2025-03-31,09:00:00,10:02:00,09:04:00,10:07:00,5,MEDIUM
TRN-12011,Synthetic Corridor Passenger 11,PASSENGER,SEC-RE-AWR,2025-03-31,10:11:00,11:10:00,10:17:00,11:16:00,6,MEDIUM
TRN-12011,Synthetic Corridor Passenger 11,PASSENGER,SEC-AWR-BKI,2025-03-31,11:19:00,12:12:00,11:26:00,12:20:00,8,MEDIUM
TRN-12011,Synthetic Corridor Passenger 11,PASSENGER,SEC-BKI-JP,2025-03-31,12:21:00,13:27:00,12:30:00,13:36:00,9,MEDIUM
TRN-12012,Synthetic Corridor Passenger 12,PASSENGER,SEC-NDLS-RE,2025-03-31,09:27:00,10:29:00,09:31:00,10:33:00,4,MEDIUM
TRN-12012,Synthetic Corridor Passenger 12,PASSENGER,SEC-RE-AWR,2025-03-31,10:38:00,11:37:00,10:43:00,11:42:00,5,MEDIUM
TRN-12012,Synthetic Corridor Passenger 12,PASSENGER,SEC-AWR-BKI,2025-03-31,11:46:00,12:39:00,11:52:00,12:46:00,7,MEDIUM
TRN-12012,Synthetic Corridor Passenger 12,PASSENGER,SEC-BKI-JP,2025-03-31,12:48:00,13:54:00,12:56:00,14:02:00,8,MEDIUM
TRN-12013,Synthetic Corridor Passenger 13,PASSENGER,SEC-NDLS-RE,2025-03-31,09:54:00,10:56:00,09:59:00,11:03:00,7,MEDIUM
TRN-12013,Synthetic Corridor Passenger 13,PASSENGER,SEC-RE-AWR,2025-03-31,11:05:00,12:04:00,11:12:00,12:13:00,9,MEDIUM
TRN-12013,Synthetic Corridor Passenger 13,PASSENGER,SEC-AWR-BKI,2025-03-31,12:13:00,13:06:00,12:22:00,13:16:00,10,MEDIUM
TRN-12013,Synthetic Corridor Passenger 13,PASSENGER,SEC-BKI-JP,2025-03-31,13:15:00,14:21:00,13:29:00,14:35:00,14,MEDIUM
TRN-12014,Synthetic Corridor Passenger 14,PASSENGER,SEC-NDLS-RE,2025-03-31,10:21:00,11:23:00,10:24:00,11:26:00,3,MEDIUM
TRN-12014,Synthetic Corridor Passenger 14,PASSENGER,SEC-RE-AWR,2025-03-31,11:32:00,12:31:00,11:35:00,12:34:00,3,MEDIUM
TRN-12014,Synthetic Corridor Passenger 14,PASSENGER,SEC-AWR-BKI,2025-03-31,12:40:00,13:33:00,12:43:00,13:36:00,3,MEDIUM
TRN-12014,Synthetic Corridor Passenger 14,PASSENGER,SEC-BKI-JP,2025-03-31,13:42:00,14:48:00,13:45:00,14:52:00,4,MEDIUM
TRN-12015,Synthetic Corridor Passenger 15,PASSENGER,SEC-NDLS-RE,2025-03-31,10:48:00,11:50:00,10:52:00,11:54:00,4,MEDIUM
TRN-12015,Synthetic Corridor Passenger 15,PASSENGER,SEC-RE-AWR,2025-03-31,11:59:00,12:58:00,12:03:00,13:03:00,5,MEDIUM
TRN-12015,Synthetic Corridor Passenger 15,PASSENGER,SEC-AWR-BKI,2025-03-31,13:07:00,14:00:00,13:13:00,14:07:00,7,MEDIUM
TRN-12015,Synthetic Corridor Passenger 15,PASSENGER,SEC-BKI-JP,2025-03-31,14:09:00,15:15:00,14:17:00,15:23:00,8,MEDIUM
TRN-12016,Synthetic Corridor Passenger 16,PASSENGER,SEC-NDLS-RE,2025-03-31,11:15:00,12:17:00,11:15:00,12:18:00,1,MEDIUM
TRN-12016,Synthetic Corridor Passenger 16,PASSENGER,SEC-RE-AWR,2025-03-31,12:26:00,13:25:00,12:27:00,13:28:00,3,MEDIUM
TRN-12016,Synthetic Corridor Passenger 16,PASSENGER,SEC-AWR-BKI,2025-03-31,13:34:00,14:27:00,13:37:00,14:30:00,3,MEDIUM
TRN-12016,Synthetic Corridor Passenger 16,PASSENGER,SEC-BKI-JP,2025-03-31,14:36:00,15:42:00,14:39:00,15:45:00,3,MEDIUM
TRN-12017,Synthetic Corridor Passenger 17,PASSENGER,SEC-NDLS-RE,2025-03-31,11:42:00,12:44:00,11:45:00,12:48:00,4,MEDIUM
TRN-12017,Synthetic Corridor Passenger 17,PASSENGER,SEC-RE-AWR,2025-03-31,12:53:00,13:52:00,12:58:00,13:59:00,7,MEDIUM
TRN-12017,Synthetic Corridor Passenger 17,PASSENGER,SEC-AWR-BKI,2025-03-31,14:01:00,14:54:00,14:08:00,15:02:00,8,MEDIUM
TRN-12017,Synthetic Corridor Passenger 17,PASSENGER,SEC-BKI-JP,2025-03-31,15:03:00,16:09:00,15:12:00,16:18:00,9,MEDIUM
TRN-12018,Synthetic Corridor Passenger 18,PASSENGER,SEC-NDLS-RE,2025-03-31,12:09:00,13:11:00,12:11:00,13:13:00,2,MEDIUM
TRN-12018,Synthetic Corridor Passenger 18,PASSENGER,SEC-RE-AWR,2025-03-31,13:20:00,14:19:00,13:22:00,14:21:00,2,MEDIUM
TRN-12018,Synthetic Corridor Passenger 18,PASSENGER,SEC-AWR-BKI,2025-03-31,14:28:00,15:21:00,14:30:00,15:23:00,2,MEDIUM
TRN-12018,Synthetic Corridor Passenger 18,PASSENGER,SEC-BKI-JP,2025-03-31,15:30:00,16:36:00,15:32:00,16:38:00,2,MEDIUM
TRN-12019,Synthetic Corridor Freight 19,FREIGHT,SEC-NDLS-RE,2025-03-31,12:36:00,13:58:00,12:39:00,14:01:00,3,LOW
TRN-12019,Synthetic Corridor Freight 19,FREIGHT,SEC-RE-AWR,2025-03-31,14:10:00,15:28:00,14:13:00,15:32:00,4,LOW
TRN-12019,Synthetic Corridor Freight 19,FREIGHT,SEC-AWR-BKI,2025-03-31,15:40:00,16:51:00,15:44:00,16:55:00,4,LOW
TRN-12019,Synthetic Corridor Freight 19,FREIGHT,SEC-BKI-JP,2025-03-31,17:03:00,18:31:00,17:07:00,18:35:00,4,LOW
TRN-12021,Synthetic Corridor Freight 21,FREIGHT,SEC-NDLS-RE,2025-03-31,13:30:00,14:52:00,13:33:00,14:55:00,3,LOW
TRN-12021,Synthetic Corridor Freight 21,FREIGHT,SEC-RE-AWR,2025-03-31,15:04:00,16:22:00,15:08:00,16:28:00,6,LOW
TRN-12021,Synthetic Corridor Freight 21,FREIGHT,SEC-AWR-BKI,2025-03-31,16:34:00,17:45:00,16:40:00,17:51:00,6,LOW
TRN-12021,Synthetic Corridor Freight 21,FREIGHT,SEC-BKI-JP,2025-03-31,17:57:00,19:25:00,18:04:00,19:32:00,7,LOW
TRN-12022,Synthetic Corridor Freight 22,FREIGHT,SEC-NDLS-RE,2025-03-31,13:57:00,15:19:00,14:00:00,15:23:00,4,LOW
TRN-12022,Synthetic Corridor Freight 22,FREIGHT,SEC-RE-AWR,2025-03-31,15:31:00,16:49:00,15:35:00,16:54:00,5,LOW
TRN-12022,Synthetic Corridor Freight 22,FREIGHT,SEC-AWR-BKI,2025-03-31,17:01:00,18:12:00,17:06:00,18:18:00,6,LOW
TRN-12022,Synthetic Corridor Freight 22,FREIGHT,SEC-BKI-JP,2025-03-31,18:24:00,19:52:00,18:31:00,20:01:00,9,LOW
TRN-12023,Synthetic Corridor Freight 23,FREIGHT,SEC-NDLS-RE,2025-03-31,14:24:00,15:46:00,14:28:00,15:51:00,5,LOW
TRN-12023,Synthetic Corridor Freight 23,FREIGHT,SEC-RE-AWR,2025-03-31,15:58:00,17:16:00,16:03:00,17:25:00,9,LOW
TRN-12023,Synthetic Corridor Freight 23,FREIGHT,SEC-AWR-BKI,2025-03-31,17:28:00,18:39:00,17:39:00,18:50:00,11,LOW
TRN-12023,Synthetic Corridor Freight 23,FREIGHT,SEC-BKI-JP,2025-03-31,18:51:00,20:19:00,19:02:00,20:30:00,11,LOW
